La première fois,البريمير فوا
honnêteté,هونستي
voyage,كتغادي
avec,مع
Ghadi,غادّي
Marrakech,لمراكش
Viva,فيفا
khwa,خويا
lah,الله
i3awonik,يعاونك
o,و
tari9,طريق
salma,سالمة
Lah,الله
m3ak,معاك
7awl,حاول
akhouya,خويا
Hhhh,ههه
drari,دراري
matqlqoch,ما تقلقوش
rah,راه
ghi,غير
talqinha,طلقينها
kain,كاين
likai3air,لي كايعير
om3asb,ومعصب
fhala,فحالا
habsino,حابسّينو
ikhorj,يخرج
hadchi,هادشي
likatsm3o,لي كاتسمعو
mamnoch,ممنوع
Nariiiii,ناريييي
wach,واش
kayn,كاين
bo3o,بوعو
hhhhhhh,هههههه
Hhh,ههه
h1,واحد
wa7ed,واحد
benj,بنج
Li,لي
mafhmch,ما فهمش
z3ma,زعما
hlef,حلف
thnet,تهنت
kaysom,كايسوم
3j,على شي
het,حيت
blah,بالله
machi,ماشي
whda,وحدة
tmnah,ثمنها
hhhhh,ههههه
Khoya,خويا
l3ziz,العزيز
dima,ديما
Wax,واش
ntoma,نتوما
khot,خوت
ola,ولا
Ch7al,شحال
had,هاد
La,لا
li,لي
kaygolk,كايكولك
we,و
tenere,تينيري
t9al,ثقال
chof,شوف
bnadm,بنادم
ka,كاتشوف
tchof,معاهم
m3ahom,الرعب
ro3b,الرعب
hhh,هعه
Ou,أو
cfmoto,سيفموتو
mt,و خمسين
dyal,ديال
voge,فوج
Si,سي
normal,نورمال
mli,ملي
kat3ammar,كاتعمر
motor,الموتور
katgrati,كاتكراتي
vitesse,الفيتيس
kaydir,كيدير
dak,داك
sout,الصوت
Had,هاد
sot,الصوت
kay3ach9oh,كايعشقوه
ghir,غير
hrayfia,حرايفيا
Ana,أنا
ra,راه
eandi,عندي
gha,غير
cimatti,صيماتي
mt05,مت خمسة
makin,ما كاين
tfargi3,تفركيع
Tagiw,طاكيو
madam,مدام
elbakkali,البقالي
tchof,تشوف
hadi,هادي
hia,هيا
mha,مها
Kon,كون
mChiTo,مشيتو
so9,سوق
bansoda,بانصودة
9alt,قالت
lih,ليه
3ndak,عندك
tchod,تشد
diya,ديال
lor,اللور
Slm,سلام
khouya,خويا
walid,وليد
allahe,الله
ikbre,يكبر
bik,بيك
bekhit,بغيت
nehdre,نهضر
me3k,معاك
Fobya,فوبيا
bne,بن
nseer,نصير
dart,دارت
khdemtha,خدمتها
nadi,ناضي
akhoya,أخويا
rir,غير
lblya,البْلية
b3d,بعد
mnha,منها
ishl,يسهل
alik,عليك
Hna,حنا
mn,من
lhih,لهيه
kyjini,كيجيني
bhl,بحال
ila,إلا
m3xnax,معشناش
g3,كاع
Hiya,هيا
ana,أنا
kathwa,كتحوا
3lax,علاش
a5oya,أ خويا
mili,ملي
katkon,كاتكون
m3a,مع
s7abk,صحابك
katd7ak,كاتضحك
ou,أو
5ok,خوك
m3asb,معصب
Jaybin,جايين
mklkh,مكلخ
b7al,بحال
lmoutchou,الموتشو
okaysnaw,كايتسناو
l7l9a,الحلقة
tnjh,تنجح
Rmook,رموك
3aref,عارف
tri9o,طريقو
om3alem,ومعلم
professionel,بروفيسيونيل
mochkil,مشكل
f,ف
les,لي
voiture,فواتير
des,ديال
particuliers,البارتيكوليي
Wch,واش
katfra9,كاتفرق
bin,بين
niveau,نيفو
temperature,تيمبيراتور
zite,زيت
a,أ
ma,ما
aytle3ch,كيطلعش
l,ل
aspirateur,أسبراتور
Makanmchich,ما كانمشييش
lmrjan,للمرجان
y3ni,يعني
nhar,نهار
nchofk,نشوفك
an9m3k,أنقمك
ah,أه
wlk,ولكن
bch,باش
lkaki,الكاكي
takhdo,تاخدو
9dh,دراهم
10dh,وعشرة
tbi3o,وتبيعو
c,سي
pas,با
logique,لوجيك
Amin,أمين
lalaman,العالم
3lach,علاش
kayd7k,كيدحك
bzez,بزز
hadak,هاداك
gal,قال
chu,شي
haja,حاجة
kad7k,كضحك
wla,ولا
mrid,مريض
hwa,هوا
li,اللي
dar,دار
chi,شي
sbla,سبْلة
Bach,باش
hya,هيا
haka,هكا
Ahsen,أحسن
meroki,مروكي
fl,ف
l3alam,العالم
tahya,تحية
Ah,أه
kan3rf,كانعرف
oujda,وجدة
9an3ihom,قنعيهم
akhti,أختي
ma3endiiich,ما عنديش
jehd,جهد
khliw,خليو
koora,الكورة
lwste,فالوسط
ayrj3ou,ويرجعو
bjoj,بجوج
yn3sou,ينعسو
loure,اللور
Imta,امتا
lmatch,الماتش
be3da,بعدا
nika7,نكاح
lbassari,البصري
M3rfatchi,معرفاتشي
regragi,ريغراغي
fra3,فراع
luis,لويس
enrique,إنريك
5as,خاص
daba,دابا
nl9aw,نلقاو
hl,حل
ldifa3,للدفاع
Hit,حيت
mchi,ماشي
basis,باصيص
yamik,ياميك
farah,فرح
s3ib,صعيب
chrfo,شرفو
wradi,ورادي
yzido,يزيدو
chhour,شهور
kora,كورة
ghdi,غدي
tb9a,تبقى
centre,السنطر
mghdich,ماغديش
tl3eb,تلعب
3rafti,عرفتي
radi,غادي
tabda,تبدا
tasma3,تسمع
r9am,رقم
khayaliya,خيالي
hp,إتش بي
rada,غادي
twali,تولي
bhal,بحال
passion,باسيون
Klma,كلمة
mayfhmha,مايفهمها
ghyr,غير
3aychha,عايشها
kAlma,كلمة
mayfhmha,يفهمها
ultras,أولتراس
per,بير
la,لا
vita,فيتا
dakchi,داكشي
l3aba,اللعابة
d,د
barca,بارصا
makaytsaboch,ماكايتصابوش
ligament,ليغامون
Awdi,أودي
inajik,ينجيك
man,من
wahad,واحد
no3,النوع
taikon,تيكون
kabar,كبر
la3yalate,العيالات
walh,والله
ihayad,يحيد
Lik,ليك
masmom,مسموم
okanin,وكاينين
wld,ولد
lablad,لبلاد
taidrab,تايضرب
gir,غير
FAL,فالمرايا
mraya,المرايا
tai3tik,تايعطيك
tri9,طريق
3ajbtni,عجبتني
hulix,هوليكس
RE,ري
DA,دا
hna,هنا
3awtani,عاوتاني
ghadi,غادي
yjiw,يجيو
3andk,عندك
nta,نتا
mdouble,مدوبل
liman,اليمين
kda,وكدا
bnadam,بنادم
gha,غا
sama3,سامع
sfi,صفي
Doz,دوز
l3ndna,لعندنا
ba9in,باقيين
wa7lin,واحلين
Hhhhhhhh,هههههه
machatich,ماجاتيش
toit,طوا
panoramique,بانوراميك
tilas9ouh,تيلصقوه
Onta,أنت
so9k,سوقك
Lhayaaat,الحياة
ghyer,غير
3adiila,عادلة
Bnadm,بنادم
mchal9mo,مشلقمو
lhsad,الحساد
isahl,يسهل
kol,كل
wahd,واحد
Wayli,ويلي
ti,تيت
tmazakche,تتمازكش
lagnawi,لغنوي
kant,كنت
kantsnah,كنتسناه
y9ol,يقول
lferda,الفردة
sa3a,ساعة
khaf,خاف
ydikala,يديكالا
Mike,مايك
dean,دين
gadd,گد
lbeat,البيت
mashi,ماشي
Pharrell,فاريل
3adie,عادية
okandirha,كاننديرها
Ka,كايريسكيو
yriskiw,كايريسكيو
z800,ز ثمن
jrit,جريت
b7ala,بحالا
homa,هما
jiboha,يجيبوها
rashom,راشهم
Hadak,هاداك
dada,دادا
Awdi,أوودي
lk,لك
2M,إم
l,ف
aoula,الأولى
hhhh,ههه
Borojola,بوروجولا
hada,هادا
classement,كلاسمون
films,أفلام
d'actions,دأكشن
braquage,براكاج
Rak,راك
zgalti,زغلتي
L'idee,ليدي
hia,هيو
anaho,أنو
l'evaluation,ليفالياسيون
du film,دالفيلم
en se basant,أون سو بازان
sur le,سير لو
No,نو
inside man,إنسايد مان
man on a ledge,مان أون أ ليدج
the town,ذا تاون
the bank job,ذا بانك جوب
khuya,خويا
ra2yok,رأيك
yo7taram,يُحترم
khas,خاص
bzf,بزاف
les modif,لي موديف
akhuya,خويا
l7ulm,الحلم
dial,ديال
hergawa,هرغاوا
Mais,ميس
meskin,مسكين
Ghadi,غادي
tkoun,تكون
ahesan,أحسن
lahda,لحظة
hyato,حياتو
Ga3,كاع
lighydir,ليغيدير
m3ah,معاه
mcha,مشا
dewzo,دوزو
wja,وجا
Said,سعيد
Lasmar,لاسمار
hyad,يحيد
fik,فيك
lkhdaym,الخدايم
Seraha,صراحة
fhad,فهاد
lwa9t,الوقت
bnadem,بنادم
idkhal,يدخل
raso,راسو
7san,حسن
kahirafi,حرفي
flamikanic,ف لاميكانيك
essence,إيسونس
ahsan,أحسن
Ayman,أيمن
Jbari,جباري
fkkr,فكر
mzyaaan,مزيان
9iissa,قصة
tji,تجي
mea,مع
lkhir,الخير
likadir,لي كادير
bravo,برافو
elik,عليك
mais,ميس
makant,ما كانت
hta,حتا
qiisa,قصة
makanoch,ماكانوش
l,لي
missions,ميسيون
ra,را
bhala,بحالا
makadir,ماكادير
walo,والو
alah,والله
iwwf9ek,يووفقك
brother,خويا
rak,راك
250dh,ميتين و خمسين درهم
wa7d,واحد
villa,فيلا
mkriya,مكرية
nhar,النهار
b,ب
1000dh,ألف درهم
M3a,مع
galtha,گالتها
mchiti,مشيتي
kriti,كريتي
Villa,فيلا
lwahd,لواحد
3ziz,عزيز
3li,علي
wkh,وخا
mkn3rfkchi,مكنعرفكشي
Katl9ah,كاتلقاه
umi,أمي
maqarich,ماقاريش
edayro,أيديرو
tema,تما
Radi,غادي
n9alab,نقلب
3la,على
war9a,ورقة
Saraha,صراحة
wa3ere,واعرة
dirohe,ديروه
blile,بالليل
Fg3,فكاع
videos,الفيديوهات
tadwi,تدوي
abch,باش
dwi,دوي
Chef,الشيف
ali,علي
tbarklah,تبارك الله
machallah,ماشاء الله
3lik,عليك
ki,كيعجبني
3jebni,كيفاش
ka,كاتبارطاجي
tpartager,المعلومة
lma3louma,مع الناس
Chnu,شنو
smit,سميت
sebardila,سبارديلة
labs,لابس
chaos,خاوس
Ouali,الوالي
hak,هاك
Mahmoud,محمود
3alam,علام
Wa,و
lm3lm,المعلم
Oussama,أسامة
Abbou,عبو
Mohlika,موهليكا
officiel,أوفيسييل
rajal,راجل
akhali,أخالي
khasak,خاصك
trayah,ترتاح
meah,معاه
tbadla,تبدل
rayyaa,رايك
dyalk,نتا
Aslan,أصلان
rtitab,ارتداد
alkaekae,الكعكاع
bhalak,بحالك
3arf,عارف
bamat,بلا ما
ngolk,نگولك
hchamt,حشمت
nsabak,نسابقك
tn9az,تنقز
ala,على
Bsa7tk,بصحتك
Sir,سير
galik,قاليك
Machaellah,ماشاء الله
lhayat,الحياة
tabi3ya,الطبيعية
otahyati,وتحياتي
okhti,أختي
lghzala,الغزالة
lmouhtarama,المحترمة
thouraya,ثريا
birojola,بالرجولة
makintiw,ماكنتوش
kadir,كاديرو
loton,اللوتون
ohada,وهادا
howa,هو
sawtk,صوتك
siiir,سير
lrap,الراب
makrahnax,ماكرهناش
lahti,لحتي
lina,لينا
xi,شي
track,تراك
xkon,شكون
mtaf9,متفق
m3aya,معايا
Tbrklah,تبارك الله
Mabghithach,مابغيتهاش
lik,ليك
koun,كون
b9iti,بقيتي
fzn9a,فالزنقة
sohil,سهيل
hram,حرام
M3rftch,معرفتش
mnin,منين
kyti7o,كيطيحو
afkar,الأفكار
Abdelaziz,عبد العزيز
El,المكودي
Makoudi,المكودي
tena,تينا
wlh,والله
hhhhhh,هههههه
blati,بلاتي
tkhlees,تخلص
mazal,مازال
layn3ltbonmkmo,الله ينعل بو مكُّم
Hhhh,ههههه
3alm,عالم
khona,خونا
Rida,رضا
Touil,طويل
maxi,ماشي
Khalid,خالد
Orao,أوراو
lakhor,لاخور
kihssab,كيحساب
kigol,كيقول
fiha,فيها
sdae,صداع
Tara,تارا
b9alk,بقالك
tnikoo,تنيكو
mkenas,مكناس
chadin,شادين
9hwa,قهوة
kantssnaw,كانتسنوا
constator,كونستاتور
nari,ناري
ach,آش
Amiri,أميري
hhhhhhhhhhhhh,هههههههههه
O9sim,أقسم
billah,بالله
wahed,واحد
kont,كنت
mor,مور
Sh,ش
labes,لابس
casque,كاسك
dyalo,ديالو
we9afna,وقفنا
fdaw,فضو
hmar,حمار
kanchof,كنشوف
fih,فيه
fhal,فحال
hayda,هايدا
hbet,هبط
ftah,فتح
topcase,طوب
motor,موتور
jbed,جبد
mno,منو
chapeux,شابو
gucci,غوتشي
olebso,ولبسو
orja3,ورجع
khxah,خشاه
baliza,باليزة
hhhhhhhhh,هههههه
khesara,خسارة
kan,كان
khso,خصو
itsewar,يتصور
hhhhhhhhhh,هههههه
Hada,هادا
hawa,هو
ljadid,الجديد
Katsd9,كتصدق
mra,مرة
tbarkllah,تبارك
dirlna,ديرلنا
yrhmlk,يرحم
lwalid,الواليد
z1000,ز ألف
z800,ز تمنمية
Lmraya,المرايا
l7ala9,الحلاق
vu,فو
Lwlidd,الوليد
bki,باكي
kyfwj,كيفوج
Rijal,رجال
Bissoumat,بيسومة
Youssef,يوسف
kolchi,كلشي
3lih,عليه
yhafdo,يحافضو
likom,ليكم
O9sim,أُقْسم
Sh,الشّْ
casque,الكاسك
we9afna,وَقَفنا
fdaw,فْالضو
hmar,الحْمار
kanchof,كنتْشوف
fhal,فْحال
hbet,هْبَط
ftah,فْتح
topcase,التوبكيس
motor,الموطور
jbed,جْبد
mno,منُّو
chapeux,الشّابو
olebso,و لْبْسُو
orja3,و رَجَّع
khxah,خْشَاه
f,فْ
baliza,الباليزة
khesara,خْسارة
khso,خَصُّو
itsewar,يْتْصَوَّر
hawa,هوا
Katsd9,كاتْصْدَق
tbarkllah,تبارك الله
dirlna,ديرْ
yrhmlk,يرحمْ
z1000,الزيد ألف
z800,الزيد تمنمية
Lmraya,لمْراية
Lwlidd,الوْليد
bki,بْكي
kyfwj,كَيْفوّج
kolchi,كُلشي
But,بُوت
Star,ستار
Haaland,هالاند
Walh,و الله
akheya,أخي
ktechafni,كْشافني
m3raftche,ما عْرَفْتْش
3lache,علاش
3inke,عينيك
daimne,دايماً
fiheme,فيهُمْ
lhe,لْهَم
yefawjha,يْفوّجها
Lach,لاش
za3ma,زعما
mhayd,مْحَيَّد
cabli,كابلي
kontour,الكونطور
troch,تْرش
fin,فين
tbri,تبغي
tbi3ha,تبيعها
tgoli,تقولي
Kant,كانت
wa9fa,واقفة
hawl,حاول
maroc,المغرب
macharyan,ما شاريان
mochkil,موشكيل
fina,فينا
hna,حنا
tanrocho,تنرشو
ba3diyatna,بعضياتنا
Hhhh,هههه
ishb,يْشْبَهْ
ga3,كاع
nass,الناس
kaykloo,كيكلو
tban,تبن
yak,ياك
wa5a,واخا
ta7d,تحيد
ta,حتى
lmkina,المكينة
ghaa,غا
rata7,ارتاح
awdi,آ
ajami,أجامي
Subhna,سبحان
hasit,حسيت
khalast,خلصت
a3lih,عليه
llah,الله
isahal,يْسهَلْ
a3lik,عليك
hchouma,حشومة
Sahbi,صاحبي
mwalaf,موالف
ta3ti,تعطي
Dari,الدَّارِي
li,ديال
péage,البيّاج
9ar3a,قَرْعَة
choklata,شوكلاطة
hhh,ههه
5aiinin,خَايْنِين
hh,هه
Momkin,ممكن
na3rafe,نعرف
kin,كاين
fmarakch,فمراكش
ihafedak,يحفظك
Khona,خونا
kay,كاي
3arfch,يعرفش
w7ech,وحش
Mostafa,مصطفى
Él,إل
Lmorphine,لمورفين
ay9ona,أيقونة
lbkya,لبكية
dart,درت
moura,مورا
lbac,الباك
Hadik,هاديك
casa,كازا
anfa,أنفا
3rafta,عرفتها
dik,بديك
Hôtel,Hôtel
D,D
Barcelo,Barcelo
Hit,حيث
Kont,كنت
kanmchi,كانمشي
Tma,تما
Bzaaaf,بزاف
Yassine,ياسين
El,المحارش
m7arech,م7arech
Abdeladim,عبد العظيم
Taté,تاتي
dawi,داوي
mohamed,محمد
bach,باش
3raftih,عرفتيه
kisra9,كيسرق
WiFi,WiFi
Bin,بينو
bin,وبين
Rap,الراب
Ghir,غير
lkhair,الخير
i7san,الإحسان
Mliii7,مليييح
3ndo,عندو
mouchkil,مشكل
compressor,كمبريسور
kaykhdlo,كايخدمو
khso,خاصو
yriglo,يريكلو
Teclab,تيكلاب
BA,BA
2A,جوج A
Kane,كان
la3ib,لاعب
ta,تا
himar,حمار
wahchi,وحشي
hhhh,هههه
maystahlch,مايستاهلش
il3ab,يلعب
coupe,كوب
Amine,أمين
MA,ما
tra,طرا
lia,ليا
lblan,لبلان
sezar,سيزار
ichahrar,الإشهار
irahmo,يرحمو
Kifach,كيفاش
bloc,بلوك
tatgolha,تاتقولها
Hâķïm,حكيم
Bøúohoya,بوحيويا
galeeh,گال
ja3raan,جعران
hoya,هو
7na,حنا
nchodo,نشدو
wsafi,وصافي
asi,آ
hsan,حسن
nmchw,نمشيو
nt3lim,نتعلم
sia9a,سياقة
ntresian,لترسيان
chmali,شمالي
Awdi,آ ودي
vis,الفيس
ay,أي
ta7iyati,تحياتي
khoya,خويا
med,مد
Ghi,غي
M2,إم
jsen,حسن
khriti,خريت
fdak,فداك
studio,ستوديو
wmatghnich,وماتغنيش
lhmoda,اللحمودة
tzzzzzz,تزززز
izlan,أيزلان
okhna,وخنا
1000Dh,ألف درهم
thyd,تحيد
lmaja3a,المجاعة
soudan,السودان
aw9,أو ق
Ara,آرا
3liha,عليها
ans,سنين
Mahamawda,المحمودة
howa,هوا
next,نيكست
fda7aya,فالضحايا
Kyn,كاين
fr9,فرق
krwazma,كروازما
mt9ada,متقادة
obin,وبين
droba,دروبة
lknti,لا كنتي
ghdi,غادي
fTri9,فطريق
kbira,كبيرة
whd,واحد
khrj,خرج
drb,درب
mkhskx,ماخصكش
t3Tih,تعطيه
asb9ia,الأسبقية
dir,دير
video,فيديو
rla,على
montage,مونتاج
fares,لفار
secours,سكور
Signal,سينيال
ihfdek,يحفظك
Mn3,من
hsn,أحسن
Drari,دراري
nl9a,نلقى
album,ألبوم
dialo,ديالو
Wach,واش
spotify,سبوتيفاي
Matgolch,ماتقولش
aykherj,أيخرج
ybda,يبدا
ybki,يبكي
3awtani,عوتاني
kif,كيف
l3ada,العادة
Hhhhhh,هههههه
nadi,نادي
dert,درتي
demo,ديمو
oghnia,أغنية
deyal,ديال
laaras,الأعراس
3chyri,عشيري
ghanpartajih,غانبارتاجيه
kokchi,كلشي
aala,على
moulat,مولات
sefar,الصفر
Hafifak,حفيظك
allah,الله
bonne,بون
courage,كوراج
continuation,كونتينواسيون
almarra,المرة
jaya,الجاية
alhadra,الحضرة
taourirt,تاوريرت
et,و
berkane,بركان
zide,زيد
za3tare,زعتر
touma,تومة
otfakarni,وتفكرني
bhalaha,بحالها
kansayboha,كنصايبوها
fcasa,فكازا
wahade,واحد
mnhome,منهم
otahiyati,وتحياتي
Wadie,وادي
Gr,جي آر
9bel,قبل
maybanlk,ما يبان لك
lvid,الفيديو
wlhta,والله حتى
3mrni,عمرني
drtrlk,درت لك
DFK,دي إف كاي
hiya,هيّا
K,ك
tkhadat,تخذات
hit,حيت
jaya,جاية
kaliémie,كاليمية
potassium,البوتاسيوم
hwa,هو
lkythkaam,كيتحكّم
bda,بدا
kid7k,كيدحك
hhh,ه
Chi,شي
adbr,أدبر
lmontif,لموتيف
7di,حدي
rask,راسك
bgha,بغا
marhba,مرحبا
bih,بيه
lhay,في الحي
mohamadi,المحمدي
Ma3rfox,ماعرفوش
tafo9ax,تا فوقاش
magtlox,ما قالولوش
maw9fin,موقفين
7d,حد
Sega3e,سگّاع
Nta,نتا
tyara,طيارة
asi,أسي
esama,أسامة
Hrb,هرب
lma,الما
lytrch,ليترش
walah,والله
kanchfom,كانشوفهم
kayd5ol,كيدخلوا
aliya,علية
law9at,الأوقات
Yalah,يالله
wliti,ولي
kat gol,كاتقول
rassi,راسي
fotif,فوتيف
hta,حتى
9ayadto,قيدتو
constater,كونستاتور
hargawa,هرگاوا
katro,كتروا
sads,سادس
Yak,ياك
feh,فيه
1.80,واحد فاصلة ثْمانين
fe,ف
stream,ستريم
Hadi,هادي
7ta,حتى
lmra,لمرا
7sn,حسن
rrajl,راجل
Sbhan,سبحان
lh,الله
shabk,صحابك
baslin,باسلين
t9al,تقال
ela,على
l9lb,القلب
Mliha,مليحة
Ila,إلا
n9a,نق
khososan,خصوصا
rabbit,رابيت
pacific,باسيفيك
HTA,حتا
match,ماتش
wakha,واخا
9lila,قليلة
chwia,شوية
Golf,غولف
origin,أوريجين
n9a,نقَا
design,ديزاين
harb,هرب
kanet,كانت
3andi,عندي
rakeb,راكب
fhdid,فحديد
haute,هوت
gamme,غام
Ntkrwaza,نتكروازا
maymkench,ما يمكنش
matirch,ما تيرش
intibah,انتباه
Matkhaf,ما تخاف
jrad,جْراد
chhal,شحال
basllin,باسلين
bark,بارك
katlss9,كاتلصّق
fena,فينا
chii,شي
kaliimat,كلمات
dik,ديك
samsung,سامسونغ
dayra,دايرة
meak,معاك
lmzyaan,لمزيان
Ban,بان
3endna,عندنا
ndiro,نديرو
tahiya,تحية
okhawiya,وخاوية
lhedra,الهضرة
likatgol,لي كاتقول
merhba,مرحبا
oweld,وولْد
ceylander,سييلندر
kola,كولّا
ciylander,سييلندر
3.6L,تلاتة فاصل ستة لتر
max,ماكس
speed,سبيد
234km/h,ميتين وأربعة وتلاتين كيلومتر في الساعة
mochkil,المشكل
seystem,سيستيم
d'injection,دانجيكسيون
classic,كلاسيك
kon,كون
kant,كانت
novell,نوفيل
jeneratoin,جينيراتيون
d'anjection,دانجيكسيون
chdat,شدات
la3b,اللعب
wyak,وياك
fkola,فكول
knglso,كنجلسو
7mar,حمار
mol,مول
tomobil,الطوموبيل
lokn,لو
7bass,حبس
ychof,يشوف
klab,كلاب
wachta,واشتا
sralo,سرى
onsniya,إنسانية
m3ndouch,ما عندوش
mazot,مازوت
haz,هز
lisans,ليسانس
khfti,خفتي
ytfrg3,يتفرڭع
tch3l,تشعل
3fya,عافية
hrab,هرب
jonon,جنون
l3adama,العظمة
ol,وال
wswas,الوسواس
bash,باش
galt,قالت
liik,ليك
darori,ضروري
nhdar,نهضر
mero,ميرو
chda9,شداق
rzal,رزال
Knt,كنت
m3rfto,ما عرفتو
Mnin,منين
tl3,طلع
Moaad,معاد
Zahr,زهر
ha,ها
mo,مو
Waliti,ولي
kat3atal,كاتعطّل
khay,خاي
dalali,دلالي
Salm,اللي
machakil,مشاكل
fdar,فالدار
l3aila,مع العائلة
zawj,مع الزوج
lkhas,للخاص
atrhmliya,ترحّم
lwalidin,الوالدين
Librat,اللي
nkhdam,نخدم
liha,ليها
da9a,دقة
batla,باطلة
iji,يجي
kayjri,كيجري
9assmn,قسماً
bila,بالله
lkhdma,الخدمة
wa3ra,واعرة
fhadchi,فهادشي
tjini,تجيني
mchmoot,مشموت
Wlah,والله
hbibi,حبيبي
kent,كنت
hass,حاس
9aysek,قايسك
Bsshtkom,بصحتكم
3aychin,عايشين
l7ob,الحب
Dk,ديك
kricha,كريشة
3adak,عندك
hadra,هضرة
3anmot,عانموت
t9awd,تقود
mklakhe,مكلاخ
indriv,إندريف
Rafi999,رفيق تسعمية وتسعة وتسعين
dima,ديمة
wac,واش
hamid,حميد
ctm,سي تي إم
station,صطاسيون
kech,كش
Tkharbi9,تخاربيق
dam,الدم
kaytakhdam,كيتخدم
taksa,تكسى
nsa,نسا
hdi,هدي
trimtak,تريمتاك
khatra,الخطرة
dayer,داير
green,غرين
screen,سكرين
l7mar,الحمار
FIH,فيه
39lou,عقلُو
O,و
9bal,قبل
ans,أنس
dilyas,ديالياس
kho,خو
ilyass,الياس
Ilyas,الياس
elmaliki,المالكي
yaaaaaa,ياااااا
rajel,راجل
talach,تلاّش
7assnti,حسّنتي
le7ya,لحية
yahad,يهاد
Ya,يا
rrabi,ربي
tassma7,تسامح
wlik,وليك
Ma3raft,ما عرفت
makadkhol,ما كدخل
lkhatar,الخاطر
Husam,حسام
3chiri,عشيري
slm,سلم
bzaf,بزاف
Khouya,خويا
hamza,حمزة
al3atifa,العاطيفة
khafifi,خفيفي
nyt,نيتك
kanbghi,كانبغي
raja,رجاء
walakine,ولكن
kha,خو
Hamza,حمزة
hi,هي
khriti,خريتي
smiyate,سميات
kidairine,كيديرينة
maysstahlch,مايستاهلش
tenue,تنيو
Banoon,بانون
7ssen,حسن
menno,منو
mal3bch,مالعبش
doublure,دوبلور
assasi,أساسي
lawal,الأول
ta3tik,تعتيك
ta3tik,ديالك
Mehdi,مهدي
Khalouf,خالوف
welah,والله
nsa7bo,نساعبو
tizek,تيزك
tahowa,تهوا
Kan,كان
Mikhali,مخالي
bhalna,بحالنا
loudaya,لوداية
Wa,وا
ls9aaaa,السقاع
makayn,ماكاين
sifat,صفات
pause,pause
gadak,قدك
zbi,زبي
dL'morphine,ديال لمورفين
m'inspiri,م'انسبيري
dexter,ديكستر
rule,رول
number,واحد
ftmerphine,فتمورفين
dal3lo,دلعلو
Abdouelali,عبد العالي
Harkouzi,حركو زي
der,در
nefs,نفس
sa7bi,لصاحبي
Ismail,إسماعيل
Lmesfioui,لمسفيوي
hadchi,هاضي
ngol,نقول
Zindin,زندين
Se,سي
MOANING,موانينڭ
LI,لي
KIDIRO,كيديو
97AB,سبعة وتسعين
AFRIBABA,افريبابا
AZBI,ازبي
Ach,آش
dayr,داير
fi,في
wadno,ودنو
salib,ساليب
osamho,واسمحو
liya,ليا
hata,حتا
chatoh,شتوها
3la,علا
ghabra,ڭبرا
Hmmmm,همممم
As3mooooo,أسمو
Diro,ديّرو
les,لِس
signalé,سيڭالاي
yb9a,يبقا
endo,إندو
mod,مود
Wahd,واحد
3andek,عندك
babak,باباك
3tak,عتاك
l7ayat,الحياة
ykhlaf,يخلف
3ala,علا
papa,بابا
Mdina,مدينة
kula,كل
ydber,يدبر
lkro,كرشو
ghi,غي
sir,سير
chibani,شيخاني
l7atek,لحاتك
Tafaha,تفاه
adrari,أدراري
khsk,خصك
t3ti,تعطي
lbnadm,بنادم
istafd,استفد
stop,ستوب
Farou9,فاروق
dawz,دوز
tark,ترك
Rah,راه
shayabha,شيابها
n3al,نعال
walidin,والدين
i3tik,يعطيك
fzekk,في الزك
darti,درتي
gaaa3,كاع
sda3,سدّع
ras,راس
fl,في
mawa9i3,المواقع
haw,هاو
yalatif,يا لطيف
msad3o,مسدّع
Khdam,خدام
w3mal,وعمال
flos,فلوس
alflos,الفلوس
ali,اللي
blhal9at,بالحقّات
nmxo,نمشو
n3amloham,نعاملوها
fjma3,في جماعة
alfna,ألفنا
fdik,في ديك
mrakax,مراكش
tmot,تموت
10k,عشرة
dsargala,دسرڭالة
9lss,تسّع
syd,لسيد
hyd,هيد
lmizan,الميزان
lbiro,البيرو
wa,وا
in3al,ينعل
tabon,طابون
mok,موك
ghi,ڭي
t9wad,تقود
yn3al,ينعل
tbon,طابون
Ktbi3,كتبيع
lhot,لحوت
fhl,في
nas,الناس
oktgol,وكتڭول
knt3awn,كنتعاون
lmaskin,المساكين
S7ab,سحاب
kerro,كرو
fel,في
9obba,القبة
dyl,ديال
berlamane,البرلمان
Bsaliti,بساليتي
bditi,بديتي
tratab,تراتاب
dkhol,دخول
karak,كراك
khir,خير
Kichti,كيشييتي
tafartih,تفارتيه
wa9f,واقف
f,في
janb,جنب
tl9a,تلقى
3ando,عندو
master,ماستر
tab3a,طباع
kifach,كيفاش
chkawi,شكاوي
tarma,ترما
Nadi,ناضي
oktr,أكتر
vidyohat,فيديوهات
trinag,ترينڭ
lmostawa,المستوى
motawasit,متوسط
chwiya,شوية
bla,بلا
Montag,مونتاج
vvidyohat,فيديوهات
nadyin,ناضي
brojol,بروجول
Les,ليس
accessoires,اسيسوار
la,لاموتوس
très,تري
importantes,مهمة
andi,عندي
cool,كول
Hheihhrih3uggeiehi3hdhv3fj4ibcdjfhivfu,ههيهريهڭيهيههدحففجأربعةيبسدجفحيفوفو
dhchf,دشف
Maybe,ممكن
Mouad,موعد
z3em,زعيم
Ax,آش
lkhra,لخرا
mal,مال
fmk,فمك
tatfrani,تتفراني
bieh,بيه
chari,شاري
kask,كاسك
dah,داه
fo9,فوق
wlha,والله
7a9dni,حڭدني
1200dh,ألف ومئتين درهم
mechat,مشات
kanksb,كانكسب
3adi,عادي
ta3,تع
120dh,مية وعشرين درهم
wlah,والله
la n3as,لا نعاس
fkhatro,فخاطرو
tahwa,تهوا
9ad,قدام
afomak,فومك
Ma9siyin,معقسيين
ch7al,شحال
Kitelecharger,كيتلشارجيه
Utorrent,يوتورنت
makinf3,ما كنفى
Ma,ما
ki,كيسوبير
suporter,كيسوبير
7ta,حتا
série,سيري
ga3,ڭاع
Oki3ti,اوكيعتي
ra2yo,رايوه
game of thrones,ڭيم اوف ترونس
khassro,خسرو
2 seasons,سيزونين
lkhrin,لخريين
chkon,شكون
3rf,عرف
bli,بلي
glso,ڭلسو
mora,مورى
lvidyo,لفيديو
ihfdkom,يحفدكوم
l3in,العين
achbab,اشباب
7mida,حميدة
setar,سطار
kay3ti,كيعطي
had,لهاد
nou3,النوع
selya,سليا
Khasha,خاشة
yhakha,يحكا
mzn,مزن
tabrad,تبرّد
Khoyti,خوتي
3ezaz,عزيز
Dando,داندو
pro,برو
radjla,راجلة
doka,دوكا
drto,درتو
porno,بورنو
hsnlikom,حسن ليكوم
men,من
chouha,شوهة
3gouba,عقوبة
3okacha,عكاشة
Dkhl,دخل
3ndi,عندي
l9ana,لقانا
dir,در
motaba3a,متابعة
layhfdk,ليه حفظك
Wax,واخ
yialh,يالاه
waslok,واسلوك
diask,ديسك
Hta,حتا
kano,كانو
gor,جور
sar9o,سرقو
téléphone,التليفون
khashome,خاشوم
lhabse,للحبس
tfouuuu,تفوّووو
forma,فورما
lakhra,الخرا
Mo3awa9a,معاوضة
meskina,مسكينة
Bdito,بدّيتو
sa3aya,سعاية
l7acharat,للحشرات
3alae,علاء
ma3nda,ماعندوش
taba3,تباوع
kytkom,كيتكوم
t9ylo,تڭيلو
tnfkhoo,تنفخو
Fra3ti,فراعتي
krna,كرنا
akhtii,أختي
nti,نتي
rajlaak,راجليك
ghir,ڭير
nhawik,نهاويك
do9mk,دوڭمك
Daba,دابا
jwaj,جوج
rojola,الروالة
lmghreb,المغرب
El Mehdi,المهدي
Gastoune,كاستون
jrya,جرى
kay dir,كيدير
rudiguer,روديڭير
fach,فاك
katkoun,تكون
la3b,لاعب
ela,إلا
lhbot,لهبوت
3andak,عندك
l9alwa,القلوا
tmout,تموت
Ras,راسي
tjbed3lih,تجبدلي
bent,بنت
9ahba,قهبة
lonika,لونيكا
rajlk,راجلك
NTI,نتي
ka dhri,كاضري
hssen,حسن
Meno,منو
tanian,تانيان
Ra,را
chwahtona,شوهتنا
F,ف
l'Europe,أوروبا
ma kainach,ما كاينش
ya,يا
wlad,ولاد
lkhab,الخاب
daroh,دارو
selmin,سلميين
Howa,هوا
beyedo,بيديو
khesoo,خصو
yjerii,يجري
morah,وراه
Mskina,مسكينة
m9daha,مقداها
farha,فرحة
Iwa,إوا
chno,شنو
likom,ليكوم
ntmna,نتمنى
rabi,ربي
yhrmna,يحرمنّا
rajil,راجل
haxa,هاكس
Ikon,يكون
mafehxe,مافهكس
nesma,نسمة
de,د
rojolaa,روجولا
tfoo,تفو
Fin,فين
5liti,خليتي
bzazlk,بزازلك
Nari,ناري
ma3andhach,معنديش
bzazal,بزازال
Winston,وينستون
safi,صافي
Ha,ها
l9hiba,لهيبة
oha,وها
swimil,سيميل
Hadchi,هادي
ki,كيديرو
diroh,دي
gha,ڭا
9lal,ڭلال
trabi,ترابي
Kayjri,كيجري
khba,خبة
les,ليس
règles,ريڭل
LA,لا
SDAR,صدار
KARR,كرر
F7AL,فحال
TAYRA,طيرا
BGARR,بڭار
Awil,أول
chwha,شوهة
Bghina,بغينا
c50,خمسين
malginaha,مالڭيناه
3ad,عاد
super,سوبر
Car,كار
Dini,ديني
Sma3t,سمعت
disQ,ديسك
oriskit,وريسكيط
Machi,ماشي
khayb,خايب
dyotiiii,ديوتي
Chkoun,شكون
7assen,أحسن
Chkon,شكون
rayatzawaz,راي تزواج
bwas3a,ببساطة
tfo,تفو
alkhanza,الخانزة
Ba3alla,باغى
wakha,والا
jalda,جلدا
kahla,كحلا
l9alb,القلب
byad,بيض
Ahesan,أحسن
3acheran,عاشرن
lay,لاي
khalikom,خليكوم
ba3ediytkom,بعديتكوم
Sari,ساري
lh,له
sahli,سهلي
dh,ديال
la3b,لعب
gta,جي تي أ
3xirk,أخيرك
wax,واش
5tk,ختك
haka,هكاك
hnina,حنينة
mistara,مستار
m3rt,معرف
htitha,حطها
Ba3alla,باغي
7agrinak,حكرناك
aeshiriii,أشييري
bayan,باين
Liya,ليا
Kayn,كاين
brojola,بروجولا
apar,أبار
fhadi,فهادي
ba3la,باغى
Ta,تا
ser,سير
thhwa,تهوا
tl3ti,تلصتي
lya,ليا
facebook,فيسبوك
ylh,يله
thnina,ثنينة
l7moda,اللحمودة
dylk,ديالك
malk,مالك
asahbi,أصحابي
halala,الحالة
rebi,ربي
yr7amhaaa,يرحمها
Fine,فين
kanya,كاينا
bali,بالي
Siri,سيري
tkhdmo,تخدمو
raskom,راسكوم
l7lal,للحلال
7diw,حديو
lkhwa,الإخوة
lkhawi,الإخوة
nas,ناس
katmout,كاتموت
bjo3,بالجوع
toma,توما
diro,ديرو
lkdoub,لقدوب
dyalkom,ديالكم
LAH,الله
Dake,داك
safa,صفاء
rire,ريرة
se3ay,سعاي
3afak,عافاك
tala3ni,طالعني
ntoma,نتومة
rojola,رجولة
mahdi,مهدي
bzff,بزاف
golih,قوليه
khalti,خالتي
3ira,عيرا
gito,جيتو
lkahwa,للكافية
keyna,كاينا
hda,هاد
darna,دارنا
frassi,فراسي
thiyati,ثياتي
ket,كتعجبني
Slm,سلم
dimx,ديمكس
Salam,سلام
koya,كوية
kasni,كسني
kromi,كرومي
rizifwar,ريزيفوار
toyota,تويوتا
wili,ويلي
7chamtoh,حشمتوه
mskin,مسكين
omakhlito,أو ماخليتوه
hch,حش
ikaml,إكمال
n3aso,نعسو
faytli,فاتلي
wa93tli,وقعتلي
lwalid,لواليد
dakhl,داخل
3lya,علية
zlajlya,زلاجة
lbit,لبيت
na3s,نعس
nfi9,نفيق
fay9,فايق
rasi,راسي
kathdar,كتهدر
ssah,الصاح
alach,علاش
Tadkhol,تدخول
sari3,سريع
isihl,يسهل
wana,وانا
mnity,منيتي
igol,يقول
wali,والي
labsa,لابسا
srwal,سروال
thydo,تيدو
okhoya,أخويا
Gol,قول
ldak,لداك
za9of,الزعوف
sahbk,صاحبك
itkays,يتكايس
tomobil,طوموبيل
tnin,اثنين
tkon,تكون
Ba7rta,بحرتا
Hmd lah kychg3,الحمد لله كيشجع
Sbah,صباح
dyemak,ديماك
raha,راهي
F7al,فعال
sakna,سكنة
fel3era9,فعراڨ
l,ال
khnona,الخنونة
tea7achnak,تعاچناك
Tazarhine,تازري
le9ta,اللقطة
bhala,بحالها
fayt,فات
chayfha,شافها
ma39alt,ماعقل
saraha,سارها
m9wad,مقود
mochkil,المشاكل
l7al,الحل
nafs,نفس
bhar,البحر
pirmoda,بيرمودا
kaybi3,كايبيع
hout,الحوت
Rome,روما
na9sa,ناقصة
Mondeyal,مونديال
hewa,هو
naqesna,ناقصنا
Tri9,طريق
salama,السلامة
akhoya,خويا
mina,من
l2ahsan,الأحسن
sardine,السردين
thiydi,تعطي
lihe,ليه
sansul,سانسول
hawli,حوالي
t9adihe,تقاديه
fdar,في دار
alah,الله
ishal,يسهل
Concept,كونسيبت
kayench,كاينش
khoh,خو
Chno,شنو
smiyet,سمية
track,الأغنية
tel9ohe,لقيتي
balk,بالك
Db,دبا
Wahed,واحد
so2al,سؤال
osmahliya,و سمح ليا
t9bal,تقبل
bkhtek,بختك
fhal,بحال
hakak,هكاك
had,واحد
ob9a,ابقا
i9isha,يعيش
o3iiiid,وعيد
somohat,سومحات
Askm,أسأل
Oud,السيد
Ahsan,أحسن
okla,أكلة
Diha,ديها
rasak,راسك
haza,هاذي
lbida3a,البداعة
idar,إدار
b9a,بقا
trakab,تركب
tay,تاى
rakbo,راكبو
prof,بروف
Dok,دوك
la9atag,لاقطة
six,ستة
jhhhhh,جيهههه
Ilyàs,إلياس
Kidây,كيداي
Ba3ella,باغى
bejbejha,بيجبهة
manouche,مانوش؟
A,أ
khoy,خويا
ashkdir,آش خْديْر
3ndk,عْندك
kniya,كنية
dyli,ديالي
warina,ورّانا
tramto,ترامتو
was3a,واسعة
Restaurant,Restaurant
hout,حوت
roz,رز
djaj,دجاج
bouzroug,بوزروغ
200dh,مية وعشرين درهم
labas,لباس
bmw,bmw
kay7chem,كيحشم
may3tikch,مايعطيكش
sanya,سانية
Wnta,ونتا
aslan,أصلًا
tatsog,تصوغ
sogan,صوغان
3achwaii,عاشواي
wmachi,وماشي
9anoni,قنوني
3rafak,عرفك
a5ti,أختي
mhtaja,محتاجة
Sadi9i,صديقي
3aliya,عليها
rajlk,رجلك
nahwihe,ناحية
page,الصفحة
mohdha,مهدا
mzl,مزال
kadahkni,كادهكني
y9lb,يقلب
ytih,يطيح
chwhd,شوهد
15/15,خمسة عشر
san,من
chb3ana,شبعانة
9sim,قسيم
jtni,جاتني
ghlya,غليا
xwya,خويا
darb,درب
hajbo,حاجبو
Z..,ز..
3ajbo,عجبه
Allah,الله
ihfdhom,يحفظهم
ou,و
iba3d,يبعد
3lihom,عليهم
Cher,شر
khl9,خلقة
A7la,أحلى
wa7la,وأحلى
taha,تاهى
I,إي
tahiyatii,تحياتي
ba,با
El,البواناني
Bouânani,البواناني
lbyad,لبيض
Hât,هات
lfa5r,الفقر
ojbd,وجبد
dylo,ديالو
ogliha,أوغليها
chaychi,شيشي
Tbark,تبارك
machaa,ماشاء
charf,شرف
nchof,نشوف
b7alk,بحالك
kikhalw,كخلوا
whd,وحدة
basma,بسمة
zwina,زوينة
okhrin,آخرين
alhmdoulilah,الحمد لله
bsaliti,بسلتي
bazaf,بزاف
Ga3,كل
snap,سناب
maxi,ماكسي
Rajl,راجل
Ma3merni,ماعمرني
tfrejt,تفرجت
the sopranos,the sopranos
nz3em,نزعم
3lih,عليه؟
Chwiiya,شوية
lwahed,واحد
Awadi,أوادي
la3jal,لا عجل
Nti,نتي
7chouma,حشومة
m3edya,معدية
lwliyed,الوليد
m'n,من
katsouweri,كاتصوري
9asser,قصور
bidoun,بدون
idn,إذن
7e9ou,حقوق الإنسان
i3ich,باش يعيش
toufoula,طفولة
3adiya,عادية
fach,وملي
ikber,يكبر
mayl9ach,مايلقاش
dialou,ديالو
internet,الإنترنت
Houa,هوا
da7iya,دعوة
dialk,ديالك
irza9naa,يرزقنا
bxi,بxi
tmax,تماخ
wta7iyati,و تحياتي
kadir,كيدير
vidéo,فيديو
kayl9a,كيلاقي
telefon,تلفون
tiya9tk,تياقتك
lokhrine,لخريين
tay9ok,تايكوك
Kifash,كيفاش
kolchi,وكلشي
sad,صاد
lhadjih,لهدجيج
3chirek,عشيرك
sicliss,سيكليس
khela,خلى
lfilter,الفلتر
darrori,ضروري
y,ي
tvérifa,تفرّيفا
chni,شني
9altilo,قالتي
Kolchi,كلشي
tarbia,تربية
wache,واش
fanadarek,فنادرك
maa,ما
téléphone,تليفون
kadahki,كادهكي
ala,علا
siri,سيري
guabli,غابلي
waldak,ولدك
obaadih,اباديو
hade,هادشي
chi,ليكيدير
tjharji,تجارجي
alihhhhhh,عليههههه
Golo,قولو
3nd,عند
lkbda,لكبدة
l3ibat,اللعبة
mo3wa9,موعوق
b3da,بعدا
makantrink,ما كترنك
nchd,نشد
lwi,لوي
3n9k,عنق
Wa9ila,واقيلا
trmto,ترمتو
micro-hybrid,micro-hybrid
al,الحمرة
7mar,إذن
tonobil,السيارة
98%,بنسبة تسعة وتسعين
essence,بالمئة بنزين
sewel,سائل
3ad,ثم
dir,صور
al,ال
kidar,كيدار
fiha,وفيها
motor,محرك
essence,بنزين
batterie,بطارية
kw,كيلوواط
MHEV,MHEV
peugeot,بيجو
tmchi,كاتمشي
fabor,بسرعة
tstationne,تستانسي
Akhuya,أخويا
micro hybride,micro hybride
rah,راهي
hadik,هاديك
électrique,الكهربائية
kikhdem,كتشغل
fach,ملي
kthsl,كتخلص
embouteillage,ازدحام
stationnement,وقوف السيارات
consommation,الاستهلاك
tal3a,عالي
1er,المرحلة الأولى
tzid,تزيد
Makin,ماكين
Walo,والو
v8,محرك ڤيت ثمانية
twin turbo,توين توربو
tnagham,تناغم
rasek,راسك
ama,أما
Molinex,مولينكس
yrebah,يربح
biha,بها
bsahtkom,بصحتكم
rahtkom,وراحتكم
Ki,كي
goul,تقول
Qader,كان
yktbha,يكتبها
msali,مسالي
karo,كرو
lmara,المرة
sayg,صاغي
ona,أنا
ntfk,نتفك
vidyo,فيديو
daylk,ديالك
bryt,بريت
ntb9o,نتوقعو
ksida,كسيدة
motore,موطور
Yaaa,يا
rbi,ربي
tssme7,تسامح
drtha,درتها
Haka,هاكا
kaderlo,قادرلو
ichhar,يشهر
konhar,كونهار
katloho,كاتلوهو
temk,تمك
limafhmîch,لي ما فهموش
ydkhlo,يدخلو
ndo,عندو
sahbi,صاحبي
RS7,رأس
L7a9i9a,الحقيقة
lmorra,المرة
ki,كيف
kaytrigl,كا يترگل
dri,دري
no3,نوع
din,دين
mo,ما
kaychof,كيشوف
lbnat,بنات
kaydsr,كيدسر
rba3t,ربعت
l3ahirat,لاهيرات
sadate,سادات
in3alkom,ينعلكم
Kayhsab,كا يحسب
lihom,ليهم
tam3in,تمنين
flflos,فلوس
Ila,إله
m39ol,معقول
okaybrini,كبرني
nmot,نموت
Bsah,بصاح
kina,كينا
mktbti,مكتبتي
w93,و قع
ms,مس
hmdlah,الحمد لله
bzrb,بسرعة
tjnbt,تجنبت
wka,وكادرب
fjnb,في جنب
me,مه
h99tih,هقيتيه
kyti,كيتي
na3sa,نعسة
kanhlm,كانحلم
Kathama9,كاتهماق
Rbi,ربي
yhfadhom,يحفظهم
char,شر
ykon,يكون
m3ahom,معاهم
yalah,يلاه
khditha,خديتها
hhh,هـ
weldo,ولدو
hasbinah,حسبناه
mat,مات
hdrtich,هدرتش
Giallo,جالو
aflam,أفلام
Wa3rine,واعرين
surtout,خصوصا
Dario,داريو
Argento,أرجينتو
rajl,الراجل
makhdawch,ما خذاوش
7a9o,حقه
Le7yt,واش
sa3ida,داك
beroja,الراجل
lahe,ما خذاوش
ysree,ليه
Tahyati,تحياتي
t5rbicha,تخرّبش
Mh,مه
MehDi,مهدي
lhdra,الهضرة
litaygoliya,اللي تيقولي
39li,تسعة وعشرين
w9,و تسعة
lyamat,الأيام
ghaber,غابر
7akimi,حكيمي
asir,أسير
t9awdi,تقودي
nhzo,نحزو
tilifon,تليفون
tl3olina,تلعولنا
lsa3a,ساعة
mhamd,الحمد
say9,الساعة
dk,دك
lbaas,لباس
htaraam'gha,حرآم'غا
dak,دك
malaeika,ملايكة
bntk,بنتك
mskinaa,مسكينة
Bravo,برافو
Choaaib,شوايب
Gamssi,گامسي
Men,من
a7san,أحسن
chuftom,شفتوم
fhad,فهد
social media,سوشل ميديا
Ta7yati,تحياتي
khawa,الخوا
Wald,ولد
kima,كيما
katfar7,كاتفرح
gadi,غادي
ifrahak,يفرحك
zwine,زوين
kamal,كامل
chouaib,شوايب
Oulaaaah,أولاً
bhali,بهالي
fima,فيما
n9ra,نقرا
shi,شي
kanhbss,كانحبس
Imad,إيماد
badel,بدل
l’far9a,الفرقة
maw9i3,موقع
ntilichqrgiw,نتليضرغي
yjib,يجيب
ykhaf,يخاف
elina,علينا
wta,و تا
3adna,عندنا
fes,فاس
hay,هاي
arba3in,وأربعين
how,حتا هو
khattar,خطر
Bnat,بنات
khashom,خاشوم
ya3tiw,يعطيو
tissa3,التسعة
lhad,لهاد
domin,دومين
mwatar,مطار
makay3afoch,ماكيعافوش
mécanique,ميكانيك
Madawich,مداويش
dz,دز
9ard,قرد
Chtayha,شتايحة
m9awda,مقودة
iwa,إوا
rh,رح
knt3jb,كنتعجب
wx,واخ
rtkhrj,رتكهرج
dok,دوك
rmokat,الرمكات
kifx,كيفاش
rdir,ردي
a3lem,أعلم
Rakom,إوا راكم
7amdin,حامدين
R,را
ah,هادشي
rojla,روجلا
kibayn,كيباين
fmarto,فمرتو
godam,قدام
mkhalta,مخالط
rojala,رجالة
laghani,لغاني
YoUu,يو
Nnsee,ننسي
7lawto,حلاوتو
tal,تل
yam,يوم
Ykhwilak,يخويلك
drase,دراسة
madloula,مدلولة
las9a,لأسقة
kay3taraf,كيعترف
mabaghi,ما بغى
ladir,لدار
harakat,حركات
morahi9ine,مروقيين
Benni,بني
Mellal,ملال
hakma,حكمت
Milano,ميلانو
Banti,بنتي
Zlaal,زلال
lfelm,الفلم
isahal,يسهل
3liik,عليك
lkhawa,لخوا
dyali,ديالي
Yash,يش
Ess,إيس
ablati,أبلاتي
l3ya9a,العياقة
wold,ولد
adil,أديل
lmloudi,الملودي
Azabi,أزابي
Red Boll,ريد بول
RedBull,ريدبول
hh,أزابي
labidyo,لا بيديو
zzwine,زوين
walkine,والكين
t9dre,تقدر
djkr,دكر
bmwdme,بمودمه
dake,داك
t5sswre,تصحسر
lhdra,الحدرا
wlad,ولد
9hab,قحاب
cha3b,شعب
azbi,أزبي
3ay9,عايق
baraka,باركا
tzomil,تزوميل
lkdoub,الكذب
ljahl,الجهل
tamtil,التمثيل
l9lawi,القلاوي
bsh,باش
tajriba,تجربة
katmshi,كاتمشيو
khela,خلة
kikon,يكون
dayz,دايز
menha,منها
atsawloh,اتساوله
sbhana,سبحان
hhhhhh,ه ههههه
9wawid,قواويد
konti,كنتي
radi,رادي
m7afra,محفرة
kharig,خارج
mdina,مدينة
cha3alha,شحالها
dacia,داسيا
dasya,داسيا
yrz9k,يرزقك
sa3ada,سعادة
khti,أختي
Wa,الله
naariii,يناري
kdab,الكداب
lyouma,اليوم
ghadirha,غاديرا
w7da,وحدة
Chala,شلا
fach,فاچ
natfarjo,نتفرج
omak,ومك
katfarj,كاتفرج
db,دبا
o3jabha,عجبتها
elhal,الحال
wasir,و سير
9akat,القاع
trabi,تربي
songs,أغاني
wa7d,وحدة
ynisk,ينسك
flakhor,فراحك
Kamel,كامل
broo,برو
m9awed,مأود
Kima,كيمة
Cho,شو
khtna,ختنا
ki,كي
kt3wj,كتعوج
trmtha,ترمتها
hhhhh,هههه
knsena,كنسنا
l3eyba,العيوبة
derti,درتي
Rotary,روطار
houa,هو
z3ma,زعمة
Ktban,كتابن
kilimini,كليمني
wjhQ,وجهو
g3ma,گعما
m3wnaQ,معونو
tcharmil,تشرمل
sat,سات
9daam,قدام
lvidyohat,لفيديوهات
disk,ديسك
yamato,ياماتو
kaytle3,كايطلع
Tstmeeeee,تستمي
chfto,شفتو
kay3rfni,كايعرفني
makan3rfch,ماكانعرفش
kbhal,كبحال
saybtiha,صايبتيها
Blige,بليج
DRI,دري
morba3,مرابع
lhaya,لحيا
ktaf,كتاف
morba3In,مرابعين
kharja,خرج
rblx,ربلكس
Ydal,يدل
kaml,كامل
ytnmar,يتنمر
lkhar,الخارج
khdaha,خدها
wjha,وجهو
m9am9am,مقمقم
Bghit,بغيْتْ
gha,غَا
n3rf,نْعْرَفْ
had,هَادْ
fin,فِينْ
kidi,كِيدِي
wach,وَاشْ
tacharok,تَشَارَكْ
l'walfa,لِ الْفَا
yak,يَاكْ
Hadik,هَادِيكْ
Ila,إِلا
konti,كُنْتِي
radi,رَادِي
fi,فِ
tri9,طَرِيقْ
m7afra,مْحَفْرَة
kharig,خَارِجْ
mdina,مْدِينَة
cha3alha,شْحَالْهَا
Wa,وَ
dacia,دَاسْيَا
mashi,مَا شِي
dasya,دَاسْيَا
Yassine,يَاسِينْ
Oubahssise,أُوبَاحْسِيسْ
vinicus,فِينِيكُسْ
nhar,نْهَارْ
ih9d,إِقْدَ
mbapee,مْبَابِي
Waaaa3ibad,وَا عِبَادْ
llah,اللّٰه
sad,عباد
9addoussak,الله
ta,نتا
si,سي
Steward,Steward
effectivement,effectivement
tu,tu
trouveras,trouveras
pas,pas
un,un
savant,savant
ouvrant,ouvrant
une,une
chaîne,chaîne
pour,pour
sois,sois
disant,disant
cause,cause
lutter,lutter
contre,contre
les,les
contenus,contenus
médiatiques,médiatiques
inappropriés,inappropriés
par,par
quoi,quoi
Par,Par
des,des
insultes,insultes
intimidations,intimidations
et,et
la,la
diffamation,diffamation
quelle,quelle
En,En
Voir,Voir
plus,plus
Ihna,إحنا
lhal,الحال
awdy,أودي
aba,أبا
yousef,يوسف
l3am,العام
jay,الجاي
aychark,أيشارك
jalo9,جالو
Imta,إمتا
rayl3bo,را يلعبو
akhouya,أخويا
jabtha,جابتها
li7titi,ليحتي
9alti,قلت
li3ta,لعيتا
ijiba,تجيب
s7i7a,ص7يحة
cadeau,كادو
bain,بين
Adak,أداك
is5arbi,إسخربي
lmsayl,لمسيل
manharr,منهار
makanhmlouch,ما كنهملوش
d3if,ضعيف
bazaff,بزاف
fhad,في
botola,البوطولة
Akfas,أكفاس
falbotola,في البوطولة
la3ala9a,لا علاقة
yal3ab,يلعب
odak,وداك
lidkhal,اللي دخل
blasto,بلاستو
iglas,إجلس
t3arfo,تعرف
falmgharib,في المغرب
Marat,مرة
dolm,ظلم
Dri,دري
lay3mr,ل يعمر
hadar,هدار
d5lo,دخلو
Lh,الله
aboni,أبوني
Kankoun,كانكون
f3eers,فقير
wkan3ya,وكانعيّا
b7ala,بحال
laa3b,لاعب
maatsh,ماتش
Lkhiir,كانكون
mglb,مغلب
lahoma,لاهما
barik,باريك
chique,شيك
khoya,أخويا
mabghich,مابغيش
nachri,نشري
sbitar,سبيطار
n,ن
Total,توتال
Abaghogh,بباس
Ah,آه
fhmna,فهمنا
lach,لاش
makynach,ماكاينش
bota,بوطة
3amra,حمرا
flhwant,فالحوانت
wayni,وايني
mosiba,مصيبة
ntom,نتوما
na3rfo,نعرفو
ihzo,يهزو
bachi,باقي
tajalo9t,تاجوقت
Hhhhhhh,هههههه
khouna,خونا
Dak,داك
haraka,حركة
noussair,نوسير
hed,هاد
mared,مراد
lbal,لبال
3bsi,عبس
lakhta,لختة
yosaf,يوسف
sl7o,صلحو
lkar,الكار
lfaracha,الفراشة
lichhar,لي شهر
kayban,كايبان
zwin,زوين
flakh,فلاخ
inayk,إنعك
ochkighd,وشكيد
ghyalkar,غيالكار
dh,ده
i3amr,إعمر
siraran,سيران
lfarach,الفراش
rkbna,ركبنا
lkiran,الكيران
dyalha,ديالها
mnaw3,منوع
lmomtaz,ممتاز
Ylh,صالحو
f7alatk,فحالتك
A7ssan,أحسن
anime,أنيمي
si7r,سحر
maji,ماجي
ma3andooch,ماعندوش
cha3biya,شعبية
3and,عند
l3raab,العراب
ma3raftch,معرفتش
3laach,علاش
shangari,شانغاري
frontier,فرونتير
wa,و
naaaadi,نادي
openings,أوبينينغ
nadyin,نادين
Siiiiir,سير
zyr,يزور
kbli,قبلي
Lafhmetche,لفهمتش
An,أن
3elache,علاش
Makherjoche,ماخرجوش
Est,استصى
ce,ص
vrai,vrai
ça,ça
Naaaari,نااااري
mafrassi,مافرّسي
Siiiiiiiir,سير
à,آ
lqlw,لقلب
diiir,ديير
9alwaa,القلوا
hyateeek,حياتك
nTa,نتا
wliiiiya,ولييييا
7aadiii,حادي
yyt7daa,يتحدّا
mait7daaach,مايتحدّاش
zb,زب
Kayna,كاين
interview,interview
kat3raf,كتعرف
khditiha,خديتيها
dfèl,دفّل
3lina,علينا
wjèhna,ف وجهنا
Khy,خي
sardli,سردلي
l9amiss,الخميس
Klamak,كلامك
ma39ol,معقول
madaym,مداوم
rir,رير
Lalo,لالو
salamanca,سلامانكا
chirir,شيرير
aktar,أكثر
mahboub,محبوب
rejal,رجال
sit,سيت
web,ويب
ntfrju,نتفرج
meaqom,معقوم
liki3ref,ليكيعرف
site,سيت
free,فري
Jalo9,جالو
mah,ق
za,ما
isen,إيسن
ben,بن
bâtoTa,باتوتا
kha,خا
kran,كران
slinader,سليناذر
pistoûn,بيستون
Tatinist,تاتينيست
irkan,إركان
igas,إيگاس
lmika,لميكا
l9as7a,القسعة
ATF,ATF
sawet,صوت
Ayoub,أيوب
Sskouri,سسكوري
abonner,الإبونمان
vues,عدد المشاهدات
aji,أجي
tkalam,تكلم
dafa3,دافع
wnta,ونتا
ctiti,عطيتي
Active,الوضع
zackester,زاكستر
saha,الصحة
bndm,بندم
zad,زاد
mkhali,مخالي
site,موقع
aflam,الأفلام
Khassk,خاصك
tfarj,تفرّج
polar,بولار
ba9i,باقي
amateur,هاوِي
chokran,شكرا
bzzaf,بزاف
rajl,رجل
hdar,هدر
hd,هاد
lbant,البنت
wlaw,ولا
gh,غير
chafra,شفرة
bghawha,بغاوها
barda,بردة
mkaybghiwch,مكيبغيو
ykhadmo,يخدمو
bdra3hom,بدراهم
layshal,لي سال
Mlak,ملاك
lhya,اللحية
Lhadaf,الهدف
hir,غير
it3arba,يتعلم
7it,حيت
chaf,شاف
taybghi,تايبغي
lkora,الكورة
ghaybghi,غيبغي
sa7aba,صحابو
T9dar,تقدر
der,دير
vedous,فيديو
kayhdar,كيهدر
onta,نتا
riyakti,ريَاكتي
bwjhk,بوجهك
moz3ij,مزعج
sawto,صوتو
akhue,خويا
wacl,واعل
kat3ejbnii,كتعجبني
fhado,فهادو
mhachmin,مشحمين
bina,بينا
tanger,طنجر
lhaja,لحاجة
mefhouma,مفهومة
w9a3,وقع
delmodon,دلمدون
bnefs,بنفس
mandar,مدار
flila,فلّيلة
wehda,وحدة
kayrowen,كيروين
baghyin,باغيين
yweslolo,يوصلو
ybiyeno,يبينو
beli,بلي
3andom,عندوم
l7a9,الحق
kat7es,كتحس
Kat7am9iii,كتحمّق
smiti,سميتي
jmi3a,جمعا
kg,كيلو
sqwat,سكوات
jihom,تايهجيهم
poids,صعيب
Sara7a,صراحة
mata9tch,ما تقش
ta9der,تقدر
tsalafni,تسلفني
mertek,مرتك؟
Nadi,نادي
ysh,يش
Yetsweeel,يتسول
omeek,أمك
ee,إي
weeld,ولد
l9hba,اللعبة
Naaaaari,نااااري
katchethi,كاتشي
maymkench,مايمكنش
hhhhhhh,هههه
تونا روز,تونا روز
Malkom,مالكوم
sam,السام
lahsad,الحساد
3a,عا
dobis,دوبيس
ya3dik,يعطيك
lakh,الله
bar,بار
kaymchiw,كايمشيو
teranat,ترانات
fabor,فابور
makla,مكلا
hakimi,حكيمي
ballon,بالون
d'or,دور
Hatim,حاتم
3mor,عمور
kwayri,كوايري
lmodahara,لموداهرة
influencer,influencer
tfa,تفّا
cnx,cnx
simana,سيمانا
mahbsat,محبسات
d3wa,دعوة
galk,گالك
moraha,مورها
3awd,عاود
awdi,أودي
wsselena,وصلنا
Mghribiyat,مغربيات
zwinin,زوينين
wakh,واخا
tgol,تقول
liglti,لي گلتو
khlihom,يخليهم
Htarm,حترم
Adan,آدان
haywan,الحيوان
Y3awdo,يعاودو
tarodage,تروداج
malo,مالو
l7ala,الحالة
Malk,مالك
al9lawi,القلاوي
khayfe,خايف
daawi,داوي
ghaa,غير
mane,من
da4kome,داككوم
khe4aj,خواج
b7alle,بسبعة
4ejalle,حالة
neta,نتا
ne3iwa,نعيو
la3bin,لاعبين
sa3adiya,سعاديا
lbhal,لبال
3tih,عطيه
yhwik,يهويك
hgada,هكاذا
tjih,تجيه
lkharja,لخارجة
lablasa,لبلاصة
Hadchi,هادشي
ma3ndnach,معندناش
sara7a,صراحة
tkhra,تخرب
lhas,الحس
lkapa,لكابا
rajal,رجل
Afkaaar,أفكار
lhreebaa,لحريبة
re3jnaa,رجعنا
chwi,شوية
katsra3,كاتسرع
videowat,فيديوهات
akhay,أخاي
kadahkna,كضحكنا
nadi,نَادي
Rihana,ريحانة
jumia,جمعية
lwjah,لوجه
7achmi,حشْمي
myksabohch,مايكسبوش
Rajl,رجل
Dima,ديما
kib9a,كيبقا
wkha,وخا
itho,ي تهو
kamlin,كاملين
layshl,ليشال
3lkikom,عليكم
yarb,يارب
iwf9kom,يووفقكم
Dousti,دوستي
A3AZ,أعز
wald,ولد
bladi,بلادي
agadir,أكادير
La3wiziya,لا عويزية
allh,الله
yetik,يعطيك
sha,شي
awda,عودة
ljalo9,للجالو ق
Ab3mrann,أب عمران
a9wasss,أقوسس
ou9r,أوكر
flak,فلاك
tiznit,تيزنيت
taltaa,الثلاثاء
tabdaaa,تبدا
t7awa,تحوا
madayrlkch,ماديرلكش
follow,follow
wdima,وديمة
tal3,طالع
dzab,ذاب
derii,دري
ysahel,يسهل
Hhhhh,هههه
l9a9,القاع
ax,أخ
kadir,كادير
tama,تما
Lbas,لباس
7wayjak,حوايجك
Zakaria,زكريا
Chioua,شيوا
7alak,حلاك
Lhama9,لحماق
3alah,علاش
ayg,أيگ
lpissri,لپيسري
Min,من
tagal3ih,تگالحه
maysalkak,مايسلكاك
l m9as,لمقاس
Bayna,باينة
maskhot,مسخوط
bah,باه
Sba33,سبعة وثلاثين
Admin,أدمان
dzzb,دزّب
mlk,ملك
disk,الديسك
Page,باج
lmatab,المطب
Ba9i,باقي
sril,سرّيل
hawa,هاوا
daliyad,دلياد
Ragoba,ركوبة
akhai,أخاي
as3ad,أسعد
owa,أوا
khlsi,خلصي
bayda9,بايدق
bdik,بديك
nokta,نقطة
skt,سكت
w3ta,وعتا
9ima,قيما
Tla3touna,طلعونا
karna,كارنا
arba3a,أربعة
me9toulin,مقطولين
Wiiii,ووييي
Daz,داز
album,آلبوم
blan,بلان
Hakda,هكدا
cristiano,كريستيانو
fach,فاخ
9aliw,قاليوا
fwahed,واحد
ma3mri,ما عمر
l3ab,لعب
Saudi Arabia,السعودية
flkher,الفخر
Fhadiii,فهاديي
khalitha,خليتها
BghiT,بغيت
dir,ندير
z3ma,زمة
mnęrf,منعرف
wchta,واشتا
Walid,وليد
5asna,خمسة
nx9awe,نخاو
we7da,وحدة
lbarça,لبرصا
benfica,بنيفيكا
bssa7,بساح
x,خ
le3bo,لعبو
biha,بيها
Batnod,باتنود
m9awed,مقاود
Saha,صحة
lglos,لغلوس
fdrb,في
lbalya,لباليا
dahk,داك
nachat,ناشات
ol3ibada,أولعبادة
Khsk,خاصك
achrif,تشرف
lhsnya,لحسنا
Agadir,أكادير
owalidin,ووالدين
tifla,طفلة
tlqhom,تلقاهم
ga3,كاملين
mkyntamiw,ماكينتاميو
alagadir,لأكادير
3layn,علاين
andaark,أندارك
ika,إكا
3azrayn,عزراين
kra,كرا
radiik,راديك
ifdo,إفدو
mardoukh,ماردوخ
na,نا
Ktarti,كثرتي
krak,كراك
3alam,عالم
tsta,تْستا
alqlawi,القلاوي
l7ayt,الحيط
B9a,بقا
tma,تما
Jo3,جوع
wno3,ونوع
bghrit,بغيت
nkhod,نْخود
nqass,ينقص
dh,درهم
9alwa,قلوة
tmak,تماك
kaychwah,كيشوا
bwlad,بولاد
khimesset,خيمسّت
Wh9rab,وهرب
lhrba,لهرّبة
Wasir,واسير
kmisat,كميسات
wala,ولا
mam9boulch,ما مقبولش
khona,الخونا
Walah,والله
mt,مت
zr9a,زرعة
4ir,ربعة
kykdb,ير كيكدب
xof,خوف
ftal,فتال
fidya,فيديا
tfhom,تفهمو
@super fans,@super fans
tagi,تاغي
haka,هاكا
Hh9ejyhfjf,ههقيهفجف
Rir,رِير
sam3,سَمَّعْ
akhoya,أخُويا
tanta,تَنْتَا
kat3rf,كَتْعْرِفْ
w9,وَنْتِيْجَة
snti7a,زَمِّل
bok,بُوكْ
3la,عَلَا
walo,وَالُو
rbit,رَبَّيْتْ
waldih,وَلْدِي
khlito,خَلَّيْتُو
ybda,يَبْدَا
ytlb,يَتْلَبْ
wyzawg,و يْزَوَّجْ
nasiha,نصيحة
bo3nazz,بوعناز
Waldna,والدنا
mcharafna,مشارفنا
ikhalilih,يخليليه
wlidato,وليداتو
odrari,ودراري
likano,لي كانو
khadamin,خدامين
3lihoum,عليهم
ni3ma,نعمة
rijal,رجال
Bghiti,بغيتي
lbrazilyin,لبرازيليين
Likhas,ليكاس
ktr,كثر
bzaaaf,بزاف
riyada,ريادة
fswira,فسويرا
mafihach,مافيهاش
lmost9bal,لمستقبل
tm7na,تمحنا
t7tmna,تختمناها
olah,أولاه
Zwin,زوين
orak,أوراك
khdam,خدام
3ajbna,عجبنا
klamek,كلامك
Afdal,أفضل
sani3,صانع
mohtawa,محتوى
nisba,بالنسبة
kat3awd,كتعاود
tlo7,تلوح
makal9awch,ما كلقاوش
page,page
dyalk,ديالك
letterboxd,letterboxd
Drbo,دربو
t9axr,تخور
a3yalat,أعيالات
lmo,لمو
t9axrha,تخورها
D3moh,دموه
mkyn,مكين
3a,على
Asmit,أسميت
hadkhouna,هادخونا
taychri,تايشري
lmatar,لمطار
3oud,وعود
lvidyouwat,لفيديوهات
oumatay,وماتخليكش
tmal,تمال
abonne,أبونيه
slamtk,سلامتك
bgina,بغينا
l5ir,الخير
7watkom,حواتكوم
jawhara,جوهرة
n9oss,نقوص
shpi,شبي
lkdope,الكدوب
Martina,مارتينا
hass,حس
bi,به
hadak,بهاداك
rakb,ركب
lawr,لوور
msskin,مسكين
ychd,يشد
bie,بيه
twila,طويلة
hhhh,هعه
tman,تمن
moto,moto
Ina,إينا
Omar,عمر
Amensague,أمينساغ
39alti,تسعة وثلاثون
mas,ماس
shouha,وشوه
w93at,وقع
fuh,فيه
yamat,يامات
ula,ولا
ma3ndkeesh,معندكش
lcart,لcart
ticket,ticket
maghdkhlesh,مغدخش
tiraan,تيران
Ay3awnrbi,أيعاونربي
alm3lm,المعلم
baghad,بغداد
Bayna,باين
chafar,شافر
khouya,أ خويا
sma liya,وسماح ليا
ighalbkom,يغلبكم
yarbi,يا ربي
Chef,شيف
bghina,بغينا
dur,دور
nsawbo,نسوبو
tomat,طماطم
Thlaw,ثلاو
assahbi,أصحابي
4tamaka,أربعة تمكا
han,هان
aritban,أريتبان
3layn,علينا
aymt,أيمت
kheditii,خديتي
l2deen,الدين
mlii,ملي
sewartiihoom,سورتيهوم
khask,خاسك
al3cha,العشا
sansoul,سانسول
amoulay,أمولاي
A9al,أقال
taman,تمن
ftanga,فتانغا
hama9tona,حمقونا
bhada9al,بهاد أقال
kolxi,كلشي
ohoma,وهوما
Ollah,أولاه
Mafik,مافيك
matched,ماتش
Dipanage,Dipanage
asat,أسات
m3deb,معذب
omma,أمّا
souira,سُويرة
tsayad,صّياد
blfusi,بْلُفُوسي
hitache,حيتش
lbher,لْبحر
mkhawad,مْخاود
bbzzff,بْزّاف
btejrib,بتْجْرِيب
Yahya,يحيى
dyalkk,ديالك
ssffha,الصفْحة
L3z,لغز
lighiws,لغيوس
ota7iyti,أوتاحييتي
lmsimir,لمسمير
Orak,أوراك
ichb3a,إشْبَعَا
modritch,مْدَرْتِيش
agourn,أغورن
Maxu,ماكسو
4ir,أربعة
Ain,عين
dyab,دياب
Hta,حتى
wad,ود
marzag,مرزاغ
mxa,مشا
lai,لای
motore,موتور
tema,تيما
Tabkah,طبخة
Fouad,فؤاد
jiti,جيتي
3ndna,عندنا
ltata,لتاتا
walakin,ولكن
bal,بال
chtiha,صطيحة
Mabrooook,مبروك
tsahl,تسهل
Af9ir,أفقير
ahila,أهيلا
isn,إسن
nfsl,نفصل
idarn,إدارن
atn,أتن
irigli,إريغلي
ih,إه
faghn,فاغن
Hdxi,هذي
xrtih,خرتيه
ml,من
zoldyk,زولدييك
Wllah,والله
bsa7,بساح
jit,جيت
Rabat,الرباط
3at9ouni,عاطوني
rjal,رجال
ta7iya,تحية
lihoum,ليهم
Wallah,والله
tkoun,وتكون
bonne,جيدة
structure,بنية
htta,حتى
n3awnook,نعاونوكم
art,الفن
la,الطريقة
manière,الطريقة
ighaleb,يغلب
lkher,الخير
char,الشر
Kif,كيف
3amti,عمتك
labass,لباس
ri,ري
kat9olbo,كتڨلبو
nasse,الناس
Ma3ndkom,معندكوم
mayadar,مايدار
Sava,سافا
3amti,عمتي
odak,أوداك
sa7b,صاحب
3amayn,عمّاين
ohowa,وهو
kaytsnak,كيتسناك
tkhraj,تخرج
Mbrik,مبروك
jbha,جبهة
jib,جيب
bl7sab,بالحصاب
3alam,علم
Dariri,داريري
ta3a,تعا
tarka,تركا
lay3aarh,ليعارح
Wee,وي
copenhagen,كوبنهاجن
goli,قولي
kyn,كاين
endi,عندي
khalit,خليت
solala,سولالة
7or,حور
tachri,تشري
Haaaallaw,هااالاو
yasa3odi,يا صاحبي
inta,أنت
rabiy,را بي
tat3rifo,تتعرفو
lmarariba,للمراريبا
jayidan,جيدان
lhjaouj,لحجاوج
vlogs,ڤلوجات
soufiane,سفيان
rav4,راڤ4
achmen,آشمن
model??,موديل؟
M9éwdin,مؤكدين
7'toun,حتّون
Cha9oor,شعور
ma9awad,مقاود
Kol,كل
hal,حال
3ndo,عدنو
baykar,بايكر
الحاج,الحاج
بغاض,بغاض
dark,دارك
yadli,يدلي
lhsab,الحساب
Mr7ba,مرحبا
gheda,غدا
nji,نجي
3ndk,عندك
difi,ديفي
nthadak,نتهادك
Largo,لارغو
kanadi,كانادي
tbarkaklah,تبارك الله
m3alam,معالم
isahal,اسهل
maskin,مسكين
3likom,عليكم
jami3an,جميعان
inchallah,إن شاء الله
3sabtini,عصبطيني
bdak,بدك
sat,ستة
asat,ستة
tkhna9t,تخناقت
Ewa,إوا
3almi,علمي
l8hom,ليهم
lfloosa,لفلوسا
Lhwla.wla,اللولا
9owta,قوة
billh,بالله
b9at,بقات
fiya,فيا
mrato,مراتو
ns,نس
39l,عمل
9smoh,قسموه
Sbeee3,سبيع
ghbert,غبرت
chweya,شوية
l9itek,لقيتك
7iyedti,حيدتي
mask,ماسك
mawadi3,مواضيع
mo9alwana,مقلوبة
mamchitich,ما مشيتيش
anwar,عوار
Rojola,روجولا
lkhwdri,لخدري
Achawa,آشوا
dert,درت
hahahahahahhaaah,ههههههههههااا
khritoni,خريتوني
bde7k,بضحك
imskhkoom,يمسخكوم
Tl3at,طلعت
nadiya,نادية
mafarj,مافرج
fa,فا
walking dead,walking dead
bayna,باين
John kozak,John kozak
Achmen,آشمن
khla3a,خلاعة
zabi,زابي
Lghazi,الغازي
lbi3,لبيع
Waa,واا
btneda,بتنادا
artchtat,ارتشتات
sl9aysa,السقايسة
awwww,اوووو
lakhra,لخرا
krahto,كرهتو
Daak,داك
9lawiii,قلاويي
msdoom,مسدوم
pat,بات
bloke,بلوكي
deja,ديجا
Hala,هالا
Madrid,مدريد
akha,اخوا
ba3la,باقلة
Ma3rft,ماعرفت
lmchmam,لمشمام
makay3rfch,ماكيعرفش
ihdr,يهدر
katl3o,كتلو
Halla,هالا
madrid,مدريد
aba3la,أبااقلة
3laaa,علا
slamaa,سلام
akhouyaa,أخويا
slama,سلام
simo,سيمو
3Laa,علا
SLamTak,سلامتك
KhOuYa,خويا
Laah,الله
IJ3Lha,يجعلها
MaGhFiiraT,مغفرة
DonoB,الذنوب
Oui,وي
homa,هوما
7a9i9a,حقيقة
t9awdt,تقودت
eliiik,ليك
picho,پيشو
kadir,كدير
pub,پوب
tani,تاني
knchof,كنشوف
rels,ريلس
awl,أول
W9,و
7aaaamdin,قحامدين
Cameraman,كاميرامان
job,جووب
A77,أحح
aghizlan,أغزلان
l9raya,القراية
zinaa,زينة
Chakour,شكور
l3ayba,العيبة
charjit,شرجات
lma3joun,لمعجون
Razzy,رازي
Izi,إزي
sbt,سبت
7,ح
shabo,شابو
atkon,اتكون
zahya,زاهية
Zwiin,زوين
fchkel,فشكل
ly3mrhaa,لي عمرها
daar,دار
lfl9a,الفلقة
brasi,براسي
fhmt,فهمت
4lat,أربعة لات
3aya9to,عياطو
ghdab,غداب
3atiyin,عاطين
9ima,قيمة
hadro,هضرو
chihaja,شي حاجة
fih,فيها
manfa3a,منفعة
dhaz,داز
makmoul,مكمول
kadou,كادو
atajalo9t,أتاجلّوت
restaurant,رستوران
cuisine,كوزين
ok,أوك
ykhroj,يخرج
yahdar,يهضر
les,ليز
clients,كليان
Fhamti,فهمتي
fahim,فاهم
wdak,ودك
likadiir,ليكدير
hsab,حساب
douk,دوك
naana,نانا
hadou,هادو
bghiti,بغيتي
lihm,عليهم
lvid,هاد الفيديو
5awartiha,خمسة وعشرين اوارتيها
ma3tawkx,معطاكش
lbido,لبيدو
rmitihom,رميتيهوم
fchari3,ف شاريع
ya3ni,يعني
mamrabich,ما ربيتش
finahoma,فين هوما
wdnik,ودنيك
b3alla,باعلة
la9ta,لاقطة
darhax,درهش
lbit,البيت
bit,بيت
akhor,أخر
m9ad,مقاد
Kch,كش
kch,كش
jm3,جمع
9lawik,قلاويك
7wakom,حواكوم
rapour,رابور
sabiri,صابري
baghi,بغي
treacti,ترياكتي
khdm,خدم
bohdk,بوحدك
ilaknto,إلا كنتو
DNAs,دي أن أ
tayktr,تايكتر
fikom,فيكوم
sda3,سدعة
fhmni,فهميني
Yasser,ياسر
Vox,فوكس
f7alatk,فحالك
Raja,رجاء
mktasnch,مكتسبش
likber,ليكبر
3erf,عرف
ktgol,كتگول
abhejawit,أبهجاويت
zabe,زابة
Broker,بروكير
rbhti,ربحتي
khserti,خسرتي
kidi,كيدي
comission,كوميسيون
r,ر
maa3roufa,ماعروفا
mwer9a,مروقة
Mhadrtich,ما هدرتش
amin,أمين
rivar,ريفار
zaiyd,زاييد
hiya,هي
jdddui,جدودي
kidirou,كيديرو
Oula,ولا
kan7el,كانحل
katla3li,كاتطلعلي
jdida,جديد
Hdro,هضرو
dkhlo,دخلو
odaro,دارو
ilfr9,الفروق
ojabo,وجابو
rbh,ربح
perché,پاشرلي
nella,نتا
knehder,كنهضر
gli,في
ultimi,السنوات
anni,الأخيرة
allegri,أليغري
aflad,أولاد
dlkhra,لخرا
lbad,البلاد
3dna,عندنا
Wah,واه
kia,كيا
bt,بت
h,ه
mry,مري
ny,يعطينا
jannat,جنة
raka,راك
hoga,هوجا
ham,الهم
sb,سبكو
ko,نصيب
kry,كيري
M3a,معا
balamo,بالامو
hasanat,حسنات
rahom,راهوم
yatlamo,يتلامو
lblasa,البلاصة
Ktret,كثرت
l3ya9a,العياطة
bdit,بديت
blah,بلاه
tkhrbi9,تكربّع
lfitna,الفِتنة
syid,السيد
mkyfhmch,ما كفهمش
chlha,شلحة
mghdich,ماغاديش
itfrd,تفرض
ifhmha,فهمها
bzez,بسرعة
kaynin,كاينين
nass,ناس
cheloh,شلوه
casa,كاسا
fmghrib,المغرب
kamlo,كاملو
aamrhum,أمرهم
3amlhum,عملهم
3onsorya,ظلم
khora,خورا
mghribi,مغربي
machi,ما
khaso,خاص
ikon,يكون
kaydwi,كيدوي
français,فرنسا
t9der,تقدر
heta,حتى
thder,تهدر
me3a,مع
shab,شاب
txiat,تكسيات
rani,راني
3yit,عيت
ngolik,نقولك
extraction,الاستخراج
almerdi,المردي
Nfs,نفس
3a9liya,العقلية
ndi,عندي
wa3ndk,وعندك
akhoYa,أخويا
L9itiha,لقيتها
wajda,واجدة
ahnini,أهنيني
A5i,أشي
5as,خمسة
a5oya,أخويا
b4ayt,بأربعة
anji,أنجي
anakol,ناكل
3andkom,عندكوم
Wawark,واورك
a3li,أعلي
machina,ماشي
yawldik,ولاديك
Mabin,ما بين
l3yen,العيون
uabejder,و أبهدر
akhi,أخي
Tbarklah,تبارك الله
Wakha,واخا
malabs,مالابس
baina,باينة
Ntoma,نتمى
salina,سالينا
m3akom,معاكم
mnimta,منيمتا
2vs50,اثنان وخمسون
m9owdiiin,مقوديين
Namra,نامرا
3afak,عفاك
Wana,وانا
it3omn,اتعمن
lou9tad,الوقتد
akouray,أكوراي
atikhsan,اتخسان
yarbi,ياربي
salama,سلامة
kay4sl,كايصل
ljanaba,لجانبا
l3abd,لعبد
otab3ino,وتابعينو
flhma9,فلهمة
maymknch,مايمكنش
mdhkch,مدكش
ychafik,يشافيك
kyhsblih,كيهسبلي
kydir,كيدير
hja,حاجة
m3mr,معمر
hd,حد
9dr,هاد
ydirha,يديرها
dkchi,دكشي
elax,إلا
ky3tbr,يعتبر
raso,راسه
btal,بطل
3omro,عمرو
fchal,فچال
bax,باخ
ydahkni,يدهكني
batal,بطل
dnya,دنيا
aham,أهم
nadafa,نضافة
blassa,بلاصة
Antoma,انتوما
Aslan,اصلا
ktkhdmo,كتشدو
am3a,امعا
driat,دريات
indrive,إندرايف
tolito,توليتو
kt3mlo,كتعملو
b7lhom,ب7لهم
dirin,درين
na9aba,نقابة
bintkom,بنتوكم
antoma,انتوما
b39lkom,بعقلكم
mi,مي
frchkom,فرشكوم
man3om,منعوم
3adad,عدد
b7al,ب7ال
msakan,مسكان
akhoya,اخويا
yastatna,يستتنا
w,و
yastar,يستار
bniyatna,بنياتنا
matab9ach,ماتبقاش
ti9,تيق
lwa9t,لوقت
khyabat,خيبات
ysahal,يسهل
Amal,أمال
koulchi,كلشي
druj,دروج
lagzare,الغزالة
ifrajha,افرجها
itle9,اتليع
sraho,سراحو
Salm,سلم
MeHdi,مهدي
3chir,عاشر
39lti,أقلتي
3liya,عليا
traksyon,تراكسيون
silon,سيلون
mtbanalik,متبانليك
kot,كوت
Naaaah,نااااه
kena,كينة
tangkap,تڭتاب
khasik,خاصك
dirha,درها
meiaya,معايا
jalok,جالوڭ
maeah,معايا
Gal,ڭال
9bl,قبل
alf,ألف
ans,سنة
/yamat/,/يامات/
3mro,عمرو
jmhor,جمهور
dchyra,دشيرا
lmkhiyer,لمخير
fihom,فيهم
m3ana,معنا
7nnnnna,حننا
nchoFo,نشوفو
baha,باها
achrifa,أشريفا
dru,دارو
drti,درتي
sawb,صووب
nmra,نمرا
mzyn,مزين
m9loba,مقلوبة
ymkn,يمكن
Achraf,أشرف
tbarklah,تبارك
meknes,مكناس
Kola,كولا
tl3a,طالع
kihdro,كيفدرو
blogha,بلغة
Yarbi,ياربي
tmoto,تموت
Kohya,كوهيا
lvidioat,الفيديوهات
dilk,ديالك
htal,حتال
zok,زوك
lilal,للال
neass,الناس
ntf9as,نتفاس
Wkisf9o,وكيسفو
Jamal,جمال
kidir,كيدير
oplet,أوپليت
Izd,ازد
lkhmis,الخميس
aut,اوت
3mira,ثلاثة ميرة
ayna,أينا
ahtguawrm,أهتغواورم
sha,شع
lhs,لحس
lgaba,لڭابا
t5yl,تخيل
tdrb,تدرّب
bsbab,بسبب
7toun,حتّون
hhhhhhhhhhhh,هههههههه
Koun,كون
gheer,غير
3tazel,اعتزل
9asm,قاسَم
lvideo,لڤيديو
wrina,ورينا
chlo7,شلوح
herbanin,هرّبانين
Kheya,خيا
aboor,أبور
myasar,ميسار
emardi,اماردي
walidik,والديك
ekadkhel,أكدخل
l9alb,لقلب
makan3rfkch,ماكنعرفكش
ma9bol,مقبول
lahlal,لاحلال
bayn,باين
izidak,يزيدك
tastahal,تستاهل
didikas,ديديكاس
lamdina,لمدينة
la9dima,القديمة
Marhba,مرحبا
3andna,عندنا
tanja,طنجة
baa,أ باا
5ouya,خويا
nsaba,نسابة
mknhmlhach,ماكنهملاش
hchoma,حشومة
pitcho,بيتشو
mabrax,مبرّخ
ijm3,إجمع
karo,كارو
Bsaha,بصحة
Raha,راحة
lkhawa,خوة
skhawa,سخاوة
Khaskom,خاصكوم
tjiw,تجيوا
l3andi,لعندي
l,لل
riyahin,الرياحين
taklo,تاكلو
lkhbiza,الخبيزة
lgalgola,الكالڭولة
bsah,بصاح
tchof,وتشوف
idman,إدمان
KhadeJa,خادجة
SF,SF
ti,تي
emta,امتا
kykon,يكون؟
Hamada,حمادة
Bn,بن
ybark,يبارك
Wld,ولد
7midti,حميدتي
waik,وايك
mchina,مشینا
labhr,لبر
Houssine,الحسين
Diwan,ديوان
9alab,قلب
khadma,خدامة
i7fdak,يحفظك
tnaf5tu,تنفست
wjhak,وجهك
vid,فيديو
niyti,نيتي
Kayna,كاينا
fir9a,فرقة
likhsar,ليكسار
ikhales,إخلاص
tlaa3bo,تلاعبو
dadna,دادنا
Lahoma,لاهمة
barik,بارك
klito,كليتو
Dakchi,داكشي
bnin,بنين
tbarkelah,تبارك الله
yan,يان
rab3a,رابعة
lbgri,لبغري
sstmanar,سستمنار
hamd,الحمد
mis,مس
baghi,باغي
n3rf,نعرف
hadok,هادوك
lax,لاخ
jaw,جاو
kijriw,كيجريو
l9dam,لقدام
lkamira,لكاميرا
Hhh,هعه
lafan,لافان
awda,أودا
zba9,زباغ
alhba9,الحباغ
batnod,باتنود
Hhhh,هعه
layhdikom,ليهديكوم
hanawa,هناوا
ly3mr,ليعمر
anga,أنڭا
khssk,خصك
hwya,هوا
rbaniaa,رباعية
L3az,لْعَاز
rap,راب
adbooo3,أدبو
Bla,بلا
hsad,حسد
dari,داري
migoal,ميڭال
liskhar,لسكار
3amin,أمين
hadra,هدرة
darto,درتو
gfir,غير
lhal9a,لحلقة
dabro,دابرو
Chamkara,شامكارا
siro,سيرو
khadmo,خدّمو
rassekom,راسكوم
khrajto,خرجتو
chabab,شباب
saloun,سالون
Sarah,سارة
l3id,لعيد
milad,ميلاد
aydawaz,أيدواز
akfas,أكفاس
fhyato,في حياتو
molat,مولات
B9at,بقات
mamah,ماماه
mskina,مسكينة
kifch,كيفاش
atb9a,أتبقا
Dar,دار
bsahtkom,بصحتكوم
ahsen,أحسن
dnas,دناس
mcharfen,مْشارفين
souira,سويرة
keba9i,كباقي
lhrgawa,لحرڭاوا
O,أو
wagaf,وقاف
túnel,تونيل
cat,كات
sawar,ساور
fhala,فهلا
tirk,تريك
di,دي
o,أو
tjib,تجب
B,ب
bssala,سلا
tbarhiche,تبارحيش
M3arad,مْعارض
lkhatar,للخطر
m3arad,مْعارض
saykine,سايكنين
Ache,آش
lkalakh,الكلاخ
b9it,بقيت
kntfrj,كنتفرج
lvidyo,الفيديو
sayg,سايغ
wna,ونا
njib,نجيب
rbha,ربحة
thrdt,تْحرّدت
modil,موديل
s1000rr,ألف ومية
bnsba,بنسبة
wax,واخ
ba9a,باقي
katkhraj,كاتخرج
jdida,جديدة
Tabrk,تبارك
med,ميد
twa7xna,تواخسنا
viddyowat,فيديوات
mirikani,ميريكاني
kaykhod,كايخود
lmatr,لماتر
sizi,سيزي
hayat,حياة
sa3ida,سعيدة
Mt07,إم تي صفر سبعة
l7yat,لحياة
hkak,هكاك
hchamtona,حشامتونا
jiran,جيران
baykar,بايكار
lahafdk,لاهافدك
Kolxi,كلشي
lhaz9a,لحزقة
Dissi,ديسي
drayf,درايف
konte,كنت
khedam,خدام
ja,جا
daryf,دريف
nase,ناس
t3amal,تعمال
braytch,برايتش
Half,نصف
tkhod,تْخود
kabare,كبار
biya,بيّا
3jabni,عجّبني
hale,حاله
paris,باريس
hmd,الحمد
lilah,لله
mohime,موهيمة
ishal,يشال
ayi,أي
Tbarklah,تبارك
3likum,عليكم
chabiba,شبيبة
7araa,حرة
reportage,ريپورتاج
qualité,كواليتي
Mamtafa9ch,ما متفقش
no9ta,نقطة
a7ssan,أحسن
achrar,أشرار
dragon ball,دراغون بول
bi,بالنسبة
ni,ليا
t7aat,تحط
black,بلاك
guko,ڭوكو
blast,بلاست
kid,كيد
bu,بو
prk,برك
falssafa,فالسافا
anaho,أنه
y9dii,يقدي
lbachariiya,البشرية
ma3andooch,ما عندوش
wa3y,وعي
yadamar,يدمر
7aja,حاجة
chafha,شافها
Mhm,مهم
WTF,واش
hook,هوك
domaine,دومين
hhhh,hhhh
Ng,نتي
Walkn,باغي
tirant,نمشي
lgs3a,القفطان
La présentation,لا بريزنتاسيون
ta3,ديال
fermin lopéz,فيرمين لوبيز
lbarsa,لبارصا
majawbhash,مجاوبهاش
mtale3,مطلع
l9eftan,القفطان
lfo9,لفوق
chwi,شوي
bchwi,بشوي
mkhelto,مخلطو
tlmas,تلماس
her,هر
katjiha,كتجيها
de7ka,ضحكة
beltelfa,بالتلفة
l7echma,الحشمة
de7k,ضحك
tkhelet,تخلط
khchat,خشات
sbe3ha,صبعها
femha,فمها
3edato,عضاتو
kat7ess,كتحس
tbouricha,تبورش
katghamed,كتغمض
3iniha,عينيها
l7mel,الحمل
tnefekh,تنفخ
lwjeh,الوجه
l7nak,الحناك
katd7ek,كتضحك
kitghamdo,كيتغمضو
l3inin,العينين
lmnakher,المنخر
wellat,ولات
katban,كتبان
cute,كيوت
chiiiii,شييييي
chkel,شكل
la7do,لاحضو
7em9aaato,حمقااااتو
lahfto,لهفتو
ila,الى
janib,جانب
li,والي
m9erebch,مقربش
melli,ملي
w9e3,وقع
lmochkil,المشكيل
tle3,طلع
7iyedo,حيدو
demi,ضوني
deux,دوبييس
kerchha,كرشها
m9enbla,مقبلة
9edamo,قدامو
jato,جاتو
tale3,طالع
mennha,منها
mferre9,مفرق
rejlih,رجليه
serwal,سروال
li,الي
7el,حل
sensla,سنسلة
sedfa,صدفة
m3allem,المعلم
bayen,باين
sti3dad,استعداد
7et,حط
sba3o,صباعو
le7yto,لحيتو
kay7ek,كيحك
7adi,حاضي
jismha,جسمها
tghayer,تغير
wakha,وخا
bel9a,بلقة
lakin,لكن
lounha,لونها
tbeddel,تبدل
lklef,الكلف
hadou,هذو
houma,هما
taghyirat,تغييرات
kaywe93o,كيوقعو
7bes,حبس
l7araka,الحركة
3ed,عض
chfayfo,شفايفو
injidab,انجذاب
maytkellem,ميتكلم
Yamna,يامنة
herha,هرها
sderha,صدرها
hiya,وهي
thez,تهز
idiha,ايديها
7ethatoum,حطاتهم
che3ro,شعرو
sba3ha,صباعها
cheddato,شداتو
raso,فراسو
kad7ek,كضحك
Fouaaad,فؤاااااااد
dafen,دااافن
temma,تما
mostamti3,مستمتع
ydouz,يدوز
koul,كل
inch,انش
katherrniiii,كتهرنيييي
mjawebhash,مجاوبهاش
hez,هز
jebhto,جبهتو
jebhtha,جبهتها
kay7arek,كيحرك
rasha,راسها
kayemchiw,كيمشيو
yjiw,ويجيو
bzouj,بزوج
da3eb,داعب
nifo,نيفو
nifha,نيفها
khtef,خطف
9obla,قبلة
3la,عالسريع
chfayfha,شفايفها
kayter3do,يترعدو
chnoooo,شنوووو
malek,مالك
7ellet,حلت
jaw,وجاو
mobachara,مباشرة
3inih,عينيه
malich,ماليش
sbe3o,صبعو
kaytelle3,كيطلع
yhbet,ويهبط
chnifatek,شنيفاتك
l7elwin,الحلوييين
mankhalihoumch,منخليهمش
blach,بلاش
ghzali,اغزالي
btasmet,ابتاسمت
houma,وهما
mazalin,مزالين
lwad3iya,الوضعيه
nebdaw,نبداو
bihoum,بيهم
lewlin,لولين
7adret,حدرت
mobtasima,مبتاسمة
jam3a,جامعة
hmhhhhh,همههههه
nebda,نبدا
chfayfek,شفايفك
tebday,تبداي
Fouad,فؤااااد
Souhayb,صهيب
Sara,سارة
walini,وليني
tigoul,تيقول
nemchiw,نمشيو
Dakhla,داخلة
Hoceima,الحسيمة
ach,اش
lmout,الموت
gha,غالموت
ndoro,نضورو
finma,فينما
3yina,عيينا
n7ebso,نحبسو
nerta7o,تنرتاحو
nchoufo,ونشوفو
lblayes,البلايص
bghit,بغيت
n3es,نعس
7oubbi,حبي
bghiiit,بغييييت
habet,هابط
lt7et,لتحت
jarda,جردة
hebbet,هبط
ftri9o,فطريقو
l9a,لقا
sab9o,سابقو
tahou,تاهو
beddel,بدل
kharjo,وخرجو
gleso,جلسو
sa3to,ساعتو
l9***,لق***
majach,مجاش
mderna,مدرنا
nsay,نساي
ghlet,غلطت
makanch,مكانش
3liya,علية
ndir,ندير
hakkak,هكاك
ghadi,غاذي
nsel7ouh,نصلحوه
nekhtbouk,ونخطبوك
simana,سيمانة
jaya,جايا
Youssra,يوسرى
baraka,براكة
ketterti,كترتي
khrej,خرج
ki3ref,يعرف
Youssra,يسرى
3arefha,عارفها
darhoum,دارهم
chene9,شنق
la7,لاح
tilifoun,تيليفون
belkhel3a,بالخلعة
ma3refo,معرفو
b3et,بعث
l7maaaar,الحماااار
aaaa,اااا
ach,اااش
aaaach,اااااش
tatkherbe9,تتخربق
yen3el,ينعل
bou,بو
7ayat,حياة
mmek,مك
9alha,قالها
r3wani,الرعواااني
9lil,قليل
3effa,العفة
tfoo,تفوووو
tlaaa9,طلاااق
menni,منني
sdemtiiini,صدمتييييني
ma3ndich,معنديش
khout,خوت
hadchi,لهادشي
khooook,خوووووك
khoook,خوووك
3lah,علاه
ghiiiir,غييييير
weld,ولد
mrabyana,مربيانا
tkhchiti,تخشيتي
m3ana,معانا
mashi,مخويا
mat9reb,متقرب
nad,ناض
we9fto,وقفتو
bjehd,بجهد
dar,ضار
t9abel,تقابل
m3aha,معاها
7emriiiiiin,حمرييييييين
kayter3ed,يترعد
ma9elt,مقلت
w,وو
kayehder,كيهضر
ykhbet,يخبط
kat9fez,كتقفز
kaaaaaaa,كاااااااااا
t9aaaarni,تقاااارني
biyaaaa,بيااااا
waaaaa,واااا
9elt,قلت
makayn,مكاين
waaaalo,وااالو
ahy,اهى
madrebniyeech,مضربنيييييش
mcharben,مشربن
7ejbanou,حجبانو
rasmin,راسمين
tlata,ثلاثة
lkhotouta,الخطوطة
binhoum,بينهم
denya,دنيا
youm,يوم
youm,ويوم
ched,شد
ma7essch,محسش
dem3a,دمعة
imta,امتا
ne9zat,نقزت
hebta,وهبطات
namoooot,نمووووت
hada,هذا
l7el,الحل
nadra,بنضرة
chkel,فشكل
7choooma,حشوووومة
ana,انا
khouk,خوك
7ellit,حليت
3ini,عيني
westkoum,وسطكم
m3akoum,معاكم
mred3ah,مرضعاه
sharekna,شاركنا
7lib,الحليب
Eylaf,ايلاف
eyyych,اييييش
Najoud,نجود
kheddama,خدامة
dmou3o,دموعو
nezlo,نزلو
kayjriiiiiw,يجريييييييييو
anaa,انااا
7raaam,لحرااام
jem3i,جمعي
7wayjek,حوايجك
yalah,ويلاه
partma,بارطما
dart,ضارت
zerba,بسرعة
awili,اويلي
had,فهاد
lil,ليل
3laaach,علاااش
tle9iiiiiiiiiiiiiiini,طلقيييييييييييييييييني
raaaaaaniiii,راااااانيييييي
hdert,هضااااااااارت
Rawya,راوية
katbki,كتبكي
baba,بابا
ntfer9o,نتفرقو
bak,باك
dkhoul,دخل
l9ah,لقاه
3eryan,عريان
kharej,خارج
douche,دوش
khooooya,خوووويا
mmek,لمك
ghlettk,غلطك
se77o,صححو
njri,نجري
malin,مالين
syeda,سيدة
wildi,ىلدي
tani,ثاني
weldiiii,ولديييييي
Souhayyyyb,صهييييييييييييب
smiya,سمية
sme3tha,سمعتها
nossi,نصي
kaytkellem,كيتكلم
sar,صار
ichi,ايشي
3ammi,عمي
fich,فيش
techghilch,تشغلِّش
balek,بالك
l7aj,الحاج
manchghelch,منشغلش
7altha,حالته
7ala,حالة
tari,طاري
sal7ouhoum,صالحوهم
khelliwoum,خليوهم
menhoum,منهم
rashoum,راشهم
lghlat,الغلاط
ysel7o,يصلحو
drebtini,ضربتيني
ghaytjem3o,غايتجمعو
koulhoum,الهم
ya3tiwk,يعطيوك
9etla,قتلة
matfi9,متفيق
ta,تالعيد
l3id,العيد
lekbir,الكبير
lek,لك
chta9et,اشتقت
twa7echtek,تواحشتك
bzaaaf,بزاااف
we9t,وكت
ajit,اجيت
binna,بينا
wacherbi,واربييييي
nour,نور
tangoul,وتنقول
dow,ضو
cha3el,شاعل
rou7,الروح
bdat,بدات
terje3,ترجع
ybarek,يبارك
khoooooya,خوووويااا
aaa,اااا
lhbiila,الهبيلة
lbghla,البغلة
bchwiya,بشوية
taye7ti,طيحتي
lghowta,الغوتة
lkol,الكل
wejed,وجد
ab,اب
jellaba,جلابة
maskiya,مسكرية
belgha,بلغة
loun,اللون
khal,خال
mer7ba,مرحباااا
alf,الف
Souad,سعاد
bikoum,بيكم
kbir,كبييير
rebi,اربي
choufat,شوفات
3endo,عدنو
nawiha,ناويها
nit,نيت
fach,فاش
titde3e9,تيتدعق
tihbel,تيهبل
lfrekh,الفرخ
l7e9,الحق
akhouk,اخوك
ra7,راح
yferretha,يفرطها
wallah,والله
andiiiirou,انديييرو
l3ers,العرس
l7ewwat,الحوات
chyakho,شياخو
7sabi,حسابي
serfe9,صرفق
wejho,وجهو
ido,ايدو
raaah,ورااه
fze3i,فزعي
idih,ايديه
7oulmi,حلمي
ta7attama,تحطم
wa,واختفى
yaaaa,يااااااا
geffertaaah,قفرتاااه
dower,ضور
nesf,نصف
dowra,ضورة
l3erd,العرض
lbati2,البطيئ
ness,نس
3in,عين
tahi,وتاهي
chafo,شافو
mkhenzer,مخنزر
3tato,وعطاتو
llfou3a,اللفوعة
tkhenzirto,تخنزيرتو
kemmech,كمش
3ino,عينو
7ofra,حفرة
yetla7,يتلاح
7wayjo,حوايجو
maykrah,ميكره
negzat,نقزات
nsiba,النسيبة
lmostaqbaliya,المستقبلية
netqat,نطقات
taltif,تلطيف
jaw,جو
mza7,ومزاح
aslan,اصلا
lmza7,المزاح
raghma,رغم
annaha,انها
sayeda,سيدة
msawba,مصوابة
ya3tik,يعطيك
a,ا
weldi,ولدي
inchaallah,ان شاء الله
ndirouh,نديروه
nfoutouh,ونفوتوه
3wina,عوينة
mankrah,منكره
ktar,كثر
Lhaj,الحاج
ykemmel,يكمل
doun,دون
femmo,فمو
ynte9,ينطق
matl9ay,متلقاي
mochkil,مشكيل
derwich,درويش
7nin,حنين
kaysme3,كيسمع
yerdi,يرضي
manshekro,منشكرو
3e9lo,بعقلو
Ilyas,والياس
kherjo,خرجو
3inihoum,عينيهم
khousousan,خصوصا
lkelma,الكلمة
jabet,جابت
tamam,تمام
khllato,خلاتو
yet3te9,يتعتق
lmawqif,الموقف
fooo9,فوووق
kamel,كامل
tzadouh,تزادوه
nejmat,نجمات
lktaf,فالكتاف
grade,گراد
jalsin,جالسين
b3ad,بعاد
salon,صالون
kbir,كبير
9erreb,قرب
hder,هضر
3endo,وعندو
zher,زهر
lkelb,الكلب
l,بل
ihoudi,ليهودي
bas,بس
chouf,شوف
nadrat,نضرات
bifawetha,بيفوتها
waldik,والديك
tichouf,تيشوف
nafekh,نافه
ktafo,كتافو
9alik,وقاليك
n3el,نعلبوك
bouk,بوك
lmanbar,المانيبر
3t9o,عتقو
lwalid,الوليد
ll7da,اللحضة
wini,ويني
madouzch,مدوزش
lh,ليه
tfoo,تفووو
9oddam,قدام
l3ibad,العباد
mabghinah,مبغيناه
ygoulha,يقولها
tari9a,طريقة
7ases,حاسس
darha,دارها
bel3ani,بلعاني
ygoulia,يقوليا
9oltha,قلتها
mabghach,مبغاش
abiya,ابيا
limin,بليييمين
tikouno,تيكونو
chad,شاد
ded,دد
ma3ndi,معندي
chyakh,شياخ
gharad,غراض
ghanokhrjo,غانخرجو
fera7,فرح
tidouz,تيدوز
mode,مود
silence,سيلونص
dedan,وضدا
ghayjibhoum,غايجيبهم
llahch,اللاااهش
yemken,يمكن
ywaf9,يوافق
mech,مش
akid,اكيد
ba3rfo,بعرفو
bi7eb,بيحب
ikhtilat,الاختلاط
ma3reft,منعرف
n3red,نعرض
Najwa,نجوى
khassni,خاصني
nhder,نهضر
youmayn,يومين
mahderna,مهضرنا
sem3ouhoum,سمعتهم
tahi,تاهي
7da,حدا
had,اللحضة
7tal,حتاال
yw3a,يووعى
9al,قال
ghmmed,غمض
mkemmechhoum,مكممممشهم
ghaydour,غايضور
y7el,يحل
tmnya,ثمنية
l9ertas,القرطااس
kichoufo,كيشوفو
nadra,نضرة
chhadchi,شهاذشي
reb,اربي
lakount,لكنت
merdi,مرضي
7yati,حياتي
merra,مرة
maysem3nich,ميسمعني
lmedfa3,المدفع
tanawi,تناوي
l7lal,الحلال
Najwti,نجيوتي
aa7,اااح
kathedri,كتهضر
selgout,السلگوط
z,ز
zmaan,ز زمااان
jab,جاااب
Zina,زينة
3yana,عيانة
lyom,ليوم
ma9drat,مقدرات
temchi,تمشي
amma,اما
tesm3ek,تسمعك
naari,ناااري
dreb,ضرب
tar,طر
tzidk,تزيدك
tzewej,تزوج
atgoul,اتقوليك
ydir,يدير
khbarek,وخبارك
twsel,توصل
ayyymat,ايييماات
ra9mha,اخذت رقمها
malkoum,ومالكم
makandir,مکندير
kan3awenha,كنعاونها
lbe7t,فالبحث
licence,ليصونص
osskot,اسسسكت
slougiya,اسلوگية
darajat,من درجة
doberman,دوبيرمان
3ndha,عندها
lbe7t,والبحث
khamsin,خمسين
semestre,سوميستر
7sab,حسب
9rayet,قراية
la,لافاك
fac,ديال
lmaghrib,المغريب
tfekker,تفكر
douz,دوز
gha,غالحرب
dog,دوگ
fiiiin,فيييين
jebti,جبتي
nemrtha,نمرتها
yak,ويك
t3awed,تعاود
tle9,طلق
caniche,كانيشة
hahou,هاهو
kdak,كداك
jouj,جوج
kailmat,كلمات
yche9leb,يشقلب
lmek,لمك
lcarte,لكارط
mere,مير
lhiiiih,لهييييه
jales,جالس
kayhder,كيهضر
waa,وااا
setrouni,ستروني
ento9,انطق
t3e9lo,تعقلو
jerroni,جروني
l3abbat,لعابات
9alo,قالو
rajli,راجلي
ta3,تاع
9elbi,قلبي
kount,كنت
kanchte7,تنشطح
eb,اب
kemmel,كمل
kidaret,كيدارت
3tatha,عطاتها
9olt,قلت
ma3loumat,معلومات
Cadi,القاضي
Ayyad,عياض
khousous,دكتوراه
doctorat,دكتوراه
Eylaf,وايلاف
7ello,حلو
femhoum,فمهم
tchweto,تشوطو
zefta,زفطة
neggaz,نقز
may3awed,ميعاود
malkoum,مالكم
ajjel,اجل
tankherbe9,اتنخربق
lmohim,المهيم
chedditha,شديتها
hedya,الهدية
ser,سر
tzelal,تزلال
tana,تانا
lmhna,المهنة
7ek,حك
7chem,حشم
9yas,قياس
l9aha,لقاها
7adra,حادرة
rasha,راسه
7absa,حابسة
khaybha,خيبها
ferta,فرطة
mimti,ميمتي
lfer7a,الفرحة
kan,وكان
maykhessha,ميخصها
be3d,بعد
bghatha,بغاتها
te7der,تحضر
llah,والله
y9edderni,يقدرني
n3iyyechha,نعيشها
3achet,عاشت
a7san,واحسن
l9at,لقات
yferre7ha,يفرحها
ythella,فيها
iwa,ايوى
barakat,بركة
netaf9o,نتافقو
l3e9d,العقد
taf9o,تافقو
l3ersan,العرسان
9olti,قلتي
a7m,احم
wiyaha,وياها
khatafa,خاطفة
l9ahoum,لقاهم
tayfernso,تيفرنسو
khkhkh,خخخ
sem7to,سمحتو
ngoul,نقوليها
liha,عليها
rayi,رايي
ta3tini,تعطيني
rayha,رايها
dik,ساعة
na3tiwkoum,نعطيوكم
khbar,خبار
chno,اشنو
9rrerna,قررنا
iyeh,ايه
weldi,اولدي
lbent,البنت
ysawlo,يسولو
wali,ولي
amr,امر
khalha,خالها
ma9am,مقام
Ali,علي
7e99o,حقو
nodi,نوضي
benti,ابنتي
hedro,وهضرو
binama,بينما
lghda,الغذا
7ani,حاني
mzenneg,مزنگ
awalan,أولا
lferta,الفرطة
we93at,وقعت
ma9aderch,مقااااادرش
ychouf,يشوف
khoh,خوه
yhez,يهز
sbe9,سبق
w9ef,وقف
mabgha,مابغا
fihoum,فيهم
m9ablin,مقابلين
m3ahoum,معاهم
3arefhoum,عارفهم
bghaw,بغاو
ydiro,يديرو
7lef,حلف
vu,vu
khhhhhh,خهههههه
maychouf,ميشوف
fikoum,فيكم
3arefkoum,عارفكم
ghadiro,غاديرو
mrato,مرتو
ghadya,غاديا
l3endo,لعندو
werre9,ورق
tesb9o,تسبقو
ghaydir,غايدير
temmat,تمات
nayda,نايضة
btisama,ابتسامة
khajoula,خجولة
7echmaaaana,حشماااانة
katr3ed,كترعد
mchat,مشات
l9ato,لقاتو
wa9ef,واقف
taytsennaha,تيتسناها
telle3o,تطلعو
bi7okm,بحكم
ma3arefch,معارفش
sebqato,سبقاتو
hwa,وهو
yehz,يهز
ta3,تااع
l9amija,القميجة
sdafi,صدافي
l9eddamiyin,القداميين
niyto,نيتو
yetneffes,يتنفس
7it,حيث
tdghat,تضغط
tziyyer,تزير
aji,واجي
fehhemhoum,فهمهم
billla,بالي
manawich,مناويش
khzit,خزيت
l7aaaq,لحااااق
biyfta7,بيفتح
zrar,ازرار
l9amis,القميس
nari,نري
3ndak,عنداك
goul,قوليه
lih,ليتفرق
l7ram,لحرام
jer,جر
zmer,زمر
tferr9o,تفرقو
hder,وهضر
9rib,قريب
wednha,لوذنها
darija,دارجة
tzengat,تزنگات
kherjat,وخرجات
katchouf,كتشوف
khouha,خوها
kan,الي كان
mlahi,ملاهي
kay9ad,كيقاد
mkhdda,مخدة
waraha,وراه
def3at,دفعات
merfeqha,مرفقها
khafat,خافت
khoutha,خوتها
ysem3o,يسمعو
Eylaf,ايلااااف
7alali,حلالي
walaw,ولووو
chta9t,اشتقت
esma3,اسمع
ahatik,اهاتك
wa7atik,واحاتك
anti,وانتي
tayra,طايرة
m3i,معي
sma,سما
khallas,خلص
tmouti,تموتي
llila,الليلة
mahrab,مهرب
aaalahech,اااالاهش
t3ellemti,تعلمتي
alahech,الاهش
tiy3elmek,تيعلمك
mrat,مرات
fer7anin,فرحانين
dyaf,ضياف
7tito,حتيتو
tlaha,تلاهى
kayhedro,كيهضرو
rba3a,رباعة
jama3a,جماعة
7ess,حس
katneffes,كتنفس
ma7douda,محدودة
khellah,خلاه
khouf,خوف
katneffsi,كتنفسي
ma3reftch,ماعرفتش
tte9l,الثقل
katdyaq,كتدياق
ma3lich,ماعليش
ysemme7,يسمح
iddo,ايدو
deweza,دوزها
7anan,حنان
7oub,حب
7adaqathom,حدقاتهم
kaywsa3o,كيوساعو
ghattawhoum,غطاوهم
jfounha,جفونها
7echmat,حشمة
neteq,ونطق
mennek,منك
tel3at,طلعات
lfo9,الفوق
kater3ed,كترعد
7echma,الحشمة
tawattor,بتوتر
hawa,وهو
tabe3ha,تابعها
yedreb,يضرب
kfouf,كفوف
dekhlat,دخلات
salon,الصالون
s9iiiiil,صقييييل
ycheddha,يشدها
iddha,ايدها
jerrha,وجرها
daha,داها
9ent,مخبي
mkhebbi,مخبي
lbab,الباب
dfe3ha,دفعها
na7iyat,ناحية
sedro,صدرو
ma7tal,محتال
tehder,تهضر
wakhed,واخذ
7ettha,حطها
wara,ورا
che3rha,شعرها
lid,وليد
tanya,ثانية
khserha,خصرها
m9errebha,مقربها
m,م
khesla,خصلة
touuulha,طوووولها
9errebha,قربها
menkhro,لمنخرو
kemmel,وكمل
tlmassha,تلماسها
kandir,كندير
bent,ابنت
Rifa3i,الرفاعي
7iyyed,حيد
yji,يجي
khali,خالي
khalek,خالك
tnod,تنوض
lqiyama,القيامة
ster,ستر
khti,ختي
lyom,اليوم
ghda,غدا
chefti,شفتي
chno,شحال
khatiiiir,خطييييير
hhhh,ههههه
Youuuussef,يووووووسف
nwiwira,نويويرة
ntaaa3o,نتاااعو
ch7aaaal,شحاااال
7atthatoum,حاطهم
mennoum,منهم
ghamdat,غمضات
mtwattra,متوترة
9orbo,قربو
daraja,الدرجة
awwel,اول
kayqerreb,كيقرب
7ettat,حطات
bas,باس
7nekha,حنكها
rje3,رجع
mobtasim,مبتاسم
neteq,نطق
derna,درنا
khemstach,خمسطاش
mezyan,مزيان
kherjat,خرجات
mazrebnach,مزربناش
lin,لين
bellati,بلاتي
gles,جلس
ntfahemo,نتفاهمو
be33ed,بعد
lalla,الالة
lyam,ليام
tweli,تولي
7lali,حلالي
yferreqni,يفرقني
glets,جلسات
7dah,حداه
sdari,سداري
lmerra,هاد المرة
jiddiya,جدية
ma3ndna,معندنا
net3etlo,نتعطلو
mazal,مزال
llazem,اللازم
hani,هاني
lamta,لامتا
khayfa,خايفة
tgouli,تقولي
khatri,خاطري
khatrek,خاطرك
simanat,سيمانات
nwjed,نوجد
netqadda,نتقدا
ykhessni,يخصني
l7wayej,الحوايج
rak,واراك
ferkat,فركات
tawattor,توثر
chabekha,شابكها
7ettha,وحطها
fkhdo,فخدو
mziyyyer,مزيييررر
zin,زين
khessatek,خصاتك
flous,فلوس
twejdiha,توجديها
nharha,نهارها
khoudi,خودي
3ejbek,عجبك
3lach,وعلاش
9edditi,قديتي
7wayej,حوايج
ghanjibhoum,غانجيبهم
dhaz,دهاز
ma9alat,على مقالت
lwalida,الوليدة
ghandiro,غانديرو
3e9d,عقد
tatwejdi,تتوجدي
maghadi,مغادي
ne7remek,نحرمك
wnalo,من والو
mimtek,ميمتك
maghadich,مغاديش
ne7remha,نحرمها
t7eqqe9,تحقق
7olmha,حلمها
tchoufek,تشوفك
3roussa,عروسة
3ersek,عرسك
ah,اه
katlewleb,كتلولب
tayfernes,تيفرنس
hhhh,هحح
chnoo,شنوو
niytek,نيتك
7eq9,حق
rebbi,ربي
manroddha,منردها
wejhek,وجهك
def3ato,دفعاتو
khajal,خجل
Youuuussef,يووووسف
Youuuussra,يووووسرى
hennini,هنيني
khellina,خلينا
ndouzo,ندوزو
khetra,خطرة
dekhla,دخلة
n3icho,ونعيشو
l3omr,العمر
koullo,كلو
n7eqqe9,نحقق
mama,ماما
sber,صبر
we9t,وقت
kaykhess,كيخص
darouri,ضروري
n2ajjlouh,ناجلوه
twled,تولد
anaari,اناااري
baqi,باقي
ghaybqa,غايبقى
chehr,شهر
ness,نص
mandiro,منديرو
momkin,ممكن
9el,قل
n7emdo,نحمدو
lwe9t,الوقت
maysme7ch,ميسمحش
zherha,زهرها
akher,اخر
jomla,جملة
malha,مالها
mamt2akdach,ممتأكداش
control,كونطرول
jay,جاي
nt2aked,نتاكد
ykhelik,يخليك
matkhle3inich,متخلعينيش
waq3a,واقعة
matkhafch,متخافش
thamen,ثامن
fato,فاتو
tkhataat,تخطات
mer7alat,مرحلة
lkhatar,الخطر
makay3nich,مكييعنيش
anno,انه
ay,لحضة
le7da,لحضة
ma3reftch,معرفتش
ngoul,نقول
tebqa,تبقى
binatna,بيناتنا
mabghitch,مبغييتش
nkhle3ha,نخلعها
nebghi,نبغي
matketterch,متكترش
lmchi,المشي
dert,ذرت
korsi,كرسي
lwalda,الوالدة
kangoulo,كنقولو
me7loula,محلولة
ghaybdawha,غايبذاوها
taqallousat,تقلصات
kathira,كثيرة
btida2an,ابتداء
sabe3,سابع
kay3icho,كيعيشو
ma7sen,ماحسن
iktimal,الاكمال
lkerch,الكرش
a7sen,أحسن
l7adina,الحاضنة
nadedt,ناضت
ghatberzetni,غاتبرزطني
doctora,دكتورة
mtb3a,متبعا
wa3edtha,واعدتها
n7afed,نحافض
weldha,ولدها
wa3d,ووعد
l7orr,الحر
dayn,دين
sghira,صغيرة
raha,راها
mkabra,مكابرة
mkrefsa,مكرفصة
t3eddeb,تعذب
lwilada,الولادة
ghandir,غاندير
كتر,كتر
jehdi,جهدي
sahla,ساهمة
khayfin,خايفين
mnno,منو
mabghinahach,مبغيناهاش
tase3,تاسع
idtirabat,اضطرابات
lmochkila,المشكيلة
mamfakch,ممفاكش
lbatal,البطل
3ammo,عمو
hadak,هذاك
yched,يشد
waldih,والديه
mached,مشد
cheddat,شدة
l3ma,العما
delma,ضلمة
madmerch,مدمرش
makafa7ch,مكافحش
ma3tamedch,ماعتامدش
ma7arebch,محاربش
makanch,ومكانش
chdid,شديد
y7elfo,يحلفو
bih,به
3alaqa,علاقة
laho,له
Ramsis,رمسيس
a77,احح
weldna,ولدنا
bniya,بنية
nzowejha,نجوجها
bwah,بوه
wakhaaa,وخااا
majatch,مجاتش
kano,وكانو
lewlad,الولاد
bghaha,بغاها
tand7ko,تنضحكو
safi,وصافي
matemchi,متمشي
mchakk,مشاك
lmohim,المهم
bikhir,بيخير
3la,وعلى
daz,داز
hebto,وهبطو
lqawhoum,لقاوهم
mjemm3in,مجمعين
7aaawel,حاااول
amkan,امكن
3la,بعيد
bqaw,بقاو
kayhedro,يهضرو
bleghouhoum,بلغوهم
9ararhoum,قرارهم
l3e9d,بالعقد
be3dha,بعدها
telqat,طلقت
zaghrouta,زغروتة
lsan,لسان
mert,مرت
tanya,تانية
talta,ثالثة
bareko,باركو
nado,ناضو
sellemo,سلمو
walidihoum,واليديهم
7ader,حادر
7eddo,حدو
sellem,سلم
3inaq,عناق
akhawi,اخوي
rajoul,رجول
tebteb,طبطب
ketfo,كتفو
khebet,خبط
mayghres,ميغرس
m9erreb,مقرب
9ayel,قايل
mabrouk,مبروك
maderti,مدرتي
lkhir,بالخير
7edder,حضر
3e9lek,عقلك
wzen,وزن
klamak,كلامك
3ref,وعرف
ma3nah,معناه
matnetqo,متطقو
t7emmel,تحمل
mas2oulitek,مسؤليتك
mawzouna,الموزونة
tenf3ek,تنفعك
7yatek,حياتك
tfahomna,تفاهمنا
3awed,عاود
berrek,برك
3sser,عصر
alam,الالم
khoya,اخويا
sme7,سمح
7en7en,حنحن
rfe3,رفع
sawto,صوته
mghlldo,مغلضو
7ajtek,حاجتك
bghitiha,بغيتيها
goulha,قولها
l9a3ida,بالقاعدة
teleb,طلب
yemne3k,يمنعك
fer7tek,فرحتك
Youssef,ايوسف
merti,مرتي
salama,بسلامة
l3aqiqa,العقيقة
maykoun,وميكون
neggez,نقز
laaaa,لاااا
ferrecha,فرشها
lssano,لسانو
ytbez,يطبز
hatak,هاتك
stelim,استلم
enta,انت
ba2a,بقا
dkhalt,دخلت
rreb,الرب
ljalil,الجليل
Fouaaad,افؤاااد
serfeq,صرفق
ma7ilto,محيلتو
yfre7,يفرح
yetfeqess,يتفقص
slouka,سلوكة
a7asis,احاسيس
tkherbqo,تخربقو
Hmiddd,حمييييييييد
