input_text,target_text
La première fois que l'honnêteté voyage avec Ghadi à Marrakech,لا البريمير فوا كاين هونستة تغادي لمرّاكش
Viva khwa lah i3awonik o tari9 salma,فيفا خو له يعاونك وطريق سلمة
Lah m3ak 7awl akhouya,الله معاك حاول خويا
Hhhh drari matqlqoch rah ghi talqinha kain likai3air om3asb fhala habsino ikhorj rah hadchi likatsm3o mamnoch,هههه دراري متقلقوش راه غير تلقينها كاين ليكاعير ومحاسب فهلا حبسّينو يخرج راه هادشي ليكاتسمعو ممنوع
Nariiiii wach kayn bo3o hhhhhhh,ناريييي واش كاين بو3و ههههههه
Hhh h1 wa7ed benj,هههه واحد بنج
Li mafhmch z3ma rah hlef w thnet w kaysom 3j het hlef blah w machi 1000 whda tmnah hhhhh,لي ما فهمش زعما راه حلف وتنت و كايسوم عج حلف بلا و ماشي 1000 وحدة تمنها ههههه
Khoya l3ziz dima kayn,خويا العزيز ديما كاين
Wax ntoma khot ola,واش نتوما خوت ولا
Ch7al had l piscine !?,شحال هاد البسين !؟
La li kaygolk gs we tenere t9al chof bnadm ka tchof m3ahom ro3b hhh,لا لي كايكولك جس و تينير ت9ال شوف بنادم كايتشوف معاهم روعب ههه
Ou cfmoto 450 mt 800 dyal voge,أو سيفموتو 450 مت 800 ديال فوج
Si normal mli kat3ammar motor ou katgrati vitesse kaydir dak sout,سي نورمال ملي كاتعمر موتور و كاتكراتي فيتيس كيدير داك الصوت
Had sot kay3ach9oh ghir hrayfia,هاد الصوت كايعشقوه غير حرايفيا
Ana ra eandi gha cimatti mt05 makin gha tfargi3,أنا را عندي غا صيماتي مت05 ماكين غا تفرجي3
Tagiw madam elbakkali tchof hadi hia w mha,تاجيو madam البقالي تشوف هادي هيا و مها
Kon mChiTo so9 bansoda,كون مشيتو سوق بانصودة
9alt lih 3ndak tchod diya lor,قلت ليه عندك تشود ديا لور
Slm khouya walid 0656608916 allahe ikbre bik bekhit nehdre me3k,سلم خويا وليد 0656608916 الله يكبر بيك بخيت نهدرو معك
Fobya dyal bne nseer dart khdemtha,فوبيا ديال بن نصير درت خدمتها
nadi akhoya rir lblya b3d mnha lah ishl 3lik,ناضي أخويا رير البلية بعد منها الله يشل عليك
Hna mn 2003 lhih kyjini bhl ila m3xnax g3,حنا من 2003 لهيه كيجيني بهل إلا معخناش كع 3
Hiya ana cherft hhhhhhhh ana 1992,هيا أنا شرفت ههههههه أنا 1992
3lach kathwa,علاش كتحوا
Dalta ma hum da akhtar munz kare deer zyat halak we,دلتا ما هم دا أختار مونز كاريه دير زيت حلاك و
3lax a5oya mili katkon m3a s7abk katd7ak ou m3a 5ok m3asb,علاش أ خويا ملي كاتكون مع صحابك كاتضحك و مع خوك محاسب
Jaybin mklkh b7al lmoutchou okaysnaw l7l9a tnjh,جايين مكلخ ب7ال لموتشو أوكايصناو ل7ل9ة تنجح
Rmook 3aref tri9o om3alem .professionel.mochkil f les voiture des particuliers.,رموك عارف طريقو ومعلم .بروفيسيونيل.مشكل ف لسيور ديال البارتيكوليي
Wch katfra9 bin niveau ou temperature,واش كاتفرق بين نيفو و تيمبيراتور
zite a khouya ma aytle3ch l aspirateur ?,زيت أ خويا ما أيتطلعش لأسبراتور ؟
Makanmchich lmrjan y3ni nhar nchofk an9m3k,ماكانمشي للمرجان يعني نهار نشوفك أنقمك
Hiya ah wlk bch lkaki takhdo b 9dh 10dh o tbi3o b 28dh 30dh c pas logique,هيا اه ولك بصل الكاكي تاخدو ب 9د 10د و تبيعو ب 28د 30د سي باش لوجيك
Amin ana f lalaman,أمين أنا ف لعالام
3lach kayd7k bzez wach hadak gal chu haja kad7k wla ana mrid,علاش كيدحك بزيز واش هاداك قال شي حاجة كيدحك ولا أنا مريض
hwa li dar chi sbla Bach hya dart haka,هوا لي دار شي سبلا باش هيا دارت هكا
Ahsen meroki fl l3alam tahya,أحسن مروكي فل لعالم تحيا
Ah ana kan3rf oujda,أح أنا كانعرف وجدة
9an3ihom akhti ana ma3endiiich jehd,قنعهم أختي أنا معنديش جهد
khliw koora lwste ou ayrj3ou bjouj yn3sou loure,خليو كورة لوست و أرجعو بجوج ينعسو لور
Imta lmatch be3da,امتا لماتش بعدا
nika7 lbassari,نيكا7 لبصاري
M3rfatchi regragi fra3 luis enrique,معرفتشي ريغراغي فراع لويس إنريك
5as mn daba nl9aw hl ldifa3 Hit ila mchi basis yamik farah s3ib Hit chrfo wradi yzido ychrfo had 7 chhour hhh,خص من دابا نلقاو حل لدفاع حيت إلا ماشي بيس ياميك فرح صعيب حيت شرفو ورادي يزيدو يشرفو هاد 7 شهور ههه
kora ghdi tb9a f centre mghdich tl3eb hhhhh,كورة غدي تبقا ف السنطر مغديش تلعب ههههه
3rafti 3lach radi tabda tasma3 chi r9am khayaliya 1000 hp rada twali bhal 200hp daba,عرفتي علاش رادي تبدا تسما3 شي رقم خيالي 1000 hp رادا توالي بحال 200hp دابا
La passion Klma mayfhmha ghir li 3aychha,لا باسيون كلما مايفهمها غير لي عايشها
La passion kAlma ma mayfhmha ghyr li 3aychha ultras per la vita,لا باسيون كلما مايفهمها غير لي عايشها أولتراس بير لا فيتا
dakchi 3lach l3aba d barca makaytsaboch f ligament,داكشي علاش لعادة د بارصا ماكاتصابوش ف ليغ
Awdi lah inajik man wahad no3 taikon kabar m3a la3yalate walh ima ihayad Lik taikon masmom okanin wld lablad taidrab 3lik gir FAL mraya tai3tik tri9,أوودي الله يناجيك من واحد نوع تايكون كبار مع العايلة والله إما يحاد ليك تايكون مسوم وكانين ولد لبلاد تايدراب عليك غير فال مرايا تا يعطيك طريق
3ajbtni hulix,عجبني هوليكس
RE DA hna,ري دا هنا
3awtani ghadi yjiw 3andk nta mdouble man liman w kda hhhhhh bnadam gha sama3 b tri9 w sfi,عوتاني غادي يجيوا عندك نتا مديبل من ليمان وكدا هههههه بنادم غا سماع بتريق وسفي
Doz l3ndna,دوز لعندنا
ba9in wa7lin f 2006,باقيين واحلين ف 2006
Hhhhhhhh machatich toit panoramique tilas9ouh,ههههههه ماجاتيش تويت بانوراميك تيلسقوه
Onta so9k,أنت سوقك
Lhayaaat ghyer 3adiila,الحياة غير عاديلة
"Bnadm mchal9mo lhsad, lah isahl 3la kol wahd",بنادم مضلهمو الحصاد، الله يسهل على كل واحد
Wayli ma ti tmazakche lagnawi?,وايلي ما تمازكش لغنوي؟
kant kantsnah y9ol lferda sa3a khaf ydikala,كانت كانصنا يقول الفردة ساعة خاف يدكالا
Mike dean li gadd lbeat machi Pharrell,مايك دين لي قد لبيت ماشي فاريل
3adie ana okandirha,عادية أنا كاندرها
Ka yriskiw wla nta rah z800 wla 1000 rah ila jrit 90 wla 100 rah b7ala 40 hhh homa yjiboha f rashom,كايريسكيو ولا نتا راه ز800 ولا 1000 راه إلا جريت 90 ولا 100 راه ب7الا 40 ههه هوما يجيبوها فراشوم
Hadak machi dada ?,هاداك ماشي دادا ؟
Awdi gal lk f l 2M f l aoula hhhh,أوودي قال لك ف ل 2M ف ل أولى ههه
"Borojola hada classement des films d'actions machi braquage. Rak zgalti the town, Headhunters (2011), Mesrin (vincent cassel ) , Now you see me (2013), Tripple Frontier, Inside Man ( denzel W) . L'idee hia anaho l'evaluation du film en se basant sur le… En voir plus","بوروجولا هادا كلصيف ديال أفلام دأكشن ماشي براقاج. راك زغلتي the town, Headhunters (2011), Mesrin (vincent cassel ) , Now you see me (2013), Tripple Frontier, Inside Man ( denzel W) . الليديه هيا أنوهو التقييم دلفيلم ف ساسنت على… انظر المزيد"
"No inside man , man on a ledge , the town , the bank job khuya ra2yok yo7taram mais khas bzf dyal les modif",نو إينسايد مان ، مان أون أ ليدج ، ذا تاون ، ذا بانك جوب خويا رايك يو7ترم mais خاص بزف ديال ل موديف
"Tu as totalement réson mon frère, ça m'a déjà arrivé,",تو هاس توتالي ريزون مون فرير ، صا ما جا أريفيه ،
Maybe the Best M5 ever exit the E39,مايبي ذا بست إم 5 إيفير إكزيت ذا إي 39
All I see is CR7 REBORN,أول آي سي إيز سي آر 7 ريبورن
"la akhuya, hada l7ulm dial hergawa",لا خويا ، هادا لحلم ديال هرغاوا
Mais 3lach meskin,مايس علاش مسكين
Ghadi tkoun ahesan lahda f hyato … En voir plus,غادي تكون أحسن لحضة ف حياتو … انظر المزيد
Ga3 dakchi lighydir m3ah mcha dewzo wja,كاع داكشي ليغيدير معاه مشا دوزو وجا
Said Lasmar hyad fik had lkhdaym,سعيد لاسمار يحاد فيك هاد لخادم
Khoya Seraha fhad lwa9t bnadem idkhal so9 raso 7san lih,خويا صراحة فهاد الوقت بنادم يدخل سوق راسو حسن ليه
Slm Khoya ana kahirafi flamikanic essence normal ahsan,سلم خويا أنا كاهيرفي فلاميكانيك إيسونس نورمال أحسن
Khoya Ayman Jbari fkkr mzyaaan f chi 9iissa li tji mea had lkhir likadir bravo elik mais rah ila makant hta qiisa w makanoch l missions ra bhala makadir walo w alah iwwf9ek a brother rak nadi,خويا أيمن جباري فكر مزيان ف شي قصة لي تجي معا هاد الخير ليكادير برافو عليك mais راه إلا ما كانت حتا قصة وماكانوش لميشونس را ب7الا ماكادر والو والله يوفقك أ خويا راك ناضي
4 drari 250dh l wa7d villa mkriya l nhar b 1000dh,4 دراري 250dh ل واحد فيلا مكرية ل النهار ب 1000dh
M3a galtha Lik m3a mchiti kriti Villa m3a chi 15 lwahd,مع گالتها ليك مع مشيتي كريتي فيلا مع شي 15 لوحد
3ziz 3li wkh mkn3rfkchi,عزيز علي وخ مكنعرفكشي
Katl9ah umi ma9arich edayro tema,كاتلها أمي ماقاريش أديرو تيما
Radi n9alab 3la war9a,رادي نقالب على ورقة
Saraha wa3ere dirohe blile,صراحة واعرة ديروه بليلة
Fg3 videos tadwi abch dwi,فگ فيديوس تدوي أبش دوي
"Chef ali tbarklah o machallah 3lik , ki 3jebni kifesh ka tpartager lma3louma m3a nass ,",شيف علي تبارك الله و ماشاء الله عليك ، كي عجبتني كيفش كاتبارطاجي لمعلومة مع ناس ،
Ma dirhach mni 9elet swab had la mousse li kathder 3liha Smitha mousse bavaroise li katkoune a base de la crème anglaise + la crème montée+ parfum ola arome au cho… En voir plus,ما درهش مني قعلت صواب هاد لموس لي كاتهدر عليها سميتها موس بافارواز لي كاتكون أ باص دي لا كريم أنجليز + لا كريم مونتي + بارفيوم أولا أرمو أو شو… انظر المزيد
Chnu smit sebardila li labs chaos,شنو سميت سبارديلة لي لابس خاوس
Ayman Ouali hak had Mahmoud 3alam,أيمن أوالي هاك هاد محمود علم
Wa hia lm3lm,و هيا المعلم
Oussama Abbou Mohlika officiel rajal alik akhali khasak trayah meah Bach tbadla rayyaa dyalk nta Aslan rtitab alkaekae bhalak nta Rak 3arf blamat ngolk hchamt nsabak tn9az ala rajal alka3ka3,أسامة عبو موهليكا أوفيسييل راجل عليك أخالي خاصك ترايا معا باش تبدل رايك ديالك نتا أسلان رتيتاب الكاكا ب7الك نتا راك عارف بلامات نگولك حشمت نسابك تنقز علا راجل الكعكع
Bsa7tk,بساحتك
He's being doing great since joining CR7 the GOAT...SUIIIII,هيز بينغ دوينغ غريت سينس جوينينغ CR7 ذا جوات…SUIIIII
Sir ya wld 9h galik mhamcha,سير يا ولد 9ه قاليك مهمشا
Machaellah 3la lhayat tabi3ya otahyati okhti lghzala lmouhtarama thouraya,ماشاء الله على الحياة طبيعية و تحياتي أوختي الغزالة المحترمة ثوريا
Khoya birojola ila makintiw kadir loton ohada howa sawtk rah bzffff akhoya siiiir lrap makrahnax kon lahti lina xi track akhoya xkon mtaf9 m3aya,خويا بيروجولا إلا ما كنتو كاديرو لوتون وهادا هوا صوتك راه بزف أخويا سير لراب ماكرهناش كون لهتي لينا شي تراك أخويا يكون متفق معايا
Tbrklah 3lik,تبرك الله عليك
Mabghithach lik koun b9iti fzn9a sohil hram 3lik,ما بغيتش ليك كون ب9يتي فزنقة سهيل حرام عليك
M3rftch mnin kyti7o 3lik had l afkar hhhhhh bravo lik,معرفتش منين كيتيحو عليك هاد الأفكار هههههه برافو ليك
Abdelaziz El Makoudi hada tena wlh,عبد العزيز المكودي هادا تناء والله
Hhhhhh gha blati ghadi tkhlees mazal,ههههه غا بلاتي غادي تخليس مازال
layn3ltbonmkmo,لاينعلت بونكمو
Meb huas aw maiv mob li cas naj thov teb o,ميب حواس أو مايف موب لي كاس نج ثوف تب و
Hhhh 3alm dak khona,هههه عالم داك الخونا
Rida Touil howa wla maxi howa,ريدة طويل هوا ولا ماكسي هوا
Khalid Orao lakhor li kihssab lih ra kigol chi haja fiha sdae hhhhh,خالد أوراو لخور لي كيحسب ليه را كيقول شي حاجة فيها صداع ههههه
Tara b9alk gha tnikoo,طارا ب9الك غا تنيكو
Hhh ana wahd khona f mkenas chadin 9hwa kantssnaw constator hhh,ههه أنا واحد الخونا ف مكناس شادين قهوة كانتسنوا كونستاتور ههه
nari ach gal,ناري آش قال
Oussama Amiri hhhhhhhhhhhh nta,أسامة أميري ههههههههههه نتا
kolba hadey tiri ilmaha hakaa seexdaano ma foga,كلبة هادي تيري إلهاها هكاك سيكسدانو ما فوفا
O9sim billah wahed nhar kont mor wahed Sh labes casque dyalo we9afna fdaw hmar kanchof fih fhal hayda hbet ftah topcase d motor jbed mno chapeux d gucci olebso orja3 casque khxah f baliza dmotor hhhhhhhhh khesara kan khso itsewar hhhhhhhhhh,أو9سم بالله واحد نهار كنت مور واحد ش لابس كاسك ديالو و9افنا فداو حمار كانشوف فيه فحال هايدا هبت فتاه توب كيس د موتور جبد منو شابو د غوتشي أولبسو ورجع كاسك خخاه ف باليظة د موتور ههههههه خسارة كان خسو يتصور ههههههه
Hada howa ljadid,هادا هوا الجديد
Katsd9 ghir mra,كاتسد9 غير مرا
tbarkllah 3lik,تبارك الله عليك
dirlna yrhmlk lwalid 3la z1000 z800,درلنا يرحم لك الواليد علا ز1000 ز800
Lmraya dial l7ala9 : vu,لمرا ديال لحلا9 : فو
Lwlidd 3andk bki kyfwj,الوليد عندك بكي كيفج
Rijal Bissoumat Youssef kolchi 3lih lah yhafdo likom,رجال بيسومة يوسف كلشي عليه الله يحافدو ليكم
But Star Haaland 5mins,بوت ستار هالاند 5 منيت
Walh akheya ktechafni m3raftche 3lache 3inke daimne fiheme lhezene wlhame lhe yefawjha 3like akheya,والله أخي كتشافني معرفتش علاش عينك دايمن فيهم لهزنة والله له يفاوجها عليك أخي
Lach za3ma mhayd cabli dyal kontour Bach troch fin tbri tbi3ha tgoli Kant ra wa9fa hhhh hawl maroc mazal macharyan mochkil fina hna tanrocho ra ba3diyatna,لاش زعما مهايض قبلي ديال كنتور باش تروّض فين تبّري تبيعها تقولي كانت واقفة ههه حول المغرب مازال ماضرّان موشكيل فينا هنا تنروضو را بعدياتنا
Hhhh ishb lik ga3 nass kaykloo tban yak wa5a ta7d lih ta lmkina gha rata7 awdi ajami,هههه إشب ليك كاع الناس كيكلو تبان ياك وا5ا تاحد ليه تا لمكينة غا رتا7 أو دي أجامي
Subhna lah hasit bik bhal li khalast a3lih ana llah isahal a3lik,سبحان الله حسيت بيك ببال لي خلاست أعليh أنا الله اسهل أعليك
hchouma 3lik a Sahbi mwalaf ta3ti l Dari li péage 9ar3a o choklata hhh,حشومة عليك أ صاحبي موالف تعطي ل داري لي بيّاج 9رعة وشوكلاطة ههه
5aiinin hh,5ايينين هه
Momkin na3rafe fin kin fmarakch lah ihafedak,ممكن نعرف فين كين فمراكش الله يحفظك
Khona ma kay 3arfch yrwed w7ech,الخونا ما كايعرف يرود و7ش
Mostafa Él nta hhhhh,مصطفى إل نتا ههههه
Lmorphine ay9ona,لمورفين أي9ونا
lbkya li dart moura lbac hhh,لبكية لي درت مور لباص ههه
Hadik casa f anfa 3rafta ghir b dik Hôtel D Barcelo Hit Kont kanmchi Tma Bzaaaf,هاديك كازا ف أنفا عرفتا غير ب ديك hôtel D Barcelo hit كنت كانمشي تما بزاف
Yassine El m7arech b khooh,ياسين إل محارض ب خووه
Abdeladim Taté bhala nta dawi m3a mohamed,عبد العظيم تات بحالا نتا داوي مع محمد
bach 3raftih kisra9 wifi hhhhh,باش عرفتيه كيسرق wifi ههههه
Bin o bin Rap Ghir lkhair o i7san,بين و بين راب غير الخير والإحسان
Mliii7,مليي7
"3ndo mouchkil f compressor, li kaykhdlo khso yriglo Teclab BA 2A",عندو موشكيل ف كمبريسور، لي كايخضلو خسو يريغلو تيكلاب BA 2A
Kane la3ib ta wla himar wahchi hhhh maystahlch il3ab had la coupe,كان لاعب تا ولا حمار وحشي هههه مايستاهلش الإلعاب هاد لا كوب
Amine MA tra lia had lblan m3a sezar dial ichahrar Lah irahmo,أمين ما ترا ليا هاد لبلان مع سيزار ديال إشهار الله يرحمو
Mero bichar ma xori ko photo dekhaudai xin Rekha thapa le,ميرو بيشار ما خوري كو فوتو ديكهاوداي شين ريخا ثابا لي
Kifach bloc 2 dima tatgolha,كيفاش بلوك 2 ديما تاتقولها
Hâķïm Bøúohoya galeeh ja3raan rah machi howa,هاكييم بوحيويا گالها جايران راه ماشي هوا
7na nchodo wsafi asi hsan nmchw nt3lim sia9a mchiti ntresian chmali,حنا نشدو و صافي آسي حسن نمشو نتعلم سياقة مشيتي نترسيا شمالي
Awdi dak vis kayn f ay wahd 3ziz 3lih motor ta7iyati khoya med,أو دي داك فيس كاين ف أي واحد عزيز عليه موتور تحياتي خويا مد
Ghi M2 hsen men had chi hhhh,غي M2 حسن من هاد شي ههه
Kon khriti fdak studio wmatghnich had lhmoda tzzzzzz a izlan okhna,كون خريت فداك ستوديو وماتغنيش هاد لحمودة تزززز أيزلان وخنا
1000Dh rah thyd lmaja3a mn soudan aw9,1000 درهم راه تهدى لمجاعة من سودان أو9
Ara 3liha chi 2 ans l Mahamawda,آرا عليها شي 2 أنس ل المحمودة
Mahmoud howa next fda7aya,محمود هوا نيكس فدعايا
Kyn fr9 bin krwazma mt9ada obin droba rah lknti ghdi fTri9 kbira owhd khrj mn drb rah mkhskx t3Tih asb9ia,كين فرق بين كروزمة متقادة وبين دروبة راه لكنتي غدي ف طريق كبيرة وواحد خرج من درب راه مخسكش تعطيها سبعيا
dir lina chi video rla lmontage dyal les fares secours o 4 Signal. lah ihfdek,در لينا شي فيديو رلا لمونتاج ديال ليس فارس سيكور و 4 سيجنال. الله يحفظك
Mn3 hsn lik,من3 حسن ليك
Drari fin nl9a album dialo ? Wach spotify ?,دراري فين نلقا ألبوم ديالو ؟ واش سبوتيفاي ؟
Matgolch haka rah aykherj ybda ybki 3awtani kif l3ada hhhhhhhhhhhhh,ماتقولش هكا راه أيخرج يبدا يبكي عوتاني كيف لعادة هههههههههه
Hhhhhh nadi derti dak demo oghnia deyal laaras kayn a 3chyri video ghanpartajih nadi nadi kokchi aala moulat sefar,هههههه نادي درتي داك ديمو وغنية ديال لاراس كاين أ 3شيري فيديو غانبارتاجيه نادي نادي كو شي عال مولات سفار
Hafifak allah et bonne courage et bonne continuation.dir lina almarra jaya alhadra dyal oujda et taourirt.et berkane,حفيظك الله و بون كوراج و بون كونتينيواصيون. در لينا المرة جاية الحضرة ديال وجدة و تاوريرت. و بركان
Khoya zide 3liha za3tare otouma otfakarni bhalaha kansayboha fcasa Ana wahade mnhome otahiyati,خويا زيد عليها زعترة و طما و تفاكرني ببالها كانسايبوها فكازا أنا واحد منهم و تحياتي
Wadie Gr 9bel maybanlk lvid ra wlhta 3mrni drtlk chi l3ba bhal hadi hhhhhhhhhh,وادي GR قبل ما يبانلك لفيديو راه والله عمرني درتلك شي لعبة ببال هادي ههههههه
DFK hiya,DFK هيا
K tkhadat hit jaya mn kaliémie hit potassium hwa lkythkaam fiha,ك تخذات hit جایا من كالييمية hit بوتاسيوم هوا لكيثكام فيها
Flawl bda kid7k 3lih hhh,فلوول بدا كيدحك عليه ههه
Chi nhar adbr 3la lmontif 7di rask,شي نهار أدبر علا لمونتيف حدي راسك
Li bgha marhba bih f lhay mohamadi,لي بغا مرحبا بيه فلحيى محمدي
Ma3rfox tafo9ax magtlox maw9fin 3la 7d,معرفوش تفوقخ ماغلوش موقفيين علا حد
Sega3e hhhhhh,سگاة ههههه
Nta tyara asi esama,نتا طيارة آسي إسما
Hrb mn lma lytrch fih,هرب من لما ليترش فيه
walah HTA ana kanchfom kayd5ol 3liya law9at,والله حتى أنا كانشوفوم كيد5ول عليا لو9ات
Yalah wliti kat gol 3arf rassi fotif hta 9ayadto o galha lik constater hargawa katro,يالله وليتي كات قول عرف راسي فوتيف حتا 9ايدتو و قالها ليك كونستاتور هرگاوا كترو
Ma c’è la puntata di quando fermano Fassino?,ما سي لا بونتاطا دي كواندو فيرمانو فاسيّنو؟
Han yiniharu le ke gareko dinbharima Ek pawa maxa Pani paindaina lek dui wata gangsta gadela bahek teti sanu khula ma ke paunla ?,هان يينيهارو لي كي گاريكو دينبهاريما إيك پاوا ماكشا پاني پينداينا ليك دوي واتا گانگستا گاديلا باهيك تيتي سانُو خولا ما كي پاونلا؟
Hada sads,هادا سادس
Yak kan gal feh 1.80 fe stream ?,ياك كان قال فيه 1.80 في ستريم؟
Hadi Hadi,هادي هادي
7ta daba lmra 7sn mn rrajl,حتا دابا لمرا حسن من راجل
Sbhan lh nta ou shabk baslin t9al ela l9lb,سبحان الله نتا وشابك باسليين ت9ال علا القلب
Mliha Ila Kant n9a khososan rabbit o pacific,مليحة إلا كانت نقا خصوصا رابيت و باسيفيك
HTA match wakha 9lila chwia.,حتا ماتش واخا قليلا شوية.
Golf 4 d origin o n9a design hareb kanet 3andi pacific bnadem rakeb fhdid haute gamme. Ntkrwaza m3ah maymkench matirch intibah,غولف 4 د أوريجين و نقا ديزاين هارب كانت عندي باسيفيك بنادم راكب فهديد هوت غام. نتكروازا معاه مايمكنش مايترش انتباه
Ah akhoya. Matkhaf ma walo nadi,آخويا. ماتخاف ما والو نادي
Had jrad chhal basllin,هاد جرد شحال باسلين
nta bark o katlss9 fena chii kaliimat,نتا بارك و كاتلس9 فينا شي كليماات
dik samsung dayra meak lmzyaan hhhh,ديك سامسونغ دايرة معاك لمزيان ههه
"Ban nta 3endna ndiro lik tahiya okhawiya 3la had lhedra likatgol merhba bik oweld l,,,,","بان نتا عندنا نديرو ليك تحية و خاوية علا هاد لهدرا ليكاتقول مرحبا بيك أولد ل,,,,"
6 ceylander kola ciylander 3.6L max speed 234km/h mochkil li kan howa seystem d'injection classic kon kant la novell jeneratoin d'anjection kon chdat 360km/h bhal la3b,6 صيلندر كولا صيلندر 3.6L ماكس سبيد 234كم/س موشكيل لي كان هوا سيستم د'انجييكسيون كلاسيك كون كانت لا نوفيل جينيراتيون دانجييكسيون كون شدات 360كم/س ببال لاعب
Youssef ana wyak fkola mra knglso bjoj hhh,يوسف أنا وياك فكولا مرا كنجلسو بجوج ههه
7mar mol tomobil lokn 7bass ychof klab wachta sralo onsniya m3ndouch,حمار مول توموبيل لوكن حبس يشوف كلاب واشتا سralو أونسنيا معندوش
mazot wla haz lisans khfti ytfrg3 wla tch3l 3fya,مازوت ولا هز ليسانس خفتي يتفرگ3 ولا تشعل عفا
hrab fiha jonon l3adama ol wswas dakchi bach galt liik darori nhdar,هراب فيها جنون لعدامة و الوسواس داكشي باش قالت ليك ضروري نهدّر
mero: chda9 rzal,ميرو: شدا9 رزال
Knt dak nhar m3rfto Mnin tl3 hhhhhh,كنت داك النهار معرفتو منين تلع ههههه
Moaad Zahr ha nta mo,معاد زهر ها نتا مو
Waliti kat3atal khay dalali,وليتي كاتعطل خاي دلالي
Salm li3andha machakil fdar m3a l3aila ola m3a zawj tji lkhas marhba atrhmliya lwalidinLibrat nkhdam liha hadi da9a batla iji kayjri 9assmn.bila 3andi wahd lkhdma wa3ra fhadchi librat tjini lkhas,سلم ليا عاندها مشاكل فدار مع العائلة ولا مع زوج تجي لكاس مرحبا اترحم ليا لوالدين ليبرات نخدم ليها هادي دقة بتلا تجي كيجري قاسمني. بلا عندي واحد الخدمة وا3را فهدشي ليبرات تجيني لكاس
Nta li mchmoot,نتا لي مشموت
Wlah a hbibi ta kent hass bik 9aysek lma,والله أ حبيبي تا كنت حس بيك 9ايسك لما
Bsshtkom 3aychin l7ob,بسحتكوم عايضين لحوب
Dk kricha 3adak dima hadra hhh,ديك كريشة عداك ديما هدرة ههه
3anmot hhhhh,عانموت ههههه
Sir t9awd,سير تقود
Khoya rak nta li mklakhe machi indriv,خويا راك نتا لي مكلاخ ماشي اندريف
Rafi999 dima wac m3ak hamid ctm station kech...hhhhh 3alam,رفيق ديمة واص معاك حميد ستم صطام كيش...ههههه علام
Tkharbi9,تخاربيق
Li fih dam kaytakhdam taksa o nsa o hdi trimtak had khatra,لي فيه دم كيتخدم تكسى و نسا و هدي تريمتاك هاد خترة
Hadak dayer green screen ou l7mar dayer FIH 39lou,هاداك داير غرين سكرين و الحمر داير فيه عقلُو
O 9bal 5 ans,و قبل 5 انس
Hada rah dilyas kho ilyass,هادا راه ديالياس خو الياس
Ilyas elmaliki yaaaaaa had rajel talach 7assnti le7ya yahad rajel,الياس المالكي ياااااا هاد راجل تلاّش حسّنتي لحية يهاد راجل
Ya rrabi tassma7 lina wlik,يا ربي تسامح لينا وليك
Ma3raft 3lach makadkhol lkhatar,معارف علاش ماكدخل الخاطر
Hosam 3chiri slm 3lih bzaf,حسام عشيري سلم عليه بزاف
Is this for the 24th or 25th,Is this for the 24th or 25th
Khouya hamza al3atifa la khafifi mn nytk..?,خويا حمزة العاطيفة لا خفيفي من نيتك..؟
Ana kanbghi raja walakine hadi a kha Hamza hi khriti fiha . 3la smiyate kidairine Khafifi maysstahlch ta dak tenue Banoon li 7ssen menno ou mal3bch kan doublure machi assassi,أنا كانبغي رجاء ولكن هادي أ خو حمزة هي خريتي فيها . علا سميت كيديرينة الخفيفي مايستاهلش تا داك تنيو بانون لي حسن منو و مالعبش كان دوبلور ماشي أساسي
Hadi nhar lawal ta3tik,هادي نهار الأول تعتيك
Mehdi Khalouf welah ta nsa7bo tizek hahahhahahahahhahaha,مهدي خالوف والله تا نساعبو تيزك ههههههههههههههه
Hhhh tahowa Kan Mikhali bhalna hhh loudaya,هههه تهوا كان مخالي بحالنا ههه لوداية
Wa ls9aaaa,وا السقاع
makayn li sifat pause gadak nta,ماكاين لي صفات pause قدك نتا
"Had zbi dL'morphine m'inspiri mn dexter rule number 1 ftmerphine hiya ""never go to prison""","هاد زبي ديال لمورفين م'انسبيري من ديكستر رول نمبر 1 فتمورفين هيّا ""never go to prison"""
dal3lo raso,دلعلو راسُو
Abdouelali Harkouzi der nefs à sa7bi,عبد العالي حركو زي در نفس à صاحبي
Ismail Lmesfioui hh hadchi li Ghadi ngol lik,إسماعيل لمسفيوي هه هاضي لي غادي نڭول ليك
Zindin Se MOANING LI KIDIRO 97AB AFRIBABA AZBI HHHHHHHHHHHHHHHHHHHHHHHHHHHHH,زندين سي موانينڭ لي كيديو 97اب افريبابا ازبي ههههههههههههههههههههههههههه
Ach dayr fi wadno wach salib osamho liya wach hata ntoma chatoh ola ghir ana hhh,آش داير في ودنو واش ساليب واسمحو ليا واش حتا نتوما شتوها ولا غير أنا ههه
Wa 3la excuse ghabra hhhhhhh,وا علا excuse ڭبرا هههههه
"Nkwaseafo) paa ni,no wonder DL predicted the true character of 3ko)na abusua",نكواسيفو) باا ني،نو وندر DL بريديكتيد ذا ترو كاراكتر اوف 3كونا ابوسوا
Hmmmm....As3mooooo,همممم....أسْمُو
Diro les signalé bach yb9a endo mod Wahd hhhh,ديّرو لِس سيڭالاي باش يبقا إندو مود واحد ههه
"Nta 3andek babak, 3tak l7ayat",نتا عندك باباك، عتاك الحياة
lah ykhlaf 3ala papa,الله يخلف علا بابا
Mdina dyal kula ydber lkro,مدينة ديال كولا يدبر لكرُو
ghi sir t9awd chibani l7atek,ڭي سير تقود شيباني لحاتك
Tafaha hadchi adrari khsk t3ti lbnadm istafd ula stop,تفاه هاضي أدراري خصك تعطي لبنادم استفد اولا ستوب
Farou9 dawz 3andk chi tark,فاروق دوز عندك شي ترك
Rah m3a shayabha n3al lik walidin,راه مع شيابها نعال ليك والدين
Wa sir t9awd,وا سير تقود
Wa lah i3tik lkhdma fzekk,وا الله يعطيك الخدمة فزك
Ach darti gaaaa3 sda3 ras fl mawa9i3 haw haw haw yalatif kolchi msad3o,آش درتي ڭاع سدّع راس فل مواقي3 هاو هاو هاو يا لطيف كلشي مسدعو
Khdam ra nta w3mal flos rir nta alflos ali tji blhal9at nmxo n3amloham fjma3 alfna fdik mrakax,خدام را نتا وعمال فلوس رير نتا الفلوس اللي تجي بالهقّات نمشو نعاملوهام فجماعة ألفنا فديك مراكش
Sir tmot 10k dsargala 9lss syd o hyd mn lmizan o lbiro dyalo wa sir tmot,سير تموت 10ك دسرڭالا 9لس سيد و هيد من لميزان و لبيرو ديالو وا سير تموت
sir lah in3al tabon mok,سير الله ينعل طابون موك
Sir ghi t9wad lah yn3al tbon mok,سير ڭي تقود الله ينعل طابون موك
Ktbi3 lhot fhl nas oktgol knt3awn m3a lmaskin,كتبيع لحوت فهل ناس وكتڭول كنتعاون مع لمسكين
S7ab kerro fel 9obba dyl berlamane,سحاب كرو فلقبة ديال برلمان
Bsaliti bditi tratab dkhol so9 karak khir,بساليتي بديتي تراتاب دخول سوق كراك خير
Kichti nta tafartih,كشيتي نتا تفارتيه
Hadak li wa9f f janb tl9a 3ando master,هاداك لي واقف ف جنب تلقى عندو ماستر
Wach fik tab3a ola kifach dima chkawi,واش فيك طباع ولا كيفاش ديما شكاوي
Nta 3andk tarma kbira hhhh,نتا عندك ترما كبيرة ههه
Nadi akhoya oktr lina mn vidyohat dyal trinag lmostawa motawasit chwiya bla Montag rah vvidyohat nadyin brojol,ناضي اخويا اوكتر لينا من فيديوهات ديال ترينڭ لمستوى متوسط شيوية بلا مونتاج راه فيديوهات ناضين بروجول
Les accessoires dyal la motos très très importantes Ana andi cool @la,ليس اسيسوار ديال لاموتوس تري تري مهمة أنا عندي كول @لا
Hheihhrih3uggeiehi3hdhv3fj4ibcdjfhivfu dhchf,ههيهريه3وڭيهيه3هدحف3فج4يبسدجفحيفوفو دشف
Maybe Mouad z3em,ممكن موعد زعيم
Allahu akbar. Ma shaa Allah. May Allah accept it from him,الله أكبر. ما شاء الله. ماي الله يقبلها منو
"Ma qualle' il problema ,anch'io bacio mia figlia così, è il mio sangue è quindi, state sempre ha sentenziare, ma fatevi una vita .....","Ma qualle' il problema ,anch'io bacio mia figlia così, è il mio sangue è quindi, state sempre ha sentenziare, ma fatevi una vita ....."
Ax had lkhra mal fmk bhala tatfrani bih,آش هاد لخرا مال فمك بحالا تتفراني بيه
Awdi ana chari kask nadi dah lina chi wa7d fo9 motor wlha ta 7a9dni 1200dh mechat hiya li kanksb daba 3adi ta3 120dh,او دي أنا شاري كاسك ناضي داه لينا شي واحد فوق موتور والله تا حڭدني 1200dh مشات هيّا لي كانكسب دابا عادي تع 120dh
ana dima wlah la n3as fkhatro,أنا ديما والله لا نعاس فخاطرو
Sir tahwa 9ad afomak,سير تهوا قد افومك
Ma9siyin man ch7al hadi,معقسيين من شحال هادي
Kitelecharger gha mn Utorrent makinf3 b walo,كيتيلشارجي ڭا من يوتورنت ماكنف3 ب والو
Ma ki suporter 7ta chi série ga3,ما كيسوبير حتا شي سيري ڭاع
Oki3ti ra2yo hhhhhh game of thrones khassro 2 seasons lkhrin,اوكيعتي رايوه هههههه ڭيم اوف ترونس خسرو 2 سيزون لخريين
Hhh chkon 3rf bli glso mora lvidyo,ههه شكون عرف بلي ڭلسو مورى لفيديو
Lah ihfdkom mn l3in achbab,الله يحفدكوم من لعين اشباب
7mida setar ach kay3ti lhad nou3 selya,حميدة سطار آش كيعطي لهاد نوع سليا
Khasha li yhakha mzn Bach tabrad,خاشة لي يحكا مزن باش تبرّد
Khoyti 3ezaz,خويا عزاز
Dando pro max radjla ta3 doka,داندو برو ماكس راجلة تع دوكا
Kon drto porno hsnlikom men had chouha,كون درتو بورنو حسنليكوم من هاد شوهة
3gouba likom 3okacha,عڭوبة ليكوم عوكاشة
Dkhl 3ndi l9ana akhoya dir motaba3a layhfdk,دخّل عندي لقانا اخويا در متابعة ليهفدك
Wax yialh waslok had diask,واخ يالاه واسلوك هاد دياسك
Hta kano gor sar9o likom dak téléphone,حتا كانو ڭور سرڭو ليكوم داك تليفون
Tafaha khashome lhabse tfouuuu forma dyal lakhra,تفاه خاشوم لحبسة تفوّووو فورما ديال لخرا
Mo3awa9a meskina,معاوضة مسكينة
Bdito sa3aya bravo l7acharat,بدّيتو سعاية برافو لحشرات
3alae ma3nda walo taba3 fiha kytkom t9ylo tnfkhoo,علا ماعندوش والو تباوع فيها كيتكوم تڭيلو تنفخو
Fra3ti lina krna akhtii nti o had rajlaak,فراعتي لينا كرنا أختي نتي و هاد راجلاك
ana ghir nhawik mn do9mk,أنا ڭير نهاويك من دوڭمك
Daba hada jwaj,دابا هادا جوّاج
Ach had rojola t 9lawi,آش هاد روجولا تڭلاوي
Hada lmghreb??,هادا لمغرب؟؟
El Mehdi Gastoune jrya li kay dir rudiguer fach katkoun la3b ela lhbot,المهدي كاستون جرى لي كيدير روديڭير فاك تكون لاعب إلا لهبوت
3andak l9alwa tmout,عندك القلوا تموت
Ras 1 tjbed3lih,راس 1 تجبدلي
Ya bent 9ahba had lonika rajlk NTI ka dhri hssen Meno tanian Ra chwahtona ra F l'Europe ma kainach hadchi ya wlad lkhab o ta ila daroh Ra machi selmin,يا بنت قهبة هاد لونيكا راجلك نتي كاضري حسن منو تانيان را شوهتنا را ف أوروبا ما كاينش هاضي يا ولاد الخاب و تا إلا دارو را ماشي سلميين
Howa beyedo khesoo li yjerii morah,هوا بيديو خسّو لي يجري موراه
Mskina m9daha farha Iwa chno ngol likom ntmna rabi yhrmna mn had chi,مسكينة مقداها فرحة إوا شنو نڭول ليكوم نتمنى ربي يحرمنّا من هاد شي
Hada rajil haxa Ikon rajil mafehxe nesma de rojolaa tfoo,هادا راجل هاكس يكون راجل مافهكس نسمة د روجولاا تفو
Fin 5liti bzazlk,فين خليتي بزازلك
Nari ma3andhach bzazal Winston safi,ناري معنداش بزازال وينستون صافي
Ha l9hiba oha swimil,ها لهيبة وها سيميل
Hadchi ra ki diroh gha 9lal trabi ana,هاضي را كيديرو ڭا ڭلال ترابي أنا
Kayjri fhal chi khba fiha les règles,كيجري فحال شي خبة فيها ليس ريڭل
LA SDAR LA KARR F7AL TAYRA BGARR,لا صدار لا كرر فحال طيرا بڭار
Awil 3la chwha,اويل علا شوهة
Bghina ghir c50 malginaha 3ad super Car,بغينا ڭير ص50 مالڭيناه عاد سوبر كار
https://youtube.com/shorts/kyS2yd5X880?si=Zd428bhya8U30Xvo,‎https://youtube.com/shorts/kyS2yd5X880?si=Zd428bhya8U30Xvo
Dini m3ak,‎ديني معاك
Sma3t had disQ fi 2018 oriskit fi 2022,‎سمعت هاد الديسك في 2018 وريسكيط في 2022
Machi khayb dyotiiii,‎ماشي خايب ديوتييي
Chkoun 7assen?,‎شكون أحسن؟
Chkon rayatzawaz bwas3a tfo 3lik alkhanza,‎شكون راي تزواج ببساطة تفو عليك الخانزة
https://youtu.be/H3RN9Fz6pPo,‎https://youtu.be/H3RN9Fz6pPo
Ba3alla wakha jalda kahla rah l9alb byad,‎باغى والا جلدا كحلا راه القلب بيض
Ahesan 3acheran lay khalikom ba3ediytkom,‎أحسن عاشرن لاي خليكوم بعديتكوم
Sari lh sahli 3lik,‎ساري له سهلي عليك
1 dh la3b gta hhh,‎واحد ديال لعب جي تي أ ههه
"The Yazeed's army had the head of Husain R A, but couldn't get get his allegiance.","‎The Yazeed's army had the head of Husain R A, but couldn't get get his allegiance."
3xirk :wax 5tk dima haka hnina,‎أخيرك : واش ختك ديما هكاك حنينة
Nta :whd mistara m3rt fin htitha,‎نتا : واحد مستار معرف فين حطها
Ba3alla 7agrinak aeshiriii bayan Liya,‎باغى حكرناك أشييري باين ليا
Kayn brojola apar lhmoda fhadi fhadi nadi khoya ba3la,‎كاين بروجولا أبار اللحمودة فهادي فهادي نادي خويا باغى
La hadi bzaf,‎لا هادي بزاف
Ta ser thhwa ma tl3ti lya f facebook mn 2024 ylh thnina mn l7moda dylk,‎تا سير تهوا ما تلصتي ليا في فيسبوك من 2024 يله ثنينة من اللحمودة ديالك
Ou malk asahbi a3la had alhala,‎أو مالك أصحابي علا هاد الحالة
Il faut ke tu fasse le deuil .te detacher .ta besoin d therapie c est tres dificile de se remettre.lah er7am hom,‎إيل فو كِ تفَاسّي الدّويل .تِ دِتَاشِ .تا بْغِيّنْ دْ تِيرَابي سْ إِتْ تْرِيسْ دِيفِيكِيلْ دِ سْ رِمِيتْ .لاه إرحمْ هوم
rebi yr7amhaaa,‎ربي يرحمهااا
Fine kayna Had bali,‎فين كاينا هاد بالي
Siri tkhdmo raskom l7lal 7diw Liya lkhwa lkhawi nas katmout bjo3 toma diro Lina lkdoub dyalkom Kayn LAH,‎سيري تخدمو راسكوم للحلال حديو ليا الإخوة الإخوة ناس كاتموت بجوع توما ديرو لينا لقدوب ديالكوم كاين الله
Dake safae rire se3ay,‎داك صفاء ريرة سعاي
3afak tala3ni ntoma rojola u mahdi bzff golih i thala fi khalti 3ira u gito lkahwa li keyna hda darna u machi frassi thiyati ra ket 3agbuni,‎عافاك طالعني نتومة رجولة ومهدي بزف قوليه يثلا في خالتي عيرا وجيتو للكافية لي كاينا هدا دارنا وماشي فراسي ثياتي را كتعجبني
Slm 3andk dyal dimx,‎سلم عندك ديال ديمكس
Salam koya kasni kromi dyal rizifwar toyota 2015,‎سلام كوية كسني كرومي ديال ريزيفوار تويوتا 2015
wili 7chamtoh mskin omakhlito hch ikaml n3aso,‎ويلي حشمتوه مسكين أوماخليتوه حش إكمال نعسو
Hhhh faytli wa93tli lwalid dakhl 3lya zlajlya lbit o ana na3s hchamt nfi9 wakha kont fay9 dart rasi na3s,‎ههه فاتلي وقعتلي لواليد داخل عليا زلاجة لبيت وأنا نعس حشمت نفيق واخا كنت فايق درت راسي نعس
Hit nta kathdar ala ssah hadchi alach,‎حيت نتا كتهدر على الصاح هادشي علاش
"recette machi exacte tari9a dyal lkhadma machi pro mais tbarkalah 3lik zid khdam w9alab wrak radi twafa9 nchalah , gratoire hsan men lmos khoya .. bon chance",‎recette ماشي exacte طريقة ديال الخدمة ماشي pro mais تبارك الله عليك زيد خدم وقلب وراك غادي توفق إن شاء الله ، gratoire حسن من لموس خويا .. bon chance
Tadkhol sari3,‎تدخول سريع
allah isihl 3lik,‎الله يسهل عليك
wana mnity kantsnah igol wali labsa srwal thydo sa3a,‎وانا منيتي كانتسناه يقول والي لابسا سروال تيدو ساعة
Hadi ghir ana okhoya,‎هادي غير أنا وخويا
Gol ldak za9of dyal sahbk itkays 3la tomobil nhar tnin tkon 3ndi f l'agence,‎قول لداك الزعوف ديال صاحبك يتكايس على طوموبيل نهار اثنين تكون عندي ف ل'اجانس
Ba7rta,‎بحرتا
Hmd lah kychg3,‎الحمد لله كيشجع
Sbah dar dyemak raha F7al sakna fel3era9,‎صباح دار ديماك راهي فعال سكنة فعراڨ
wach hadi la la l khnona tea7achnak,‎واش هادي لا لا الخنونة تعاچناك
Ayman Tazarhine had le9ta bhala fayt chayfha w ma39alt fin saraha,‎أيمن تازرين هاد اللقطة بحالها فات شافها وماعقل فين سارها
Amin m9wad,‎أمين مقود
Ta ana nefs mochkil,‎تا أنا نفس مشكيل
chno l7al nafs mochkil,‎شنو الحل نفس مشكيل
Fin kayn had bhar pirmoda,‎فين كاين هاد بحر بيرمودا
Khoya Wax mazal kaybi3 hout,‎خويا واش مازال كايبيع حوت
The last kingdom Howa lm9awad,‎The last kingdom هوا لمقاوض
Rome na9sa bzaf,‎Rome ناقصة بزاف
Mondeyal hewa li naqesna,‎مونديال هوا لي ناقصنا
Tri9 salama akhoya l3ziz,‎طريق سالامة أخويا العزيز
Salam kan mina l2ahsan dak sardine thiydi lihe sansul hawli t9adihe fdar alah ishal 3lik akhti,‎سلام كان من الأحسن داك السردين تيديه ليه سانسول حوالي تقاديه فدار الله يسهل عليك أختي
Concept nadi ma kayench khoh hhhhhh,‎Concept نادي ما كاينش خو هههه
Chno smiyet track li tel9ohe,‎شنو سمية track لي تلقوه
dir balk 3liha,‎دير بالك عليها
Db ghir Wahed so2al osmahliya wach t9bal bkhtek dir fhal hakak m3a chi had. ob9a i9isha o3iiiid somohat,‎دبا غير واحد سؤال واسمحليا واش تقبل بختك دير فحال هكاك مع شي هاد. ابقا يعيش و عيييد سومحات
Askm Oud Hamza nta,‎أسكم أود حمزة نتا
Ahsan okla 3andi ana,‎أحسن أكلة عندي أنا
Diha fi rasak tkon haza lbida3a idar lik b9a trakab tay rakbo 3lik chi prof,‎ديها في راسك تكون هاذا لبداعة إدار ليك بقا تركب تاى راكبو عليك شي بروف
Dok la9atag dyal six jhhhhh,‎دوك لاقطة ديال سكس جيهههه
Ilyàs Kidây Nta,‎إلياس كيداي نتا
Ba3ella bejbejha,‎باغى بيجبهة
Ma manouche?,‎ما مانوش؟
A khoy achkdir 3ndk kniya dyli,‎أ خوي آشكدير عندك كنية ديلي
Chno bgha warina tramto was3a z3ma,‎شنو بغا ورنا ترامتو واسعة زعما
Restaurant dial hout fih ghir roz o djaj o bouzroug b 200dh wach nta labas,‎Restaurant ديال حوت فيه غير رز و دجاج و بوزروغ ب 200dh واش نتا لباس
J'ai payé 149dh dans un hôtel 4 étoiles. Leur buffet fait 5 fois le votre.,‎J'ai payé 149dh dans un hôtel 4 étoiles. Leur buffet fait 5 fois le votre.
Khouya rak rakeb 3la motor bmw rah kay7chem may3tikch tri9 machi rakeb 3la sanya,‎خويا راك راكب على موتور bmw راه كيحشم مايعطيكش طريق ماشي راكب على سانية
Wnta aslan tatsog sogan 3achwaii wmachi 9anoni,‎ونتا أسلان تاصوغ صوغان عاشواي وماشي قنوني
Over dose wla,‎Over dose ولا
Ana 3rafak a5ti mhtaja,‎أنا عرفاك أختي محتاجة
Sadi9i 3aliya rajlk nahwihe,‎صديقي عليها رجلك ناحيه
Had page mohdha li mzl kadahkni hhhhhhh,‎هاد page موهدى لي مزل كادهكني هههههه
yb9a y9lb hta ytih 3la chwhd 15/15 san chb3ana 9sim dik sa3a ychof jtni ghlya xwya,‎يبقا يقلب حتا يطيح على شوهد 15/15 سن شبعانة قسيم ديك ساعة يشوف جتني غليا خويا
Li darb hajbo Z.. 3ajbo,‎لي درب حاجبو ز.. عجبه
Allah ihfdhom lik ou allah iba3d 3lihom Cher khl9 a khoya,‎الله يحفظهم ليك و الله يبعد عليهم شر خلقة أ خويا
A7la wa7la taha I,‎أحلى وأحلى تاهى إي
tahiyatii lik a ba Mouad El Bouânani l9lb lbyad,‎تحياتي ليك أ با موعد البواناني القلب لبيض
Hât lfa5r ojbd dylo ogliha chaychi,‎هات لفقر وجبد ديالو أوغليها شيشي
Tbark lah machaa Allah charf liya nchof wld nas b7alk kikhalw whd basma zwina nas okhrin alhmdoulilah,‎تبارك الله ماشاء الله شرف ليا نشوف ولد ناس بحالك كخلوا وحدة بسمة زوينة ناس اخرين الحمد لله
bsaliti bazaf machi chwiya,‎بسلتي بزاف ماشي شوية
Ga3 li 3ndo snap maxi Rajl Aslan,‎كل لي عندو سناب ماكسي راجل أسلان
La grinta dyal Gen z,‎لا غرينطا ديال جين زي
Ma3merni tfrejt the sopranos rir nz3em 3lih ?,‎ماعمرني تفرجت the sopranos رير نزعم عليه؟
Chwiiya 3la lwahed,‎شوية على الواحد
Awadi ana Howa la3jal hhhh,‎أوادي أنا هوا لا عجل ههه
"Nti li 7chouma 3lik m3edya 3la dak lwliyed, Bach m'n 79 katsouweri 9asser bidoun idn m'n 7e9ou i3ich toufoula 3adiya ou fach ikber mayl9ach video dialou f internet . Houa rah da7iya dialk",‎نتي لي حشومة عليك معديى على داك الوليد، باش من 79 كاتصوري 9اصر بدون إذن من 7قوق إعيش طفولة عادية و فاخ يكبر مايلقاش فيديو ديالو ف إنترنت . هوا راه داعية ديالك
Lah irza9naa bxi tmax wta7iyati lik,‎لاه يرزقنا بxi تماخ و تحياتي ليك
Ga3 li kadir vidéo kayl9a telefon hhhh,‎كل لي كيدير فيديو كيلقى تلفون ههه
tiya9tk chof lokhrine wach tay9ok,‎تياقتك شوف لخريين واش تايكوك
Kifash o kolchi sad lhadjih,‎كيفاش وكلشي صاد لهدجيج
3chirek sicliss khela fiha lfilter darrori y tvérifa,‎عشيرك سيكليس خلى فيها الفلتر ضروري ي تفرّيفا
Daba chni 9altilo,‎دابا شني قالتي لو
https://whatsapp.com/channel/0029VbBWK2dKWEKiA7YMhy3w,‎https://whatsapp.com/channel/0029VbBWK2dKWEKiA7YMhy3w
https://www.facebook.com/share/p/17j1DbKF4J/,‎https://www.facebook.com/share/p/17j1DbKF4J/
Kolchi man tarbia wache fanadarek daba maa khasak hadi tarbia wache tarbia dial téléphone tarbia kadahki ala khasak siri guabli waldak obaadih man hade chi likadirih rah radi tjharji alihhhhhh,‎كلشي من تربية واش فنادرك دابا ماخاسك هادي تربية واش تربية ديال تليفون تربية كادهكي علا خاسك سيري غابلي ولدك اباديو من هادشي ليكيدير راه غادي تجارجي عليههههه
Golo 3nd mok lkbda bach dir had l3ibat bnadm mo3wa9 ana b3da makantrink ma walo nchd mok lwi lik 3n9k,‎قولو عند موك لكبدة باش دير هاد اللعبة بنادم موعوق أنا بعدا ماكنترنك ما والو نشد موك لوي ليك عنق
Wa9ila kay3ti trmto,‎واقيلا كيعطي ترمتو
Hadi micro-hybrid al 7mar alors tonobil 98% essence sewel 3ad dir video al kidar o fiha ghir motor essence wahed o batterie 40 kw,‎هادي micro-hybrid الحمر alors tonobil 98% essence sewel عاد دير فيديو الكيدار و فيها غير motor essence واحد و batterie 40 kw
"Had houa MHEV dial peugeot, ka tmchi fabor gha bach tstationne",‎هاد هوا MHEV ديال بيجو، كاتمشي فابور غا باش تستانني
Akhuya ila kant micro hybride rah hiya hadik l’électrique kikhdem fach kthsl fchi embouteillage w stationnement hit consommation ktkon tal3a bzaf ila b9yti dir 1er w tzid 2 khtwat,‎أخويا إلا كانت micro hybride راه هيا هاديك ل’électrique كتهدم فاخ كتخلص فشي embouteillage و stationnement حيت consommation كتكون طالعة بزاف إلا بغيتي دير 1er وتزيد 2 خطوات
Makin la hybrid la Walo kin gha v8 twin turbo essence we tnagham lia m3a rasek ama tonobil fiha moteur dyal Moulinex gha lah yrebah biha bsahtkom we rahtkom.,"Here's the transliteration of the 100 sentences from Arabizi to Arabic script, adhering to your strict rules:"
Ki goul hadra li kan Qader yktbha msali karo,ماكين لا هيدريد لا والو كاين غا ڤيت 8 توين توربو ايسونس و تناغم ليا مع راسك أما تونوبيل فيها موطور ديال مولينكس غا الله يربح بيها بصحتكم و راحتكم.
Khoya whd lmara kont sayg ona ntfk vidyo daylk bryt ntb9o dart ksida,كي قول هضرة لي كان قادر يكتبها مسالي كرو
Ta wach hada motore,خويا واحد لمارا كنت صاغي أنا نتفك فيديو ديالك بريت نتوقعو دارت كسيدة
Yaaa rbi tssme7 lia ch7al mn mra drtha ta ana,تا واش هادا موطور
Haka rah nta kaderlo ichhar ila konhar katloho temk drari limafhmîch ra ydkhlo ando,يا ربي تسامح ليا شحال من مرة درتها تا أنا
ana a sahbi,هاكا راه نتا قادرلو يشهر إلا كونهار كاتلوهو تمك دراري ليمافهميش را يدخلو عندو
RS7 L7a9i9a lmorra,أنا أصحابي
chof ki kaytrigl 3la dri,RS7 الحقيقة المرة
had no3 din mo kaychof lbnat kaydsr,شوف كي كايترگل على دري
Wa rba3t l3ahirat o sadate lah in3alkom,هاد نوع دين مو كيشوف بنات كيدسر
Kayhsab lihom tam3in rir flflos la Ila kan rir m39ol okaybrini nmot m3ah ana,و ربعت لاهيرات و سادات الله ينعلكم
Bsah kina wlh mktbti ana w93 liya ms hmdlah bzrb tjnbt wka drb fih fjnb me hmdlah,كيحسب ليهم تمن رير فلوس لا إلا كان رير معقول اوكيبرني نموت معاه أنا
Nta b3da rak h99tih kyti ana li dima na3sa kanhlm,بصاح كينا والله مكتبتي أنا و93 ليا مس الحمد لله بزرب تجنبت و كادرب فيه فجنب مه الحمد لله
Kathama9,نتا بعدا راك ه99تي كيتي أنا لي ديما نعسة كانحلم
"Parcage n9i, billet a l'extérieur wesh ghi l sehab l cup oula 9te3ti mn site dial Bilbao ?",كاتهماق
Rbi yhfadhom mn kol char lah ykon m3ahom,باركاژ نقي، بيليه ل'خارج و ش گهي ل صحاب ل كوب اولا قتعتي من سايت ديال بيلباو؟
Hhhhh 3ndi 6 DH,ربي يحفظهم من كل شر الله يكون معاهم
Kolchi 3la yalah khditha hhh,هههه عندي 6 درهم
hada 3adi ykon weldo li hasbinah mat,كلشي على يلاه خديتها ههه
Ma hdrtich 3la l Giallo wakha fiha aflam Wa3rine surtout dyal Dario Argento,هادا عادي يكون ولدو لي حسبناه مات
Wach dak rajl makhdawch lih 7a9o man had nas,ما هدرتش على ل جالو واخا فيها أفلام واعرين خصوصا ديال داريو أرجينتو
Le7yt sa3ida berojla lahe ysree,واش داك رجل ماخداوش ليه حاجة من هاد ناس
Tahyati t5rbicha darori,لحيت سعيدة بروجلا الله يسري
Mh MehDi lhdra litaygoliya 39li w9 had lyamat,تحياتي ت5ربش ضروري
3lach ghaber 7akimi nti asir t9awdi fin ma nhzo tilifon tl3olina,مه مهدي الهضرة ليتگوليا 39لي و 9 هاد ليامات
Hhh 12 lsa3a,علاش غابر حكيمي نتي أسير تقودي فين ما نحزو تليفون تلعولنا
mhamd say9,ههه 12 الساعة
tfoo chni dk lbaas htaraam'gha dak malaeika bntk mskinaa,مهمد صايغ
3lach ghaber 7akimi nti asir t9awdi fin ma nhzo tilifon tl3olina,تفو شني دك لباس حرآم'غا دك ملايكة بنتك مسكينة
Bravo khay Choaaib Gamssi Men a7san nas chuftom fhad social media. Ta7yati al khawa,علاش غابر حكيمي نتي أسير تقودي فين ما نحزو تليفون تلعولنا
Wald nass kima katfar7 nass gadi ifrahak lah hadchi zwine kamal khoya chouaib,برافو خاي شوايب گامسي من أحسن ناس شفتوم فهد سوشل ميديا. تحياتي الخوا
Oulaaaah ta bhali fima n9ra shi haja kanhbss,ولد الناس كيما كاتفرح ناس غادي يفرحك الله هذي زوينة كامل خويا شوايب
Imad badel l’far9a,أولااه تا بهالي فيما نقرا شي حاجة كانحبس
Chi maw9i3 ntilichqrgiw mno aflam,إيماد بدل الفرقة
Lah yjib li ykhaf elina hta hna,شي موقع نتليضرغي منو أفلام
wta 3adna f fes hay 45 hta how khattar,الله يجيب لي يخاف علينا حتا هنا
Imad badel l’far9a,وتا عدنا ف فاس هاي 45 حتا هو خطر
Bnat khashom ya3tiw tissa3 lhad domin dyal mwatar hit makay3afoch f mécanique dyal motor,إيماد بدل الفرقة
Madawich 3la dz dawi 3la 9ard,بنات خاشوم يعطيو التسا3 لهاد دومين ديال موطار حيت ماكيعافوش ف ميكانيك ديال موطور
Chtayha m9awda,مداويش على دز داوي على 9رد
iwa rh knt3jb wx rtkhrj bin dok rmokat kifx rdir liha allah a3lem,شتايحة م9ودة
Rakom 7amdin,إوا رح كنتعجب و رتكخرج بين دوك رمكات كيفخ ردي ليها الله أعلم
R ah hadchi li dar machi rojla kibayn fmarto godam Kolchi ou mkhalta m3a rojala wax hadi Hiya rojla ou laghani hram,راكوم 7امدين
YoUu Nnsee 7lawto tal wahd 10 yam,ر آه هادشي لي دار ماشي روجلا كيباين فمرتو قدام كلشي و مخالط مع رجالة واش هادي هيا روجلا و لغاني حرام
Rakom 7amdin,يو يو ننسي حلاوتو تل واحد 10 يوم
Ykhwilak drase nari 3la madloula w las9a howa kay3taraf bli mabaghi walo w hya ladir harakat morahi9ine w las9a wa nari,راكوم 7امدين
Benni Mellal li hakma Milano A Banti,يخويلك دراسة ناري على مدلولة و لأسقة هوا كايعترف بلي مابغي والو و هيا لادير حركات مروقيين و لأسقة و ناري
Zlaal howa li dayr 3lih lfelm,بني ملال لي حكمت ميلانو أ بنتي
Lah isahal 3liik lkhawa dyali,زلال هوا لي داير عليه لفلم
Yash Ess ablati 3lik,الله يسهل عليك لخوا ديالي
Ch7al dyal l3ya9a f ras l7mar wold adil lmloudi,يش إيس أبلاتي عليك
Azabi machi Red Boll rah RedBull,شحال ديال لعيقة ف راس لحمر ولد أديل الملودي
hh labidyo zzwine walkine t9dre djkr bmwdme bla dake t5sswre lhdra,أزابي ماشي ريد بول راه ريدبول
Wa wlad 9hab rah cha3b azbi fay9 o 3ay9 baraka men tzomil o lkdoub o ljahl o tamtil dial l9lawi diro video bsh o tajriba tkon bsh machi katmchiw chi khela o kikon dayz menha ghir hadak li atsawloh sbhana lah hhhhhh 9wawid wlh,هه لابديو زوين ولكن تقدر دكر بموديم بلا دك تصوير الهضرة
Hadik Ila konti radi fi tri9 m7afra kharig mdina cha3alha,وا ولد 9هاب راه شعب أزبي فايق و عايق باركا من تزوميل و لكدوب و الجهل و التمتيل ديال القلاوي ديرو فيديو بش و تجربة تكون بش ماشي كاتمشيو شي خلة و يكون دايز منها غير هاداك لي اتساوله سبحان الله ههههه 9واويد والله
Wa dacia machi dasya,هاديك إلا كنتي رادي في طريق محفرة خارج مدينة شحالها
Lah yrz9k sa3ada khti,وا داسيا ماشي داسيا
Wa naariii 3la kdab,الله يرزقك سعادة ختي
Ghir lyouma kant ghadirha lia w7da ya Sahbi,وا نااااري على كداب
Chala fach 3adi natfarjo omak katfarj fik db o3jabha elhal wasir man 9akat trabi,غير اليوم كانت غاديرا ليا وحدة يا صحبي
3 songs wa7d ynisk flakhor,شلا فاچ عادي نتفرج و ماك كاتفرج فيك دبا و عجبتها الحال و سير من 9اكت تربي
Kamel broo m9awed,3 songs واحد ينسك فالخور
Kima l3ada,كامل برو م9اود
Cho khtna ki kt3wj fi trmtha hhhh,كيما لعادة
Knt knsena kolchi ila had l3eyba li derti,شو ختنا كي كتعوج في ترمتها ههه
Rotary houa li s3ib z3ma ?,كنت كنسنا كلشي إلا هاد لعيوبة لي درتي
Ktban kilimini mn wjhQ g3ma m3wnaQ ela tcharmil a sat,روتاري هوا لي صعيب زعما؟
9daam had lvidyohat,كتبان كليمني من وجهQ گعما معونQ إلا تشرمل أ سات
had disk f yamato kifach kan kaytle3,قدام هاد لفيديوهات
Tstmeeeee fach chfto howa kay3rfni wana makan3rfch kbhal Ila saybtiha Blige DRI morba3 lhaya ktaf morba3In howa morba3 kbhal ila kharja mn rblx,هاد ديسك ف ياماتو كيفاش كان كايطلع
Ydal nhar kaml howa ytnmar 3la nas fi lkhar khdaha wjha m9am9am,تستميييي فاچ شفتو هوا كايعرفني وانا ماكانعرفش كبحال إلا صايبتيها بليج دري مرابع لحيا كتاف مرابعين هوا مرابع كبحال إلا خرج من ربلكس
Bghit gha n3rf had 143 fin kidi wach tacharok l'walfa yak ?,يدال النهار كامل هوا يتنمر على ناس في لخار خدها وجهه م9ام9ام
Hadik Ila konti radi fi tri9 m7afra kharig mdina cha3alha,بغيت غا نعرف هاد 143 فين كيدي واش تشرك لو الفا ياك؟
Wa dacia machi dasya,هاديك إلا كنتي رادي في طريق محفرة خارج مدينة شحالها
Yassine Oubahssise vinicus nhar ih9d mbapee,وا داسيا ماشي داسيا
Waaaa3ibad llah,ياسين أوباهسيس فينكس نهار إه9د مبابي
"Wa sad 9addoussak ta nta a si Steward effectivement tu trouveras pas un savant ouvrant une chaîne pour sois disant cause « lutter contre les contenus médiatiques inappropriés “ par quoi ? Par des insultes des intimidations et la diffamation, quelle en… En voir plus",واااعباد الله
Ihna lhal awdy aba yousef l3am jay aychark jalo9,"وا سعد 9دوساك تا نتا أ سي ستيوارد فعلا متجدش عالم يفتح قناة لسبب يدعي ""محاربة المحتويات الإعلامية غير اللائقة"" بماذا؟ بالإهانات والترهيب والتشهير، ما هو… انظر المزيد"
Imta rayl3bo akhouya?,إحنا الحال أودي أبا يوسف العام الجاي أيشارك جالو9
Ana jabtha las9a f vidéo li7titi dik lmra o 9alti li3ta ijiba s7i7a 3ndo cadeau yalah bain liya,إمتا رايلعبو أخويا؟
Adak is5arbi lmsayl,أنا جابتها لأسقة ف فيديو ليحتي ديك لمرا و 9التي ليعتا تجيب ص7يحة عندو كادو يلاه بين ليا
Ana manharr lawal makanhmlouch,أدك إس5ربي لمسايل
Hhh kan d3if bazaff fhad botola,أنا منهار الأول ماكنهملوش
Akfas la3ib falbotola la3ala9a Hada hchouma yal3ab odak lidkhal blasto iglas Bach t3arfo kora falmgharib Chi Marat wlah ila dolm,ههه كان دعييف بزاف فهد بوتولة
Dri lay3mr hadar d5lo 3ndo adrari diro Lh chi aboni,أكفاس لاعب فالبوتولة لا علاقة هادا حشومة يلعب وداك لي دخل بلاستو إجلس باش تعارف كورا فالمغرب شي مرات والله إلا ظلم
Kankoun f3eers wkan3ya b7ala laa3b maatsh,دري ليعمر هدار دخلو عندو أدراري ديرو الله شي أبوني
Lkhiir akhoya li mglb lahoma barik,كانكون ف3eers وكنعيا ب7الا لاعب ماتش
At3tina chique la a khoya mabghich nachri sbitar hhhhh,لخیر اخويا لي مگلبه الله هوما باريك
Bbas n taljalou9t ilsa bda Tabliya n Total,أتعطنا شيك لا أ خويا مابغيش نشري سبيطار ههههه
Abaghogh 3alam,بباس ن تلجالو9ت إلسا بدا تبلية ن توتال
Ah 3ad fhmna lach makynach bota 3amra flhwant hhhh wayni mosiba ntom,أباغوغ علام
Hhh gha kanchofo dar lih dik chada na3rfo.ghadi ihzo bachi nas hh,آه عاد فهمنا لاش ماكناش بوتا حمرا فلهوانت ههه وايني مصيبة نتوما
Fin howa tajalo9t,ههه غا كنشوفو دار ليه ديك شادة نعرفو.غادي يهزو باچي ناس هه
Hhhhhhh khouna Dak haraka d noussair ta hed mared lih lbal,فين هوا تالو9ت
3bsi 3alam,ههههههه خونا داك حركة د نوسير تا هاد مراد ليه لبال
3andkom lakhta asi yosaf sl7o lakhta daba lkar dyal lfaracha drto lih lichhar kayban zwin flakh inayk ochkighd ghyalkar n 20 dh i3amr siraran lfarach rkbna fiha lkiran dyalha mnaw3 lmomtaz,عبسي علام
Ylh sir f7alatk,عندكوم لاختة أسي يوسف صلحو لاختة دابا الكار ديال الفراشة درتو ليه ليشار كيبان زوين فالخور إينيك وشكيغد غيالكار ن 20 درهم إعمر سيران الفراش ركبنا فيها الكيران ديالها منوع لممتاز
A7ssan anime dyal si7r howa magi ou. Ma3andooch cha3biya 3and l3raab ma3raftch 3laach,يله سير ف7الاتك
dak shangari la frontier wa naaaadi ta mn openings nadyin,أحسن أنيمي ديال سحر هوا ماجي و. ماعندوش شعبية عند لعراب معرفتش علاش
Siiiiir 3la lah zyr kbli,سير على الله يزور قبلي
Lafhmetche. An. 3elache. Makherjoche,لفهمتش. أَن. علاش. ماخرجوش
Est ce que c vrai ça ? Naaaari ana mafrassi walo,استصى ص vrai ça ? نااااري أنا مافرّسي والو
"Siiiiiiiir à lqlw diiir chii 9alwaa f hyateeek , nTa dayer fhal wliiiiya , 7aadiii li yyt7daa w lii mayt7daaach a zb",سير آ لقلب ديير شي 9الوا ف حياتك، نتا داير فحال ولييييا، حادي لي يتحدّا و لي مايتحدّاش أ زب
Kayna nhar interview kat3raf rask Wach khditiha wla la all,كاين نهار interview كتعرف راسك واش خديتيها ولا لا
7na dfèl 3lina f wjèhna 3lach,حنا دفّل علينا ف وجهنا علاش
Khy sardli m3ak dik l9amiss,خي سردلي معاك ديك الخميس
Klamak ma39ol madaym rir,كلامك معقول مدايم رير
Lalo salamanca wakha chirir howa aktar wahd mahboub,لالو سلامانكا واخا شيرير هوا أكثر واحد محبوب
rejal chi sit web ntfrju meaqom liki3ref chi site free,رجال شي سيت ويب نتفرج معقوم ليكيعرف شي سيت free
Jalo9 mah za isen ben bâtoTa hhh kha kran slinader pistoûn hhh,جالو9 ما زا إيسن بن باتوتا ههه خا كران سليناذر بيستون ههه
Tatinist irkan hhhh igas lmika l9as7a Bach ATF sawet hhhh Ayoub Sskouri,تاتينيست إركان ههه إيگاس لميكا القسعة باش ATF صوت ههه أيوب سسكوري
"Nta m3a abonner w les vues,pas plus aji glas hna f lmghreb w tkalam w dafa3,,,34 wnta f lmghreb,,ach 3titi lhad lmghreb","نتا مع abonner و les vues، باس plus أجي گلاس هنا ف المغرب و تكلم و دافع,,,34 و نتا ف المغرب,, آش عطيتی لهاد المغرب"
Active Mode zackester lah i3tik saha bndm rah zad fih,Active Mode زاكستر الله يعطيك صحا بندم راه زاد فيه
John wick martaba 7 hh katfrj mghamd 3inik yamkn ou fin mkhali (The bourne),جون ويك مرتبة 7 هه كاتفْرْج مغامد عينيك يمكّن وفين مخالي (The bourne)
Chi site dyal aflam,شي سيت ديال أفلام
Khassk tfarj f polar mazal khassk tzid tfarj f l aflam ba9i amateur,خاصك تفْرْج ف بولار مازال خاصك تزيد تفْرْج ف ل أفلام باقي amateur
chokran bzzaf nta rajl,شكران بزااف نتا رجل
hdar 3la hd lbant,هدر على هد البنت
Khoya rah wlaw gha chafra bghawha barda mkaybghiwch ykhadmo bdra3hom layshal 3lik akhoya,خويا راه ولاو غا شفرة بغاوها بردة مكيبغيو يخدمو بدراهم ليشال عليك اخويا
Mlak m3a dik lhya,ملاك مع ديك اللحية
Lhadaf man hadchi hir bach bnadam it3arba 7it chaf Kolchi taybghi lkora gal m3a raso Kolchi ghaybghi il3ab m3a sa7aba,لهداف من هادشي هير باش بنادم يتعرّب حيت شاف كولشي تايبغي لكورة قال مع راسو كولشي غيبغي يلعب مع صحابو
T9dar der vedous howa kayhdar onta riyakti rir bwjhk hit sawtk moz3ij 3la sawto brojola,تقدر در ڤيدوس هوا كيهدر و نتا ريَاكتي رير بوجهك حيت صوتك مزعج على صوتو بروجولا
Wlah akhue wael kat3ejbnii fhado mhachmin bina fhad tanger,والله أخوي واعل كتعجبني فهادو مشحمين بينا فهاد طنجر
Wahd lhaja machi mefhouma 3lach w9a3 hadchi f 3 delmodon o bnefs mandar o flila wehda hadchi kayrowen hit hadchi li kano baghyin yweslolo bach ybiyeno beli kan 3andom l7a9 kat7es beli tema chi haja machi hia hadik,واحد لحاجة ماشي مفهومة علاش وقع هادشي ف 3 دلمدون و بنفس مدار و فلّيلة وحدة هادشي كيروين حيت هادشي لي كانو باغيين يوصلو بيه باش يبينو بلي كانو عندوم الحق كتحس بلي تما شي حاجة ماشي هيا هاديك
Kat7am9iii,كتحمّق
Hhhh 3ndi 20 smiti jmi3a,ههه عندي 20 سميتي جمعا
"100 kg f sqwat, drari o tayjihom had l poids S3ib.... Sara7a mata9tch fik",100 كيلو ف سكوات، دراري و تايهجيهم هاد البويد صعيب.... صراحة ماتقش فيك
3afak wach ta9der tsalafni mertek ?,عافاك واش تقدر تسلفني مرتك؟
Nadi akhoya lah yshl 3lik,نَادي أخويا الله يشل عليك
Yetsweeel f omeek ee weeld l9hba,يتسْوّل ف اومّك إي ولد اللعبة
3afak wach ta9der tsalafni mertek ?,عافاك واش تقدر تسلفني مرتك؟
Naaaaari ta nti nti katchethi maymkench hhhhhhh تونا روز,نااااري تا نتي نتي كاتشي مايمكنش ههههه تونا روز
Malkom.3la.had.sam.ou.lahsad,مالكوم.علا.هاد.سام.أو.لحساد
3a dobis ya3dik lakh bar,عا دوبيس يعطيك الله بار
Hada howa li kaymchiw teranat fabor makla fabor hakimi ballon d'or w Hatim 3mor tl3 kwayri adrari,هادا هوا لي كايمشيو ترانات فابور مكلا فابور حكيمي بالون دور و حاتم عمور طلع كوايري أدراري
W nhar lmodahara dar raso machi influencer hhhh w tfa cnx simana ela mahbsat d3wa w bda galk moraha 3awd awdi,و نهار لموداهرة دار راسو ماشي influencer ههه و تفّا cnx سيمانا إلا محبسات دعوة و بدا گالك مورها عاود أودي
Gol ghi allah wsselena ala khir .,قول غي الله وصلنا على خير.
Mghribiyat zwinin wakh tgol liglti llah I khlihom lina,مغربيات زوينين واخا تقول ليگلتو الله يخليهم لينا
Htarm Adan dak haywan,حترم آدان داك الحيوان
Y3awdo f tarodage malo 3la had l7ala,يعاودو ف تروداج مالو على هاد الحالة
Malk al9lawi khayfe dawi gha mane da4kome ta khe4aj b7alle 4ejalle ama neta gha ne3iwa,مالك القلاوي خايف داوي غا من داككوم تا خواج ب7الة عجالة أما نتا غا نعيو
Imta la3bin m3a sa3adiya,إمتا لاعبين مع سعاديا
Nta li kat3raf lbhal had no3,نتا لي كتعرف لبال هاد النوع
3tih yhwik hgada tjih lkharja zwina,عطيه يهويك هگادا تجيه لخارجة زوينة
Fin akhouya had lablasa,فين أخويا هاد لبلاصة
Hadchi ma3ndnach sara7a,هادشي معندناش صراحة
Sir tkhra nta ha lhas lkapa machi rajal,سير تخرا نتا ها لحس لكابا ماشي رجل
Afkaaar lhreebaa khoya re3jnaa chwi anime,أفكار لحريبة خويا رجعنا شوي anime
katsra3 had videowat akhay kadahkna nadi,كاتسْرع هاد فيديوهات أخاي كضحكنا نَادي
Rihana deyal jumia hhhh wlh lwjah li 7achmi 3lih myksabohch,ريحانة ديال جمعية ههه والله لوجه لي حشْمي عليه مايكسبوش
Rajl Dima kib9a rajl wkha itho Lik kamlin layshl 3lkikom yarb w iwf9kom,رجل ديما كيبقا رجل وخا يتهو ليك كاملين ليشال عليكم يارب و يوفقكم
Youssef Dousti A3AZ khoya wald bladi l3ziz marhba khoya andi fi agadir rak wald bladi l3ziz,يوسف دوستي أعز خويا ولد بلادي العزيز مرحبا خويا عندي في أكادير راك ولد بلادي العزيز
La3wiziya wchta,لاعويزية وشتا
Hhhh allh yetik sha awda ljalo9,ههه الله يعطيك شى أودى لجالو9
Ab3mrann a9wasss ou9r flak tiznit taltaa tabdaaa,أب عمران أَقْوَسس أوقر فلاك تيزنيت ثلاثاء تبدااا
Sir t7awa madayrlkch follow wdima tal3 3andi dzab,سير تحوا ماديرلكش follow وديمة طالع عندي ذاب
had derii rojola lah ysahel 3lik akhuya,هاد دري رْجولة الله يسهل عليك اخويا
Hadi septembre fight machi août fight hhhh wa outfit a bro,هادي سبتمبر fight ماشي غشت fight ههه و outfit أ برو
Hhhhh l9a9 ax kadir tama,ههههه القاع أخ كادير تما
Lbas 7wayjak,لباس حوايجك
Zakaria Chioua 7alak db,زكريا شيوا حلاك دبا
Lhama9 safi,لحماق صافي
3alah ayg lpissri,علاه أيگ لپيسري
Min tagal3ih maysalkak ghi l m9as hhh,من تگالحه مايسلكاك غي لمقاس ههه
Bayna fih maskhot bah,باينة فيه مسخوط باه
Gue yang 5 liter sehari dan udah dilakuin selama 3tahun. Buang air cuma 3kali sehari. Pertanyaan nya kemana keluarnya? Lewat kringet. Jadi tergantung aktivitas.,جو يانغ 5 لتر sehari dan udah dilakuin selama 3tahun. Buang air cuma 3kali sehari. Pertanyaan nya kemana keluarnya? Lewat kringet. Jadi tergantung aktivitas.
Sba33,سبعة و تلاتين
Admin dzzb mlk ela had disk,أدمن دزّب ملك إلا هاد ديسك
Page dyal lmatab.,باج ديال لمطاب
Ba9i sril o hawa 3ando daliyad,باقي سرّيل و هاوا عندو دلياد
Ragoba akhai as3ad hhhh,ركوبة أخاي أسعد ههه
Cv cv owa khlsi nti,CV CV أوا خلصي نتي
Ghir bayda9 karo bdik nokta kon 3a skt w3ta 9ima raso,غير بايدق كرو بديك نقطة كون عا سكت وعتا قيما راسو
Tla3touna f karna arba3a d me9toulin,طَلعتونا ف كارنا أربعا د مقطولين
Wiiiii Daz 3andi l album dyalo f 1998,ووييي داز عندي لآلبوم ديالو ف 1998
Wach blan hada,واش بلان هادا
Hakda dar cristiano fach 9aliw fwahed interview ma3mri l3ab d Saudi Arabia flkher mcha liha,هكدا دار كريستيانو فاخ قاليوا واحد interview ماعمر لعب د السعودية الفخر مشا ليها
3ziz 3lina jalo9,عزيز علينا جالو9
Fhadiii khalitha BghiT dir fiha z3ma mnęrf wchta,فهاديي خليتها بغيت ندير فيها زمة منعرف وشتا
Walid Khalid hhhh 5asna nx9awe 3la xi we7da,وليد خالد ههه خمسة نْخاوْ على شي وحدة
lbarça o benfica bssa7 x f 1 hhhhhhhh kon gha le3bo biha,لبرصا و بنفيكا بساح خ ف 1 ههههههه كون غا لعبو بيها
Batnod m9awed,باتنود مقاود
Eu li que era o Edmundo. Que o filho de Edmundo confirmou.,Eu li que era o Edmundo. Que o filho de Edmundo confirmou.
Saha drari 7sn mn lglos fdrb o lbalya dahk nachat ol3ibada,صحا دراري حسن من لغلوس فدرب و لباليا داك نَاشات أولعبادة
Khsk achrif bli lhsnya mchi ghir dyal Agadir owalidin dyl had tifla tlqhom ga3 mkyntamiw alagadir,خاصك تشرف بلي لحسنا ماشي غير ديال أكادير ووالدين ديل هاد طفلة تلقاهم گاع مكينتاميو لأكادير
3layn andaark ika 3azrayn kra was radiik ifdo mardoukh na,علاين أندارك إكا عزراين كرا و راديك إفدو ماردوخ نا
Ktarti 3la krak,كترتي على كراك
Hhhh za3ma nta 3alam,ههه زعما نتا علم
Hhh Ghadi tsta alqlawi dawi m3a l7ayt,ههه غادي تْستا القلاوي داوي مع الحيط
Sir t9awd,سير تقود
B9a tma,بقا تما
Jo3 wno3 bghrit nkhod motor nqass liya 50 dh,جوع ونوع بغيت نْخود موتور نقاس ليا 50 درهم
Nta 3andak chi 9alwa tmak,نتا عندك شي 9الوة تماك
Had l9lawi kaychwah bwlad khimesset,هاد القلاوي كيشوا بولاد خيمسّت
Wh9rab ila lhrba,وهرب إلا لهرّبة
Wasir t9wad kmisat wala zbi,واسير تقود كميسات ولا زبي
Elle est comme ma petite fille de 1 ans et 3 mois,Elle est comme ma petite fille de 1 ans et 3 mois
Ch7al mam9boulch had khona Walah,شحال ماقبولش هاد الخونا والله
Hadi mt 07 ou zr9a mt 09,هادي مت 07 و زرعة مت 09
4ir kykdb xof ftal dyal fidya ntom tfhom blan,4ير كيكدب خوف فتال ديال فيديا نتوما تفهمو بلان
@super fans tagi dak sahbk li bhal haka,@super fans تاغي داك صاحبك لي بحال هاكا
Reduced playback speed to 0.5secs... and voila,Reduced playback speed to 0.5secs... and voila
Hh9ejyhfjf,هه9جيهفجف
Rir sam3 akhoya tanta,رير سمّع أخويا تنتا
Ax kat3rf ya w9 snti7a zaml bok 3la walo,آش كتعرف يا و9نتيجة زمل بوك علا والو
Ana rbit waldih khlito ybda ytlb wyzawg hhhhh,أنا ربيت ولدي خليتو يبدا يتلب ويزوج ههههه
3la nasiha,علا نصيحة
Rah fiha bo3nazz a sahbi hhhhhhhh,راه فيها بو3ناز أ صاحبي ههههههه
Waldna dima mcharafna allah ikhalilih wlidato dar m3aya mazal howa odrari kamlin likano khadamin tama allah isahal 3lihoum ni3ma rijal,والدنا ديما مشارفنا الله يخليليه وليداتو دار معايا مازال هو ودراري كاملين لي كانو خدامين تما الله اسهل عليهم نعمة رجال
Bghiti dir fiha bhal lbrazilyin,بغيتي دير فيها بحال لبرازيليين
Likhas ktr mn bzaaaf riyada fswira mafihach lmost9bal khas chi hl rah tm7na ou t7tmna olah,ليكاس كثر من بزاف ريادة فسويرا مافيهاش لمستقبل خاص شي حل راه تمحنا وت7تمنا أولاه
Zwin orak khdam 3ajbna hhh hada klamk ola la,زوين أوراك خدام عجبتنا ههه هادا كلامك ولا لا
Afdal sani3 mohtawa bi nisba liya,أفضل صانع محتوى بالنسبة ليا
Khouya rak kat3awd tlo7 videowat,خويا راك كتعاود تلوح فيديوهات
Khouya makal9awch page dyalk letterboxd,خويا ماكلقاوش page ديالك letterboxd
Drbo Liya 3la t9axr dyal a3yalat labs lmo t9axrha hhh,دربو ليا علا ت9خر ديال أعيالات لابس لمو ت9خرها ههه
D3moh mskin mkyn 3a rrrrrrrr,د3موه مسكين مكين عا رررررر
Asmit hadkhouna li taychri had lmatar ou 3oud dir hir bhal had lvidyouwat zwinin oumatay khaliwkch tmal,أسميت هادخونا لي تايشري هاد لمطار و عود دير هير بحال هاد لفيديوهات زوينين ووماتخليكش تمال
abonne m3ak adrari,abonné معاك أدراري
3la slamtk bgina lik gir l5ir,علا سلامتك بغينا ليك غير لخير
Hhh 7watkom jawhara,ههه حواتكوم جوهرة
Ta n9oss shpi mne lkdope Martina shpi,تا نقوص شبي من لكدوب مارتينا شبي
Ana li hass bi hadak li rakb lawr msskin fach gadi ychd bih tri9 twila hhhh,أنا لي حس بهاداك لي ركب لوور مسكين فاخ غادي يشد بيه طريق طويلة ههه
Rbi ch7al tman dyl had moto,ربي شحال تمن ديل هاد moto
Jil moura jil nb9aw les origines,جيل مور جيل نبقاو les origines
Génération cheb3ana inspiration,Génération cheb3ana inspiration
Ina motor hada,إينا موتور هادا
Omar Amensague 39alti 3la match mas ou chouha li w93at fuh,عمر أمينساغ 39التي علا ماتش ماس وشوها لي وقع فوه
La hna yamat ula ma3ndkeesh lcart o ticket maghdkhlesh l tiraan,لا هنا يامات ولا معندكش لcart و ticket مغدخش ل تيران
Ay3awnrbi awdi alm3lm baghad,أيعاونربي أوذي المعلم بغداد
Bayna 3lik chafar a khouya o smah liya,باين عليك شافر أ خويا وسماح ليا
Lah ighalbkom 3lihoum yarbi,الله يغلبكوم عليهوم ياربي
Bon courage la3ziz mais,Bon courage لعزيز مايس
Chef bghina dur vidéo Kifach nsawbo sous tomat pro,شيف بغينا دور فيديو كيفاش نسوبو sous tomat pro
Thlaw assahbi 4tamaka han aritban 3layn aymt,ثلاو أصحاب 4تمكا هان أريتبان علاين أيمت
Wach kheditii be3da l2deen mlii sewartiihoom,واش خديتي بعدا ل2دين ملي سورتيهوم
Ach khask al3cha sansoul amoulay hh,آش خاسك العشا سانسول أمولاي هه
A9al taman ftanga bla hadra bzf hama9tona bhad a9al taman kolxi kigol a9al taman ohoma kamlin nefs taman hhh,أقال تمن فتانغا بلا هضرة بزف حمقونا بهاد أقال تمن كلشي كيقول أقال تمن وهوما كاملين نفس تمن ههه
Ollah ila 3ndi,أولاه إلا عندي
Le Burkina dans 5ans risque de surprendre tout le monde plein de ressources je suis fiers,Le Burkina dans 5ans risque de surprendre tout le monde plein de ressources je suis fiers
Mafik matched Dipanage asat m3deb m3ak omma,مافيك ماتش Dipanage أسات معذب معاك أمّا
souira machi dyal tsayad fiha blfusi hitache lbher mkhawad bbzzff ou btejrib,سويرة ماشي ديال تصياد فيها بلفوسي حيتش لبحر مخاود بzzف وبتجريب
Yahya wach dyalkk had ssffha,يحيى واش ديالك هاد ssفها
L3z lighiws ota7iyti lmsimir,لغز لغيوس أوتاحييتي لمسمير
Orak ichb3a modritch agourn,أوراك إشب3ا مدرتيش أغورن
Maxu 4ir Ain dyab Hta wad marzag yalah mxa liya Hta ana,ماكسو 4ير عين دياب حتى ود مرزاغ يلاه مشا ليا حتى أنا
Hta ana mcha lai motore mn tema,حتى أنا مشا لاي موتور من تيما
Tabkah 3la si Fouad jiti 3ndna ltata,طبخة علا سي فؤاد جيتي عندنا لتاتا
Franchement une série formidable hier j'ai regardé de 23 jusqu'à 5h matin j'ai trop kiffé,franchement une série formidable hier j'ai regardé de 23 jusqu'à 5h matin j'ai trop kiffé
walakin fin kayn had l bal fih maydar hhhhh,ولكن فين كاين هاد ل بال فيه مايدار ههههه
Hhhh kolchi 3la chtiha,ههه كلشي علا صطيحة
Mabrooook 3lik tsahl wlah,مبروك عليك تسهل والله
Af9ir na tiznit ahila isn nfsl idarn atn irigli ih faghn,أف9ير نا تيزنيت أهيلا إسن نفسل إدارن أتن إريغلي إه فاغن
Hdxi xrtih ml 3nd zoldyk,هذي خرتيه مل عند زولدييك
"Wllah bsa7 jit mn Rabat,3at9ouni chi rjal ta7iya lihoum mn hna",والله بساح جيت من الرباط، عاطوني شي رجال تحية ليهم من هنا
Bach kat3raf cours rah kain,باش كتعرف cours راه كاين
Wallah o tkoun une bonne structure htta n3awnook avec l'art et la manière,والله وتكون une bonne structure حتا نعاونوك مع l'art و la manière
Lah ighaleb lkher 3la char,الله يغالب لخّر علا شار
Kif dayra 3amti labass 3liha wla ri kat9olbo 3la nasse,كيف دايرة عمتك لباس عليها ولا ري كاتقولبو علا ناس
Ma3ndkom mayadar,معندكوم مايدار
Sava 3amti,سافا عمتي
odak sa7b 3amayn ohowa kaytsnak tkhraj,أوداك صاحب عمّاين وهو كيتسناك تخرج
Mbrik 3lik khoya,مبروك عليك خويا
53 jbha man jib bl7sab 3alam 3liha,53 جبهة من جيب بالحصاب علم عليها
Dariri ta3a tarka lay3aarh dar,داريري تعا تركا ليعارح دار
Wee copenhagen goli Rah kyn endi whd khalit solala 7or tachri,وي كوبنهاجن قولي راه كين عندي واحد خليت سولالة حور تشري
Haaaallaw yasa3odi inta rabiy tat3rifo lmarariba jayidan,هاااالاو ياصعودي انت رابي تتعرفو للمراريبا جيدان
lhjaouj vlogs khouya soufiane had rav4 dialk achmen model??,lhjaouj vlogs خويا سفيان هاد rav4 ديالك أشمن model؟؟
M9éwdin 3la 7'toun,م9ودين علا 7'تّون
Cha9oor ma9awad,شعور مقاود
Kol hal 3ndo mochkil,كل حال عندو موشكل
Khoya baykar tbarklah 3lik,خويا بايكر تبارك الله عليك
الحاج بغاض dark yadli m3a lhsab,الحاج بغاض dark يدلي مع الحساب
Mr7ba gheda nji 3ndk ndiro chi difi,مرحبا غدا نجي عندك نديرو شي ديفي
Ana nthadak,أنا نتهادك
"Largo nadi kanadi tbarkaklah 3lih m3alam lah isahal 3lih maskin, lah isahal 3likom jami3an inchallah",لارغو نادي كانادي تبارككلاه عليه معالم الله اسهل عليه مسكين، الله اسهل عليكم جميعان إن شاء الله
Khouya 3sabtini bdak sat sat sat asat sat pfffff tkhna9t,خويا عصبطيني بدك سات سات سات أسات سات پففف تخناقت
Ewa 3almi l8hom machi lina bach ydkhlo lfloosa,إوا علمي ل8هم ماشي لينا باش يدخلو لفلوسا
Lhwla.wla 9owta ila billh wlh b9at fiya mrato,اللولا.ولا قوة إلا بالله والله بقات فيا مراتو
Oumaima Mouhdane sujet li 3chto cher,أوميمة موحدان sujet لي عشتو شر
Wa ns 39l 9smoh bjoj,وا نس 3عل 9سموه بجوج
Lui l'ha cantato col cuore. Ma qui vorrei parlare di questo meraviglioso brano dei Pooh che ci hanno lasciato capolavori musicali patrimonio della musica italiana,Lui l'ha cantato col cuore. Ma qui vorrei parlare di questo meraviglioso brano dei Pooh che ci hanno lasciato capolavori musicali patrimonio della musica italiana
Sbeee3,سبيييع
Hhhhhhhh 3alam,ههههههه علم
Ana ghbert chweya l9itek 7iyedti mask,أنا غبرت شوية ل9يتك حيدتي ماسك
mawadi3 mo9alwana,مواضيع موقلونة
3lax mamchitich m3a anwar,علاش ما مشيتيش معا أنوار
Rojola a lkhwdri lah isahal 3lik ya rabi,روجولا أ لخدري الله اسهل عليك يا ربي
Achawa dert lik ana hahahahahahhaaah khritoni bde7k llah imskhkoom,آشوا درت ليك أنا هههههههههههااا خريتوني بضحك الله يمسخكوم
Copie coller dyal bra للاسف,copie coller ديال برا للاسف
The last time vini and rodrygo scored a goal Leo Messi had 46 trophies today he has 48,The last time vini and rodrygo scored a goal Leo Messi had 46 trophies today he has 48
Not being able to find something I just had sends me into pure panic mode. Worst part? It was probably a singular dryer sheet that I have hundreds of.,Not being able to find something I just had sends me into pure panic mode. Worst part? It was probably a singular dryer sheet that I have hundreds of.
Tl3at nadiya,طلعت نادية
Nta mafarj fa walking dead bayna,نتا مافرج فا walking dead باين
1408 dyal John kozak,1408 ديال John kozak
Achmen khla3a wla zabi,آشمن خلاعة ولا زابي
Lghazi Mehdi nta hada,الغازي مهدي نتا هادا
Wach hada lbi3,واش هادا لبيع
Waa btneda artchtat sl9aysa awwww,واا بتنادا ارتشتات السقايسة اوووو
Had lakhra krahto,هاد لخرا كرهتو
Daak 9lawiii ghaa msdoom,داك 9لاويي غا مسدوم
Li pat bloke deja,لي بات بلوكي ديجا
Hala Madrid akha ba3la,هالا مدريد اخا با3لا
Ma3rft 3lach lmchmam makay3rfch ihdr iwa nta katl3o,ماعرفت علاش لمشمام ماكيعرفش يهدر إوا نتا كتلو
Halla madrid aba3la,هالا مدريد أبا3لا
3laaa slamaa akhouyaa,علا سلااما أخوياا
3la slama khoya simo,علا سلااما خويا سيمو
3Laa SLamTak KhOuYa Laah IJ3Lha MaGhFiiraT DonoB,علاا سلاامتاك خويا الله يجعلها مغفرة ذنوب
Oui homa rah f 7a9i9a hakak bla videowat,وي هوما راه ف 7قيقة هكاك بلا فيديوهات
t9awdt eliiik a picho bditi kadir pub,تقودت ليك أ پيشو بديتي كدير پوب
Ana tani wahd knchof rels,أنا تاني واحد كنشوف ريلس
Ana awl wahd knchof rels,أنا أول واحد كنشوف ريلس
W9 7aaaamdin,و9 حامدين
Cameraman had 1 job,كاميرامان هاد واحد جووب
A77 3lik aghizlan,أ77 عليك أغزلان
Awdi ha 3lach l9raya zinaa,أوودي ها علاش القراية زينة
Chakour dik l3ayba ra charjit z3ma,شكور ديك لعييبة را شرجات زعما
Hhhh lma3joun,هههه لمعجون
Razzy Izi nhar sbt m3a 7 shabo atkon zahya,رازي إزي نهار سبت مع 7 شابو اتكون زاهية
Zwiin fchkel ly3mrhaa daar,زوين فشكل لي عمرها دار
Hhhh kol lfl9a ana brasi fhmt 4lat,هههه كل الفلقة أنا براسي فهمت 4لات
Sir 3aya9to wahad rabi ghdab 3lih ntoma 3atiyin lih 9ima hadro 3la chihaja fih manfa3a,سير عياطو واحد ربي غداب عليه نتوما عاطين ليه قيمة هضرو على شي حاجة فيها منفعة
Ya retournement de vandam même est dedans c7 fort,يا ريفورنمان دي فاندام حتى هو داخل ص7 فورط
Hadak rah dhaz kamal makmoul hhhh machi kadou atajalo9t,هاداك راه داز كامل مكمول هههه ماشي كادو أتاجل9ت
Some of us had this figured out from the get go.,Some of us had this figured out from the get go. (No change - English)
Chef d restaurant...machi howa chef d cuisine....ok. o 3adi chef d cuisine ykhroj yahdar m3a les clients. Fhamti al fahim,شيف د رستوران...ماشي هو شيف د كوزين....أوك. و عادي شيف د كوزين يخرج يهضر مع ليز كليان. فهمتي الفاهم
Nta nadi wdak xi likadiir 3la hsab douk naana zwin walakin hadou ri bghiti dir 3lihm had lvid ri 5awartiha ma3tawkx,نتا ناضي ودك شي ليكدير على حساب دوك نانا زوين ولكن هادو ري بغيتي دير عليهم هاد لفيديو ري 5اوارتيها معطاكش
Dak lbido 3lach rmitihom fchari3 ya3ni nta mamrabich,داك لبيدو علاش رميتيهوم ف شاري3 يعني نتا ما ربيتش
finahoma wdnik a b3alla hhhhhhhhhhhhhhhhhhh,فين هوما ودنيك أ با3لا ههههههههههههههه
Dak la9ta ma darhax f dak lbit kant f bit akhor video m9ad,داك لاقطة ما درهش ف داك البيت كانت ف بيت أخر فيديو مقاد
Tbark lah 3likom,تبارك الله عليكم
Jadi kan enak gasih arahan biar bisa nahan emosi nya,jadi kan enak gasih arahan biar bisa nahan emosi nya (No change - Indonesian)
"Aku pernah kerja Di FnB,jadi kasir tau kan hekticknya jdi kasir...q sering tu berantem ma customer,cuma kan jaman 2017/18an sosmed belum segacor skrg… En voir plus","Aku pernah kerja Di FnB,jadi kasir tau kan hekticknya jdi kasir...q sering tu berantem ma customer,cuma kan jaman 2017/18an sosmed belum segacor skrg… En voir plus (No change - Indonesian)"
Kch kch jm3 9lawik azbi 7wakom kamlin a7san rapour,كش كش جمع 9لاويك أزبي حواكوم كاملين أحسن رابور
sabiri ila baghi treacti khdm bohdk ilaknto 2 DNAs tayktr fikom sda3 fhmni asahbi,صابري إلا بغي ترياكتي خدم بوحدك إلا كنتو 2 دي أن أ تايكتر فيكوم سد3 فهميني أصحابي
"On t'aime beaucoup ma star,mais fais attention avec notre poupée","On t'aime beaucoup ma star,mais fais attention avec notre poupée (No change - French)"
Yasser Vox sir f7alatk hhhhhh,ياسر فوكس سير فحالك هههههه
Raja mktasnch likber biha 3erf ach ktgol abhejawit zabe,رجاء مكتسنش ليكبر بيها عرف آش كتگول أبهجاويت زابة
"I now offer videograms on my Storefront! Request a custom video for yourself, friends or family. https://www.facebook.com/RMMTV30/storefront/videograms...","I now offer videograms on my Storefront! Request a custom video for yourself, friends or family. https://www.facebook.com/RMMTV30/storefront/videograms... (No change - English)"
Broker ki rbhti ki khserti kidi comission dyalo r maa3roufa hadi mwer9a,بروكير كي ربحتي كي خسرتي كيدي كوميسيون ديالو ر ماعروفا هادي مورو9ة
Mhadrtich lina akhay 3la amin rivar o zaiyd,ما هدرتش لينا أخاي علا أمين ريفار و زاييد
Had lmossi9aa hiya li gydat jdddui,هاد لموسيقى هي اللي گيدات جدودي
Wach kidirou 15 vidéos f nhar Oula kifach ? Ra fo9mach kan7el facebook katla3li vidéo jdida,واش كيديرو 15 فيديوهات ف نهار أو كيفاش؟ را فوقاش كانحل فيسبوك كاتطلعلي فيديو جديد
Hdro 3la drari li dkhlo odaro ilfr9 ojabo rbh,هضرو على دراري لي دخلو و دارو الفروق وجابو ربح
Il est roi de quel royaume ? Si vous parlez du football je vais te dire l'unique Roi s'appelle Messi et il a Cr7 comme sa main!,Il est roi de quel royaume ? Si vous parlez du football je vais te dire l'unique Roi s'appelle Messi et il a Cr7 comme sa main! (No change - French)
Ma la coerenza ?,ما لا كوهيرينزا؟ (No change - Italian)
"Il problema sta in dirigenza c'era una volta Moggi Giraudo Bettega ,poi Marotta Paratici Nedved ,poi e' venuto il Giuntolo e non so chi con lui ,poi ora un francese che non parla italiano ma capisce di oroscopi e algoritmi se solo ci stesse Allegri a … En voir plus","Il problema sta in dirigenza c'era una volta Moggi Giraudo Bettega ,poi Marotta Paratici Nedved ,poi e' venuto il Giuntolo e non so chi con lui ,poi ora un francese che non parla italiano ma capisce di oroscopi e algoritmi se solo ci stesse Allegri a … En voir plus (No change - Italian)"
Torna a fare il vocalist per cartonati va. Savona é un lampione i 2 brasiliani ormai erano a fine corsa per husien che comunque tra bonus e percentuale sulla vendita la Juve ha incassato 25 milioni circa magari poteva essere venduto meglio ma cosa sta … En voir plus,Torna a fare il vocalist per cartonati va. Savona é un lampione i 2 brasiliani ormai erano a fine corsa per husien che comunque tra bonus e percentuale sulla vendita la Juve ha incassato 25 milioni circa magari poteva essere venduto meglio ma cosa sta … En voir plus (No change - Italian)
Ma perché non parli pure quando nei gli ultimi anni di allegri,ما پاشرلي نتا ملي كنهضر في السنوات الأخيرة ديال أليغري
Rabiot è andato al.marsiglia l'ultimo giorno di mercato perché non ha trovato Chi gli dava 10 milioni l'anno.....i giovani venduti per carità c'era qualcuno che valeva di più ma il problema della Juve era di monetizzare e nemmeno senza perdere troppo t… En voir plus,رابيو مشى لمرسيليا لخر يوم ديال لميركاتو پاش ما لقااش لي يعطيه 10 مليون لعام.....لشباب لي باعو بالصدقة كان شي واحد كيعول على أكثر ولكن المشكل ديال يوفنتوس كان هو التحويل و حتى ما يخسر بزاف ت… En voir plus (No change - Italian)
"Lugsongon man pud ni amoa dri, adlaw2 ko bathe, magic motor, pero di man Eng ana.","Lugsongon man pud ni amoa dri, adlaw2 ko bathe, magic motor, pero di man Eng ana. (No change - Cebuano)"
aflad dlkhra hado chno had lmostawa,أفلاذ لخرا هادو شنو هاد لمستوى
Hhh fin hna lbad 3dna,ههه فين هنا لباد عندنا
Wah kia bt h mry allah ny jannat ma kia kia raka hoga allah ham sb ko naseeeb kry,واه كيا بت ه مري الله ني جنات ما كيا كيا راكا هوگا الله هم سب كو ناسيپ ڪري
M3a balamo hasanat rahom yatlamo,معا بالامو حسنات راهوم يتلامو
fin had lblasa,فين هاد لبلاصة
Ktret l3ya9a li bdit kanchof,كثرت لعيطة لي بديت كنشوف
O9sim blah ila gha tkhrbi9 o lfitna o safi khouya syid mkyfhmch chlha mghdich itfrd 3lih ifhmha bzez o kaynin nass cheloh f casa o fmghrib kamlo aamrhum chi wahd 3amlhum b 3onsorya o haja khora dri mghribi machi khaso ikon kaydwi gha b chlha o français… En voir plus,أوقسم بلاه إلا غا تكربي9 و الفتنة و صافي خويا سيد مكيفهمش شلحة مغديةش تفرض عليه فهمها بزز و كاينين ناس شلوه ف كاسا و فمغرب كاملو أمرهم شي واحد عملهم ب 3ونسورية و حاجة خورا دري مغربي ماشي خاسو يكون كيدوي غا بشلحة و فرنسي… En voir plus
Hhhhhh t9der be3da heta thder me3a shab txiat,هههههه تقدر بعدا حتى تهدر مع شاب تكسيات
khoya rani 3yit ma ngolik dwi lina 3la extraction,خويا راني عيت ما نگولك دوي لينا على إكستراكشن
Yak almerdi,ياك المردي
Nfs 3a9liya 3ndi wa3ndk akhoYa,نفس العقلية عندي وعندك أخويا
L9itiha wajda ahnini,لقيته واجد أهنيني
A5i dwi m3aya f 5as,أشي دوي معايا ف 5اس
Fin kan a5oya b4ayt anji anakol 3andkom,فين كان أ خويا ب4يت أنجي ناكل عندكوم
Wawark a3li machina fiha yawldik,واورك أعلي ماشي فيها ولاديك
Mabin l3yen uabejder yak akhi,مابين لعيون و أبهدر ياك أخي
"When the van driver forgot the script and realized it had to slow down.""","When the van driver forgot the script and realized it had to slow down."" (No change - English)"
Tbarklah 3lik akhti,تبارك الله عليك أختي
Wakha malabs baina,واخا مالابس باينة
"Nunca percebi os portugueses não terem orgulho no CR7. Só o facto de dar a conhecer o meu país, para mim é o maior.","Nunca percebi os portugueses não terem orgulho no CR7. Só o facto de dar a conhecer o meu país, para mim é o maior. (No change - Portuguese)"
Ntoma rah salina m3akom hhhhh mnimta,نتوما راه سالينا معكم ههههه منيمتا
2vs50 m9owdiiin 3likom,2vs50 مقوديين عليكم
Namra 3afak,نامرا عفاك
Wana it3omn lou9tad akouray atikhsan yarbi salama awdi,وانا اتعمن لوقتد أكوراي اتخسان ياربي سلامة أوودي
hada kay4sl 3lina ljanaba dyalo wald l3abd otab3ino flhma9 dyalo,هادا كاي4سل علينا لجانبا ديالو ولد لعبد وتابعينو فلهمة ديالو
Nari maymknch mdhkch lah ychafik db kyhsblih mskin kydir chi hja li m3mr chi hd 9dr ydirha dkchi elax ky3tbr raso btal hhh,ناري مايمكنش مدكش الله يشافيك دبا كيهسبلي مسكين كيدير شي حاجة لي معمر شي حد هاد 9در يديرها دكشي إلا كيعتبر راسه بطل ههه
3omro fchal bax ydahkni had batal dyal dnya o aham haja 3ando Hiya nadafa hhh,عمرو فچال باخ يدهكني هاد بطل ديال دنيا و أهم حاجة عندو هيا نضافة ههه
Fin had l blassa,فين هاد البلاصة
Antoma Aslan ktkhdmo ghir am3a driat f indrive tolito kt3mlo b7lhom dirin na9aba ghir bintkom z3ma antoma rah b39lkom mi frchkom had khona,انتوما اصلا كتشدو غير امعا دريات ف إندرايف توليتو كتعملو ب7لهم درين نقابة غير بنتوكم زعما انتوما راه ب3قلكم مي فرشكوم هاد خونا
Rah man3om 3adad b7al had no3 msakan akhoya lah yastatna w yastar bniyatna ya rabi w matab9ach ti9 a khoya bazaf rah lwa9t khyabat lah ysahal 3lik,راه منعوم عدد ب7ال هاد نوع مسكان اخويا الله يستتنا و يستار بنياتنا يا ربي و ماتبقاش تيق أ خويا بزاف راه لوقت خيبات الله يسهل عليك
ali dri dik,علي دري ديك
Amal koulchi 3la druj lagzare,أمال كولشي علا دروج لڭزارة
I love the fact that people in the comments are so offended she had received a mild sedation for the procedure..,I love the fact that people in the comments are so offended she had received a mild sedation for the procedure.. (No change - English)
Ambot lang.nimo day ma sandwich jd ka nila day,Ambot lang.nimo day ma sandwich jd ka nila day (No change - Cebuano)
Lah ifrajha 3lih akhoya simo,الله افرجها عليه اخويا سيمو
Lah itle9 sraho khouya simo,الله اتلي9 سراحو خويا سيمو
Mantaaaap ya seharus nya begitu turun ke lapangan jgn nerima laporan aja ini baru krja yg bagus.lanjut kan pak TNI,Mantaaaap ya seharus nya begitu turun ke lapangan jgn nerima laporan aja ini baru krja yg bagus.lanjut kan pak TNI (No change - Indonesian)
Salm lina 3la MeHdi,سلم لينا علا مهدي
Salm 3chir 39lti 3liya traksyon silon,سلم 3شير 3قلتي عليا تراكسيون سيلون
Nta mazal mtbanalik kot,نتا مازال متبانليك كوت
Naaaah...... Kan kena tangkap,نااااه...... كان كينة تڭتاب
Kan khasik dirha meiaya jalok olah tji maeah,كان خاصك درها معايا جالوڭ أولاه تجي معايا
Gal 9bl 100 alf ans /yamat/ kant …),ڭال قبل 100 ألف أنس /يامات/ كانت …)
Ta fin 3mro kan chi jmhor dchyra lmkhiyer fihom kan m3ana,تا فين عمرو كان شي جمهور دشيرا لمخير فيهم كان معنا
ha 7nnnnna nchoFo,ها 7ننا نچوفو
Rah baha achrifa wkha dru Li drti,راه باها أشريفا وخا درو لي درتي
Khouya sawb nmra mzyn hit ra m9loba ymkn,خويا صووب نمرا مزين حيت راه مقلوبة يمکن
Achraf tbarklah 3lik ya batal meknes,أشرف تبارك الله عليك يا بطل مكناس
Kola tl3a kihdro blogha,كولا طالع كيفدرو بلوغة
Yarbi tmoto f tomobil (9hrni l7sad),ياربي تموت ف طوموبيل (9هرني لحساد)
Kohya whd lvidioat dilk htal zok lilal kolchi neass hhh ntf9as an db,كوهيا واحد لفيديوهات ديلك حتال زوك للال كلشي الناس ههه نتف9اس من دبا
Wkisf9o nari hhhhh,وكيسفو ناري ههههه
Jamal BA kayn chi wahd kidir oplet nadi hna,جمال BA كاين شي واحد كيدير أوپليت ناضي هنا
Rjal.li.ray.3tamd.3lihom.lmarrib.mo.stakba.lan.hhh.la.hola,رجال.لي.راي.اعتماد.عليهم.لمريب.مو.ستكبا.لان.ههه.لا.هولا
A z900 does 150 mph . About 241 km /h . So you were coming close but not enough to pass him . You need a 190-200 mph bike to mess around with that car,أ ز900 does 150 mph . About 241 km /h . So you were coming close but not enough to pass him . You need a 190-200 mph bike to mess around with that car
Izd lkhmis n aut 3mira ayna ahtguawrm,ازد الخميس ن أوت 3ميرة أينا أهتغواورم
Zwin lah i3tik sha.,زوين الله يعطيك شع.
Nta lhs lgaba,نتا لحس لڭابا
Enamorado se transformó en Falcao con ese primer gol,Enamorado se transformó en Falcao con ese primer gol
hhhhh t5yl tdrb rask bsbab 7toun hhhhhhhhhhh,هههه ت5يل تدرّب راسك بسبب حتّون ههههههههه
Koun gheer 3tazel,كون غير اعتزل
Malk 9asm lvideo wrina chlo7 herbanin,مالك 9اسم لڤيديو ورينا شلوح هرّبّانين
"Kheya aboor nta myasar emardi walidik ekadkhel l9alb wakha makan3rfkch ma9bol wld lahlal bayn lah izidak khir 3la khir tastahal rabi m3ak, didikas man lamdina la9dima",خيا أبور نتا ميسار اماردي والديك أكدخل ل9لب واخا ماكنعرفكش مقبول ولد لاحلال باين الله يزيدك خير على خير تستاهل ربي معاك، ديديكاس من لمدينة القديمة
Marhba bik 3andna f tanja a baa abour,مرحبا بيك عندنا ف طنجة أ باا أبور
5ouya mahdi dik nsaba mknhmlhach hchoma 3liha pitcho mabrax ijm3 karo,5ويا مهدي ديك نسابة مكنهملاش حشومة عليها بيتشو مبرّخ إجمع كارو
Bsaha ou Raha m3a lkhawa dima skhawa,بصحة وراحة مع لخوة ديما سخاوا
Khaskom tjiw l3andi l riyahin taklo lkhbiza dyal lgalgola dyal bsah o tchof l idman dyal bsah,خاصكوم تجيو لعندي الرياحين تاكلو لخبيزة ديال لڭالوڭة ديال بصاح وتشوف لإدمان ديال بصاح
KhadeJa SF ti hada emta kykon ??,خادجة SF تي هادا امتا كيكون؟؟
Hamada Bn lah ybark Wld 7midti,حمادة بن الله يبارك ولد حميدتي
Ana waik ila mchina labhr Houssine Diwan,أنا وايك إلا مشينا لبرّ الحسين ديوان
Khoya 9alab 3la khadma lah i7fdak ta tnaf5tu man wjhak,خيا قالب على خادمة الله يحفظك تا تنف5تو من وجهك
dir vid 3la niyti,در ڤيد على نييتي
Ana waik ila mchina labhr Houssine Diwan,أنا وايك إلا مشينا لبرّ الحسين ديوان
Kayna fir9a likhsar ikhales,كاينا فرقة ليكيسار إخلاص
Marhba tlaa3bo dadna,مرحبا تلاعبو دادنا
Awdi khasak chi haja nta kain,أودي خاصك شي حاجة نتا كاين
Lahoma barik klito 3andkom Dakchi bnin tbarkelah,لاهمة بارك كليتو عندكوم داكشي بنين تبارك الله
yan rab3a lbgri sstmanar,يان رب3ة لبغري سستمنار
La maxi hamd mis ana baghi n3rf hadok lax jaw kijriw l9dam lkamira,لا ماكسي الحمد مس أنا باغي نعرف هادوك لاخ جاو كيجريو ل9دام لكاميرا
Hhh lafan awda hadak zba9 alhba9 awda batnod hh,ههه لافان أودا هاداك زبا9 الحبا9 أودا باتنود هه
Hhhh awdi layhdikom hanawa ly3mr hadar anga,ههه أودي ليهديكوم هناوا ليعمر هدار أنڭا
Nta khssk chi hwya rbaniaa,نتا خسك شي هوا ربانياا
L3az rap,ل3از راب
"Hhh kaynin adbooo3,a",ههه كاينين أدبوو3،أ
"I've said it before, I'll say it again... if I could've had Della Reese call me ""honey"" or ""child"" and hug me one time my life would have been different. There's just something magical about that woman. Just all heart.","I've said it before, I'll say it again... if I could've had Della Reese call me ""honey"" or ""child"" and hug me one time my life would have been different. There's just something magical about that woman. Just all heart."
Bla hsad dari 3ndo migoal liskhar,بلا حسد داري عندو ميڭوال لسكار
3amin ghir hadra,3امين غير هدرة
Kon darto ghir lhal9a dabro mzn,كون درتو غير لحل9ة دابرو مزن
Chamkara kamlin siro khadmo 3la rassekom khrajto 3la chabab,شامكارا كاملين سيرو خدّمو على راسكوم خرجتو على شباب
Kantferej fik depuis longtemps odima kanfer7lik et je suis fiere de toi courage,كانتفرج فيك depuis longtemps و ديما كانفر7ليك و je suis fiere de toi courage
B9a fiya ghir dak saloun Sarah mol l3id milad aydawaz akfas sa3a fhyato m3a molat saloun,بقا فيا غير داك سالون سارة مول ل3يد ميلاد أيدواز أكفاس ساعة ف حياتو مع مولات سالون
B9at fiya mamah mskina kifch atb9a liha Dar ms bsahtkom hhhhhh,بقات فيا ماماه مسكينة كيفش أتبقا ليها دار مس بصحتكوم هههههه
"ahsen 2 dnas mcharfen souira, machi keba9i lhrgawa",أحسن 2 دناس مْشارفين سويرة، ماشي كباقي لحرڭاوا
O wagaf f túnel cat sawar 3adi fhala mchi trik cat di o tjib !?!? B rojola hadi bssala b tbarhiche ... M3arad rasak lkhatar o m3arad nass li saykine l khatar !?!?! Ache had lkalakh !!!!!!,أو وقاف ف تونيل كات ساور عادي فهلا مْشي تريك كات دي أو تجيب !؟؟؟ ب رْجولة هادي ب سلا ب تبارحيش ... مْعارض راسك للخطر و مْعارض ناس لي سايكنين للخطر !؟؟؟ آش هاد الكلاخ !!!!!!
b9it kntfrj fhad lvidyo ana sayg wna njib rbha thrdt hhh,بقيت كنتفرج فهاد لڤيديو أنا سايغ ونا نجيب ربحة تْحرّدت ههه
Ahsan modil f s1000rr bnsba liya wax ba9a katkhrj jdida,أحسن موديل ف s1000rr بنسبة ليا واخ باقى كاتخرج جديدة
Tabrk lah 3lik khoya med twa7xna dok vidyowat dyal dak mirikani li kaykhod lmatr mn sizi hhh,تبارك الله عليك خيا ميد تواخسنا دوك ڤيديوات ديال داك ميريكاني لي كايخود لماتر من سيزي ههه
Chi motor bhala hada hayat sa3ida,شي موتور بحالا هادا حيات سعيدة
Mt07 = l7yat sa3ida,Mt07 = لحياة سعيدة
Wach ntoma dima hkak hchamtona m3a jiran hhhh,واش نتوما ديما هكاك حشامتونا مع جيران ههه
Khoya baykar dwi 3la c50 lahafdk,خيا بايكار دوي على c50 لاهافدك
Kolxi 3la lhaz9a,كلشي على لحزقة
Dissi rojola wlh o drayf ana konte khedam fi fi wahd restaurant o ja daryf o wald nase wlh o t3amal m3aya wakha ma braytch walo Half wlh hta tkhod o kabare biya wlh o 3jabni hale ana daba fi paris khedam hmd lilah mohime lah ishal 3la ayi wahad,ديسي رْجولة والله ودرايف أنا كنت خدام في في واحد رستوران و جا دريف و ولد ناس والله وتعمال معايا واخا ما برايتش والو Half والله حتا تْخود و كبار بيّا والله و عجّبني حاله أنا دابا في باريس خدام الحمد لله موهيمة الله يشال على أي واحد
"Tbarklah 3likum, chabiba 7araa w reportage de qualité",تبارك الله عليكم، شبيبة حرّا و ريپورتاج د كواليتي
Mamtafa9ch m3ak fi no9ta dyal a7ssan achrar fi dragon ball bi nissba liya kan 3lik t7aat black guko fi blast kid bu prk black 3ando falssafa anaho baghi y9dii 3la lbachariiya machi b7al bu ma3andooch wa3y gha howa baghi ydamar ayi 7aja chafha,ما متفّقش معاك في نقطة ديال أحسن أشرار في دراغون بول بي نسبة ليا كان عليك تحط بلاك ڭوكو في بلاست كيد بو برك بلاك عندو فالسافا أنه باغي يْقدي على لبشارية ماشي بحال بو ما عندوش وعي غا هو باغي يدمر أي حاجة شافها
Mhm hadi … En voir plus,مهم هادي … En voir plus
WTF 3la hook,WTF على هوك
Dar l pub l domaine gha mn had video hhhh,دار ل پوب ل دومين غا من هاد ڤيديو ههه
Amal Ng nti hhhhh welah,أمال Ng نتي ههههه ولله
Walkn tirant ba9i bhal lgs3a hwa hwa,ولكن طيران باقي بحال لڭسعة هوا هوا
La présentation ta3 fermin lopéz m3a lbarsa,لا بريزنتاسيون تاع فيرمين لوبيز مع لبارصا
WTF 3la hook,واش طف 3لا هوك
Dar l pub l domaine gha mn had video hhhh,دار ل البوب ل دومين غا من هاد الفيديو هههه
Amal Ng nti hhhhh welah,آمال نڭ نتي هههه و الله
Walkn tirant ba9i bhal lgs3a hwa hwa,والكن طيران باقي بحال لڭسعة هوا هوا
La présentation ta3 fermin lopéz m3a lbarsa,لا بريزنتاسيون تاع فيرمين لوبيز مع لبارصا
