3423l9xw,عغأعلقشو
ithrlo,يثرلو
azwthuws3,ازوثووسع
sjo5r,سجوخر
x3259,شعأخق
z7sn,زحسن
mhlhn7i3,مهلهنحيع
thxhd4,ثشهدغ
yrm9,يرمق
b3l92xk,بعلقأشك
d3395,دععقخ
jo5lr5l,جوخلرخل
rn779eth2,رنححقيثأ
2s72s9w,أسحأسقو
de9h5,ديقهخ
k2m,كأم
xsdo4enh,شسدوغينه
lx5z4,لشخزغ
rzyo9l4,رزيوقلغ
kka3,ككاع
mxhfrth,مشهفرث
j4t,جغت
h2s2,هأسأ
tsdk,تسدك
ru2d43,روأدغع
x7s9tht,شحسقثت
47b3rsu4,غحبعرسوغ
j4e9iof5,جغيقيوفخ
k9397d,كقعقحد
arl4xnw,ارلغشنو
nw9,نوق
es25,يسأخ
l52,لخأ
l93yh,لقعيه
3xxwfy,عششوفي
35yes,عخييس
4wd,غود
2n4hu2,أنغهوأ
x3r73,شعرحع
9eth934wr,قيثقعغور
4sta25,غستاأخ
9xsk2,قشسكأ
5i3wmjxr,خيعومجشر
au3a,اوعا
iHdthmHs5,يحدثمحسخ
nH9jy4,نحقجيغ
243a5,أغعاخ
uhx2wl,وهشأول
nlax433,نلاشغعع
949x,قغقش
4wkfm995,غوكفمققخ
u3zy93ab,وعزيقعاب
2m43,أمغع
mymj,ميمج
5y4nza,خيغنزا
d5x,دخش
44xomt9,غغشومتق
373ef,عحعيف
54m5,خغمخ
e3ztr,يعزتر
7zuu4,حزووغ
yb5t,يبخت
azr4,ازرغ
r2a2,رأاأ
nzte,نزتي
4nttht,غنتثت
oraa,وراا
mnso4h4,منسوغهغ
nxxoyjje,نششويججي
5zm,خزم
fy52fsu,فيخأفسو
42z3z9b,غأزعزقب
23w9,أعوق
dx7292o,دشحأقأو
kthn,كثن
ath3n,اثعن
b9ud5iix,بقودخييش
4x5,غشخ
54k,خغك
ha4,هاغ
xzy9txf3,شزيقتشفع
tok94,توكقغ
bwxk99x,بوشكققش
4yt,غيت
34xwi,عغشوي
2thH33,أثحعع
je43a4e5,جيغعاغيخ
234aH9wu,أعغاحقوو
2ob3,أوبع
uoe525s,وويخأخس
a3j,اعج
j424soa2,جغأغسواأ
wr72,ورحأ
2nb,أنب
52a,خأا
mth33en,مثععين
fl2r,فلأر
9jx23sz,قجشأعسز
nm3x29d5,نمعشأقدخ
nhHbthi4,نهحبثيغ
y55,يخخ
nx9wd7h,نشقودحه
th3k,ثعك
2kfisnln,أكفيسنلن
uj2xwh,وجأشوه
fs34,فسعغ
o432wHw7,وغعأوحوح
9thofy,قثوفي
r94,رقغ
d9xey7,دقشييح
ks5k,كسخك
5H3,خحع
zbhjx,زبهجش
n5se4f59,نخسيغفخق
4445nuj3,غغغخنوجع
r5ds3425,رخدسعغأخ
unf5u,ونفخو
55xxx,خخششش
235Hdezl,أعخحديزل
wtba4wx5,وتباغوشخ
H72z,ححأز
4o5w9y,غوخوقي
zxy3ax,زشيعاش
hr93mb,هرقعمب
j3h3,جعهع
t5b2bn9,تخبأبنق
n329o23,نعأقوأع
zfxxn,زفششن
H5h9,حخهق
e55,يخخ
uhbt,وهبت
ew2s,يوأس
xb7z3b,شبحزعب
w733r3yx,وحععرعيش
oxz722e,وشزحأأي
xe7j9,شيحجق
ina92zt,يناقأزت
de349zuo,ديعغقزوو
tk359wyx,تكعخقويش
35z,عخز
zx35ho,زشعخهو
hsl,هسل
kmx,كمش
4km3oz4o,غكمعوزغو
y5t5thn,يختخثن
5s5e333a,خسخيعععا
k5u,كخو
muw93,مووقع
xtHxxz,شتحششز
395m,عقخم
lxxi239,لششيأعق
ja32,جاعأ
2y5r2a9H,أيخرأاقح
4d9th55,غدقثخخ
fx5595,فشخخقخ
2w2x,أوأش
doH3,دوحع
lr3tx3,لرعتشع
5sxzH33o,خسشزحععو
b9fx,بقفش
993,ققع
mHae,محاي
tth5xk252,تثخشكأخأ
y55,يخخ
32zr,عأزر
xtuz5a,شتوزخا
43eh,غعيه
xsthumkux,شسثومكوش
xo4mmxths,شوغممشثس
olmy9y,ولميقي
x2o,شأو
39z5t,عقزخت
95z5o2,قخزخوأ
49wmhr,غقومهر
uh4,وهغ
4x4Hj,غشغحج
3fxdyn,عفشدين
94i,قغي
z94xk5k,زقغشكخك
wH43bH9,وحغعبحق
4thkk,غثكك
745hkyto,حغخهكيتو
rembd,ريمبد
52x2uarb,خأشأوارب
swuHxxr2,سووحششرأ
thn9rr22s,ثنقررأأس
ze5wwwthu,زيخوووثو
i2ux,يأوش
5t3nx4,ختعنشغ
l9yl,لقيل
4raah3i9,غرااهعيق
lh95dun,لهقخدون
l79b,لحقب
ubm,وبم
soe5,سويخ
boz,بوز
242lnr,أغألنر
bdok4,بدوكغ
fx4kr22x,فشغكرأأش
x2xu,شأشو
353k,عخعك
5th2l3k,خثألعك
y34z,يعغز
lf944d,لفقغغد
x45krm2,شغخكرمأ
9txxab,قتششاب
th93thl4,ثقعثلغ
934j,قعغج
xue5j39i,شويخجعقي
nzH,نزح
hzl,هزل
3wk9,عوكق
4u7xi5,غوحشيخ
2thkuHy5u,أثكوحيخو
4wbhb,غوبهب
5742k4,خحغأكغ
thrx,ثرش
m3k2,معكأ
4rkrneth,غركرنيث
thb45a4,ثبغخاغ
mnu,منو
mxx27995,مششأحققخ
l27xu,لأحشو
ewf3rxh,يوفعرشه
o4l9nxbt,وغلقنشبت
h52r2h2,هخأرأهأ
jxt5xu9,جشتخشوق
iH535,يحخعخ
5th44kxuH,خثغغكشوح
5ab53ryx,خابخعريش
2wb,أوب
zowthl9d,زووثلقد
fsnh2ny3,فسنهأنيع
i99xdh,يققشده
4e27wn9d,غيأحونقد
34ku,عغكو
xt4H255,شتغحأخخ
kd224,كدأأغ
9x5h,قشخه
33th,ععث
99759o,ققحخقو
24x3d,أغشعد
9u5mbx,قوخمبش
x77bu5d,شححبوخد
t49n3,تغقنع
a4l,اغل
b33x93H2,بععشقعحأ
2eu,أيو
d9lu,دقلو
3xyk,عشيك
3ex92k,عيشقأك
oHmm5w33,وحممخوعع
j2t,جأت
izm2hz,يزمأهز
9smsb,قسمسب
rb2,ربأ
Hy333,حيععع
39rtt9tk,عقرتتقتك
fl9yh3,فلقيهع
hhxotibx,ههشوتيبش
xu9x9,شوقشق
lythxthd,ليثشثد
ix235th3x,يشأعخثعش
fs4z9th4,فسغزقثغ
5zi,خزي
b399y27,بعققيأح
7mHj,حمحج
m5dy,مخدي
exsljth49,يشسلجثغق
54t754,خغتحخغ
2w9b55,أوقبخخ
59s3x79b,خقسعشحقب
ix9m2,يشقمأ
rths,رتهس
thulbo,ثولبو
iudth9lr3,يودثقلرع
2H4odx,أحغودش
j4ry,جغري
39k7,عقكح
sj2h59ed,سجأهخقيد
35jdis72,عخجديسحأ
xethn,شيثن
9xj34n,قشجعغن
rixm9y,ريشمقي
k53wr95x,كخعورقخش
29ytu9yf,أقيتوقيف
z9e9m,زقيقم
fx4,فشغ
9y3dt,قيعدت
id3,يدع
55x4,خخشغ
wh554534,وهخخغخعغ
53nxj,خعنشج
oft,وفت
hHth7m7s7,هحثحمحسح
43b,غعب
5ys599x,خيسخققش
s4w932n2,سغوقعأنأ
49m,غقم
9zbiwH,قزبيوح
mx2z299,مشأزأقق
h932,هقعأ
9k4b,قكغب
yy9a4,ييقاغ
xe5bh5,شيخبهخ
thb9x,ثبقش
34h9z,عغهقز
b39495a,بعقغقخا
se532u4,سيخعأوغ
44l,غغل
44ux,غغوش
H3hxjm5,حعهشجمخ
h42rzd2,هغأرزدأ
ko5fx,كوخفش
dsi959,دسيقخق
uux,ووش
j94un,جقغون
94n,قغن
zth5,زثخ
259e,أخقي
xjr,شجر
f55oth,فخخوث
l95ut,لقخوت
e2ffx3,يأففشع
dhHn3,دهحنع
rxi9z5,رشيقزخ
9j3h,قجعه
9m2hn,قمأهن
x5oyo,شخويو
3thlthtr5m,عثلثترخم
2kttoe7x,أكتتويحش
i3293r2,يعأقعرأ
299494f9,أققغقغفق
udxy3d9,ودشيعدق
22hy97xf,أأهيقحشف
n9t,نقت
xu9etu,شوقيتو
25yd9o,أخيدقو
2m94b23,أمقغبأع
52e,خأي
thnfx,ثنفش
H495,حغقخ
42uz92a,غأوزقأا
2lhH,ألهح
3392x5j5,ععقأشخجخ
52H5H3,خأحخحع
ullwh,وللوه
o57,وخح
xe3el3z2,شيعيلعزأ
x2H,شأح
es4kd32,يسغكدعأ
t45bo5is,تغخبوخيس
39k,عقك
9xo,قشو
thh2otke,ثهأوتكي
2bn3,أبنع
tz2tht,تزأثت
7544,حخغغ
tHk2xHsw,تحكأشحسو
a53hj53,اخعهجخع
94i599,قغيخقق
wh2kez9,وهأكيزق
3um73,عومحع
i25Hl,يأخحل
th27y,ثأحي
22thz3xf,أأثزعشف
t3n3iytht,تعنعييثت
f47xo,فغحشو
5omr5x7,خومرخشح
4m4hro93,غمغهروقع
hjy42m24,هجيغأمأغ
bkz3,بكزع
fn35m9t9,فنعخمقتق
h33a4i92,هععاغيقأ
jxe,جشي
2Hj9,أحجق
x792t5x,شحقأتخش
xlxs73s2,شلشسحعسأ
w4y,وغي
u53nn,وخعنن
k35lyths4,كعخليثسغ
97fznh,قحفزنه
nH3,نحع
2e23,أيأع
hmreh,همريه
55z5z,خخزخز
bb2,ببأ
l2xysl47,لأشيسلغح
f4d9szw4,فغدقسزوغ
eHj2,يحجأ
z3H9sz5z,زعحقسزخز
5233,خأعع
dr2z4tf,درأزغتف
ns22t,نسأأت
7mx2x,حمشأش
92x2,قأشأ
th2j3,ثأجع
jj72e53i,ججحأيخعي
3ea,عيا
x22s4u,شأأسغو
34i57k,عغيخحك
xj9uuy,شجقووي
3m4rx92h,عمغرشقأه
wk4oew2,وكغويوأ
tjz9,تجزق
ks44thHk,كسغغثحك
ejr,يجر
th549,ثخغق
u5ehir,وخيهير
39d,عقد
2395,أعقخ
xlthb,شلثب
r54e243,رخغيأغع
x2t,شأت
z47x2,زغحشأ
b2yh5d,بأيهخد
r7744,رححغغ
yk39jn2,يكعقجنأ
xbr2,شبرأ
fy52xjH2,فيخأشجحأ
tb4,تبغ
ezr4xy,يزرغشي
thxf,ثشف
dxx99i2,دششققيأ
dhdxix,دهدشيش
lb2hHe,لبأهحي
n44H53dH,نغغحخعدح
5djo,خدجو
54H2z,خغحأز
adrbf3kt,ادربفعكت
4t39,غتعق
9322,قعأأ
k3yr,كعير
thjsj,ثجسج
n5354,نخعخغ
n9b,نقب
3d33x,عدععش
255aj,أخخاج
t2Hjbth39,تأحجبثعق
ldrx,لدرش
xuti2x,شوتيأش
jr22,جرأأ
7dd3,حددع
4fex44n,غفيشغغن
mrd,مرد
5ffhe3,خففهيع
35h2yHx,عخهأيحش
l334jhk,لععغجهك
9ue,قوي
x24o94,شأغوقغ
xb5,شبخ
o5223,وخأأع
zykfml,زيكفمل
zx55,زشخخ
5h9f4o5H,خهقفغوخح
xaitxex,شايتشيش
s3thxtlx,سعثشتلش
9a5w5u,قاخوخو
x2y3,شأيع
952s2,قخأسأ
7haf3h5o,حهافعهخو
tHxim7,تحشيمح
4m74jt,غمحغجت
yh3,يهع
735d9l,حعخدقل
7df,حدف
a33,اعع
tbso5l3,تبسوخلع
29xth9,أقشثق
4txkl,غتشكل
x25uw99h,شأخووققه
m4xxxzh,مغشششزه
w4u,وغو
j34x,جعغش
454,غخغ
32u,عأو
b3a5,بعاخ
sx3w7lx,سشعوحلش
5d9k97tm,خدقكقحتم
t9iuk3b,تقيوكعب
5tt2797j,ختتأحقحج
55n9,خخنق
3nu5,عنوخ
kxnlxxx,كشنلششش
x95,شقخ
4jot,غجوت
fx35,فشعخ
43jer,غعجير
45kbn,غخكبن
39hx9m,عقهشقم
z35Hw3b,زعخحوعب
dedyH2n,ديديحأن
e4zu,يغزو
mdk9,مدكق
7k4l,حكغل
2444Hz,أغغغحز
zsw4n,زسوغن
yar9fxx9,يارقفششق
x3x3,شعشع
s4h5ra22,سغهخراأأ
5zdlu9u,خزدلوقو
3bxoxeu,عبشوشيو
dned3,دنيدع
th55,ثخخ
w925y,وقأخي
3arxheak,عارشهياك
lz7,لزح
ehx5b5He,يهشخبخحي
ef5,يفخ
atH4,اتحغ
ba95umi3,باقخوميع
25b2sf,أخبأسف
usa,وسا
5yx,خيش
u2xi39oy,وأشيعقوي
ub2zth4a9,وبأزثغاق
374bx5,عحغبشخ
k2s,كأس
z43Hst54,زغعحستخغ
5h5a,خهخا
3mlythauw,عمليثاوو
s2r2,سأرأ
955f3y4t,قخخفعيغت
elthw94,يلثوقغ
ffyi92,ففييقأ
2iefm3,أييفمع
59rthke,خقرثكي
94x2,قغشأ
93dt52,قعدتخأ
w2mrkxu,وأمركشو
3h24h5s,عهأغهخس
wut,ووت
2x53tt,أشخعتت
99k,ققك
5r33,خرعع
kuH3w,كوحعو
dso7,دسوح
t73,تحع
Hwyah7,حوياهح
4ux5hh7,غوشخههح
42H33te,غأحععتي
e292k5th5,يأقأكخثخ
xy2xx,شيأشش
yz42o94,يزغأوقغ
wb25,وبأخ
b3j,بعج
s3lf,سعلف
52ksb5,خأكسبخ
9439,قغعق
kds9,كدسق
er33x,يرععش
nlxH9s,نلشحقس
mox,موش
Htz,حتز
k95,كقخ
59e55xm,خقيخخشم
d43,دغع
h99,هقق
95xt5r2,قخشتخرأ
k333j3f2,كعععجعفأ
dskw2o,دسكوأو
zau2HH,زاوأحح
b9l9n4i,بقلقنغي
z3i9ne,زعيقني
xsira2x4,شسيراأشغ
rh3l,رهعل
i2aiH,يأايح
9md52b5x,قمدخأبخش
uHmy4w,وحميغو
43ke49u2,غعكيغقوأ
4z5thmH4th,غزخثمحغث
z3xd5,زعشدخ
o3m54,وعمخغ
4wi2zH,غويأزح
2555,أخخخ
9tfew,قتفيو
3H52j4n4,عحخأجغنغ
kl4,كلغ
xezr4,شيزرغ
952,قخأ
urz4y,ورزغي
a39o2d33,اعقوأدعع
i34b4wx5,يعغبغوشخ
s223H,سأأعح
55lthfm74,خخلثفمحغ
h9ejsth,هقيجسث
3rmHn9,عرمحنق
oknlr4h,وكنلرغه
xd4ds4j,شدغدسغج
nsr5,نسرخ
ly5,ليخ
b4oo,بغوو
f2kjHs,فأكجحس
r492x,رغقأش
553,خخع
ji53f,جيخعف
2jj9txx,أججقتشش
44959ox,غغقخقوش
455y,غخخي
wjz43H,وجزغعح
7lh94,حلهقغ
awbth,اوبث
bix7if,بيشحيف
rjstx,رجستش
et4,يتغ
zexzsu,زيشزسو
4x3,غشع
ee9x,ييقش
nz3e4,نزعيغ
re3thbrl,ريعثبرل
b4t44292,بغتغغأقأ
l53x2H3i,لخعشأحعي
4lh,غله
2959i,أقخقي
Hb3x,حبعش
43h3x,غعهعش
9o2f,قوأف
943379,قغععحق
i2y4f59,يأيغفخق
x4w4x2o,شغوغشأو
zmt,زمت
924xrx9,قأغشرشق
9wrbHfuy,قوربحفوي
i397h5,يعقحهخ
thh7H,ثهحح
29nki,أقنكي
999,ققق
aleH,اليح
499yu,غققيو
iu49,يوغق
ojtnxthz3,وجتنشثزع
9d9,قدق
bd5n3fao,بدخنعفاو
u3j2,وعجأ
a9e,اقي
7y9tajH9,حيقتاجحق
5n9j,خنقج
Hk7ye,حكحيي
thxh473,تهشهغحع
k43f,كغعف
n5o,نخو
24z9ko,أغزقكو
zHj5,زحجخ
xky2232,شكيأأعأ
sathxd3,ساثشدع
99k9n9j,ققكقنقج
ox9bx4,وشقبشغ
rj2w,رجأو
try9,تريق
ku5mfw,كوخمفو
zb2th,زبأث
ihithh9u,يهيثهقو
mto5f4,متوخفغ
ask,اسك
7tf5e2r,حتفخيأر
d3ldx5s,دعلدشخس
xx2,ششأ
3y3x,عيعش
347dwyu,عغحدويو
y5jr5bnm,يخجرخبنم
xth4oof,شثغووف
s3H33l,سعحععل
ss44,سسغغ
j3the3,جعثيع
xsehth345,شسيهثعغخ
a4furu,اغفورو
d52e3esd,دخأيعيسد
me5i9Ho,ميخيقحو
jhdljbHz,جهدلجبحز
5w2ht,خوأهت
4zjxxmn2,غزجششمنأ
9ibjxth,قيبجشث
thx335s54,ثشععخسخغ
f4k5b5,فغكخبخ
k39mun5,كعقمونخ
7322k2x,حعأأكأش
53wfx,خعوفش
335dxHd,ععخدشحد
sm9i9,سمقيق
9xh4l5,قشهغلخ
ojj2ze2,وججأزيأ
92hw2w,قأهوأو
h2xm47h2,هأشمغحهأ
5er24,خيرأغ
w5dbe9,وخدبيق
5w47,خوغح
9zx7th3r,قزشحثعر
be4,بيغ
oere49ns,ويريغقنس
hwb5,هوبخ
hxf5,هشفخ
shmkmi,سهمكمي
34b,عغب
4uab,غواب
r5rhlb4,رخرهلبغ
w5Hsu,وخحسو
32xu5h4,عأشوخهغ
kzxthHza,كزشثحزا
7nj5h,حنجخه
ye9,ييق
5sn32Hfh,خسنعأحفه
kmo3kbh,كموعكبه
x57ka4,شخحكاغ
anjt,انجت
22o2jz5,أأوأجزخ
me4,ميغ
53es9,خعيسق
j3dHi,جعدحي
4b5,غبخ
394hHb9,عقغهحبق
xk3,شكع
y99rj4fx,يققرجغفش
thj2,ثجأ
wxh5th23x,وشهخثأعش
tn4,تنغ
242b394,أغأبعقغ
x52,شخأ
i4a9a,يغاقا
n94xale,نقغشالي
lw5as4z,لوخاسغز
j759,جحخق
Huy9,حويق
23a7x5zf,أعاحشخزف
bao5bk9,باوخبكق
l3thzk95,لعثزكقخ
3522xb,عخأأشب
2hwx,أهوش
n9uj,نقوج
r534bt4,رخعغبتغ
sj5b,سجخب
9HrbH,قحربح
Hkzzoi9x,حكززويقش
4x2xrm53,غشأشرمخع
394455,عقغغخخ
57w3nxir,خحوعنشير
4rx4,غرشغ
eri,يري
t34ea33u,تعغياععو
fth5xe,فثخشي
xnm4o,شنمغو
xthl55ay,شثلخخاي
34s2H2bk,عغسأحأبك
mit,ميت
mt3exm9,متعيشمق
7th9tht9sw,حثقثتقسو
ona3j,وناعج
kk2,ككأ
b2i47xi,بأيغحشي
4x4z,غشغز
9athm,قاثم
s4o4,سغوغ
ex9,يشق
2thjxb4sf,أثجشبغسف
7x52syk,حشخأسيك
tr4,ترغ
294u9H,أقغوقح
5yxhr3bm,خيشهرعبم
wth4953,وثغقخع
25m4,أخمغ
m57,مخح
my233,ميأعع
dy9r,ديقر
rykxwH9t,ريكشوحقت
5uz3w,خوزعو
724,حأغ
3l29r3e4,علأقرعيغ
9d24t,قدأغت
b4xb,بغشب
a42xaa,اغأشاا
w42w,وغأو
555aHsz,خخخاحسز
4h5l,غهخل
wjth,وجث
jota,جوتا
x499b44h,شغققبغغه
bojdx34,بوجدشعغ
5Hth3,خحثع
d3hy4edi,دعهيغيدي
oH5sd,وحخسد
hb4nyxd4,هبغنيشدغ
954bly,قخغبلي
w2b79,وأبحق
y4sHya4x,يغسحياغش
b53t5rthf,بخعتخرثف
hiek,هييك
h2eb9wy,هأيبقوي
543zdth,خغعزدث
HH55a9,ححخخاق
a2w,اأو
ye42u3zH,ييغأوعزح
3b43x,عبغعش
3545e,عخغخي
f5a5b,فخاخب
9fthm3,قفثمع
xdjhsl34,شدجهسلعغ
h5lt,هخلت
xsablb,شسابلب
aix5,ايشخ
s5emohy4,سخيموهيغ
it53e9,يتخعيق
n549324j,نخغقعأغج
Hhixxs3H,حهيششسعح
t52,تخأ
9y9n2iei,قيقنأييي
4yd4,غيدغ
k5bro4,كخبروغ
4mxend3,غمشيندع
52s,خأس
ra59th92b,راخقثقأب
eau9,ياوق
fxih4H9o,فشيهغحقو
m55ijH22,مخخيجحأأ
dx4554xh,دشغخخغشه
y7ws422,يحوسغأأ
9jrn9,قجرنق
4im5,غيمخ
3239rr3,عأعقررع
rx92eozt,رشقأيوزت
3t52,عتخأ
Huzbfyz,حوزبفيز
m9hj,مقهج
x4jf,شغجف
37l,عحل
frisly,فريسلي
3h2e4,عهأيغ
2x9ye2,أشقييأ
id934sa,يدقعغسا
2e29t3dn,أيأقتعدن
3lxf95,علشفقخ
9rye,قريي
2zkxn,أزكشن
s5ko959,سخكوقخق
9s25k,قسأخك
dzx799l,دزشحققل
thjH,ثجح
3m43,عمغع
94nHl43i,قغنحلغعي
dxmr5,دشمرخ
9y53H,قيخعح
92m,قأم
49l3y,غقلعي
thz4l2neth,ثزغلأنيث
rjwm,رجوم
ln3th,لنعث
3bm5e,عبمخي
f2x4sixd,فأشغسيشد
thewam4,ثيوامغ
4x9y9d55,غشقيقدخخ
abn3u9,ابنعوق
exr492th3,يشرغقأثع
k73Hie,كحعحيي
w9tk5xth9,وقتكخشثق
xxok2,ششوكأ
9xh4,قشهغ
3jtHk,عجتحك
yxxe5ua,يششيخوا
723i7m,حأعيحم
7thz42,حثزغأ
njH,نجح
h4y5r9w,هغيخرقو
tb3hdnx3,تبعهدنشع
fdw4,فدوغ
H92j3,حقأجع
9otn3y5,قوتنعيخ
et3ua,يتعوا
l54,لخغ
y254jl,يأخغجل
57x,خحش
9e4ul,قيغول
njhdk4,نجهدكغ
49337,غقععح
5x5jiH,خشخجيح
wfkel92,وفكيلقأ
eHu55,يحوخخ
9239ith,قأعقيث
x23w5l,شأعوخل
9439y,قغعقي
5xsf,خشسف
9nir,قنير
oHx5ly,وحشخلي
xa2w9wth,شاأوقوث
w3x,وعش
x9ym9,شقيمق
tx9s724,تشقسحأغ
7495t4H,حغقختغح
jw5,جوخ
34j3t72s,عغجعتحأس
359y,عخقي
92t,قأت
unxunz,ونشونز
b9w,بقو
jsj3ho,جسجعهو
452z5m,غخأزخم
9eo2,قيوأ
3kx,عكش
29r3i,أقرعي
93uojw,قعووجو
4dbbr,غدببر
zi4j4,زيغجغ
29bsb,أقبسب
5rx3zx,خرشعزش
952r7h2,قخأرحهأ
59w,خقو
wxm2thhm,وشمأثهم
x5m,شخم
329,عأق
324,عأغ
4th47l5,غثغحلخ
44k2tf,غغكأتف
m9kmb2,مقكمبأ
e35,يعخ
iixa,ييشا
i55zir5,يخخزيرخ
43r3,غعرع
js2,جسأ
x9r9z2w,شقرقزأو
4j9i2y33,غجقيأيعع
23h2,أعهأ
ki2,كيأ
tazyyi5,تازيييخ
k3ihxx,كعيهشش
kir,كير
35b9,عخبق
99x54,ققشخغ
kju2,كجوأ
5273,خأحع
dm5sth,دمخسث
bx793u92,بشحقعوقأ
59lxe,خقلشي
5244th4u,خأغغثغو
nxx47e,نششغحي
ymo,يمو
ai4,ايغ
x59335th9,شخقععخثق
54ajmx9n,خغاجمشقن
i77b,يححب
blz43d4,بلزغعدغ
4thxd,غثشد
99n,ققن
tho4,ثوغ
rthkdk5,رثكدكخ
44fdzkko,غغفدزككو
iufa9e99,يوفاقيقق
227334,أأحععغ
la24H9,لاأغحق
r7933,رحقعع
4ju5xy5,غجوخشيخ
499dzb,غققدزب
hidhjb,هيدهجب
o2sk,وأسك
zta2jbth,زتاأجبث
32xnhf2,عأشنهفأ
w3i44w,وعيغغو
2j7xj3,أجحشجع
4lth3wxth,غلثعوشث
ytdn,يتدن
3sn,عسن
4xm52,غشمخأ
yzxete5,يزشيتيخ
am2zo,امأزو
2ww2,أووأ
292dsu,أقأدسو
7nt,حنت
399,عقق
xr45w29,شرغخوأق
xsu5th,شسوخث
i2Hroof,يأحرووف
24th43ox,أغثغعوش
t4x95,تغشقخ
59x3,خقشع
5x44,خشغغ
s255,سأخخ
925ye4xz,قأخييغشز
dxx95hw,دششقخهو
fj9x9952,فجقشققخأ
nd5244,ندخأغغ
9hyz245,قهيزأغخ
9rH9342s,قرحقعغأس
e5s9,يخسق
xs395l,شسعقخل
e353,يعخع
w2x5,وأشخ
4k9tlz2h,غكقتلزأه
34k,عغك
9H3,قحع
edth4e4,يدثغيغ
359,عخق
fa9ijoh4,فاقيجوهغ
55bH,خخبح
s3fawl,سعفاول
2z9bf29d,أزقبفأقد
njy4y92,نجيغيقأ
4thj9x5d4,غثجقشخدغ
9t22,قتأأ
2xzw5thru,أشزوخثرو
am95,امقخ
keby,كيبي
hfo2,هفوأ
55HjHh,خخحجحه
39wbse2x,عقوبسيأش
2sti3,أستيع
d9h9x3i4,دقهقشعيغ
5rkf5H,خركفخح
5thn,خثن
42m,غأم
543hxx3,خغعهششع
y3r,يعر
5ro,خرو
thm44,ثمغغ
7u5,حوخ
ks5ku27,كسخكوأح
2oi2fs,أويأفس
th4Hhj5j5,ثغحهجخجخ
34hs,عغهس
sas4,ساسغ
y5f4,يخفغ
ule4snjd,وليغسنجد
42H,غأح
4rx2th3,غرشأثع
lo9m,لوقم
xsi,شسي
22thw,أأثو
3hl4jf,عهلغجف
j9taw5ma,جقتاوخما
3595h,عخقخه
y4zbfn,يغزبفن
bfhH9,بفهحق
42yr,غأير
r5ia,رخيا
4o4bx,غوغبش
4ozx45,غوزشغخ
j4x,جغش
lHx54,لحشخغ
HHsH,ححسح
94ee5m,قغييخم
ehxd,يهشد
y2l2z,يألأز
meHit4,ميحيتغ
lwjntf4w,لوجنتفغو
e39,يعق
39nthxmt9,عقنثشمتق
2ksi,أكسي
2zf,أزف
4xeh5i2,غشيهخيأ
dwx,دوش
s5wro,سخورو
5x5ybxl,خشخيبشل
3m324,عمعأغ
Hx73noa,حشحعنوا
9955o,ققخخو
d7ux9,دحوشق
3yem,عييم
4tr93ar,غترقعار
lf4x,لفغش
x9H33t5n,شقحععتخن
lnw,لنو
m4mnfHm,مغمنفحم
t5s,تخس
zu4Hb52,زوغحبخأ
3b29,عبأق
5ho,خهو
49zx,غقزش
dji,دجي
i9oent3m,يقوينتعم
5eju5rd3,خيجوخردع
u32,وعأ
zl45ybf7,زلغخيبفح
929t,قأقت
y94a,يقغا
xf2m99,شفأمقق
HnH,حنح
x94dsl3,شقغدسلع
l4d4j55f,لغدغجخخف
n4f4xes,نغفغشيس
bu4n52,بوغنخأ
ihjHxua,يهجحشوا
2for,أفور
5jh,خجه
s39,سعق
a944y2n,اقغغيأن
h3jr,هعجر
oxxtkr7,وششتكرح
3k9r33i,عكقرععي
zu9j,زوقج
xthb,شثب
2z5,أزخ
o2w39k,وأوعقك
wnxta,ونشتا
rk9i,ركقي
29e,أقي
255uu3,أخخووع
y5mzfb,يخمزفب
9d3t,قدعت
w23Hxif2,وأعحشيفأ
u2n,وأن
3jub,عجوب
5nx5,خنشخ
nt9t99dr,نتقتققدر
3y2z3wfx,عيأزعوفش
ddj,ددج
yubsna,يوبسنا
H9sylkt4,حقسيلكتغ
399,عقق
e5az9fj,يخازقفج
j35s2r,جعخسأر
efn,يفن
ththde95y,ثثديقخي
my35xe,ميعخشي
hz33l,هزععل
tmdz3u,تمدزعو
ko2u,كوأو
a3m,اعم
xsxf9hoz,شسشفقهوز
4k9f9H,غكقفقح
o29di,وأقدي
2w395,أوعقخ
mwz2e,موزأي
u4z,وغز
44b9heuth,غغبقهيوث
xz3,شزع
493ot3,غقعوتع
yahx5n,ياهشخن
4ay,غاي
25th479o,أختهغحقو
42h4b4rw,غأهغبغرو
e4w9,يغوق
ne22zd,نيأأزد
j2sdzt,جأسدزت
3xs,عشس
bfre,بفري
Huth,حوث
34z,عغز
55b,خخب
rxm,رشم
th5Hyth,ثخحيث
b33r,بععر
to3dxd,توعدشد
no9b25d,نوقبأخد
l33d4i4b,لععدغيغب
2xw3wkoz,أشوعوكوز
5H92ni,خحقأني
4thd5dl,غثدخدل
k57u,كخحو
b2klkx9,بأكلكشق
24922x,أغقأأش
439,غعق
mx9,مشق
5ke3,خكيع
24549j,أغخغقج
x544wtw4,شخغغوتوغ
5zu,خزو
rd9,ردق
9efx7,قيفشح
k37e4d3,كعحيغدع
439ib2Hy,غعقيبأحي
3baysx,عبايسش
o3x,وعش
7kb2lht,حكبألهت
hkxxx,هكششش
23f3x39x,أعفعشعقش
bui3,بويع
th24zss,ثأغزسس
adu5w9f,ادوخوقف
jsx4l4xo,جسشغلغشو
tjd92,تجدقأ
xzs7l3xl,شزسحلعشل
xH3dbm,شحعدبم
ay3,ايع
2xn4,أشنغ
2iatuh,أياتوه
dwu4,دووغ
eexswx,ييشسوش
2esxao,أيسشاو
xtsrr22r,شتسررأأر
553,خخع
79k,حقك
x4a9ue9,شغاقويق
5em,خيم
a54,اخغ
jhxa,جهشا
y3H3s7,يعحعسح
9k23nymth,قكأعنيمث
434erl,غعغيرل
xd2n5,شدأنخ
9j45H,قجغخح
ejd3thw2,يجدعثوأ
irH,يرح
lk2,لكأ
2kyo2x34,أكيوأشعغ
urzth3,ورزثع
9kx3u42,قكشعوغأ
wx4t,وشغت
3mthx,عمثش
ufa95u,وفاقخو
4nuyj3,غنويجع
22xHxnxi,أأشحشنشي
x3x9t2,شعشقتأ
f3n,فعن
394d,عقغد
dd5s52,ددخسخأ
e4xm,يغشم
wx5x,وشخش
7y39xkf,حيعقشكف
hHjl,هحجل
499eiH37,غققييحعح
3mn7jxk,عمنحجشك
5a2z,خاأز
5ke,خكي
s2s5axj2,سأسخاشجأ
xeo7x33,شيوحشعع
fthjzl3x,فثجزلعش
9523,قخأع
nw2o9tht5,نوأوقثتخ
k4xbfi42,كغشبفيغأ
ej3f,يجعف
yy42z,ييغأز
euh99H3,يوهققحع
7m9s,حمقس
4x5uh3ra,غشخوهعرا
nh2x425,نهأشغأخ
r992u,رققأو
d939y9,دقعقيق
l7rl9s4,لحرلقسغ
nthmwa,نثموا
th24a5,ثأغاخ
s49,سغق
53dd29,خعددأق
mthe4H22,مثيغحأأ
74u,حغو
7dmf33,حدمفعع
e5uth4yh,يخوثغيه
5ja,خجا
m4z4y37,مغزغيعح
b5hahHd,بخهاهحد
d4xax,دغشاش
rd5o25,ردخوأخ
o42za,وغأزا
k9kjxlr3,كقكجشلرع
e4x,يغش
nnn9t,نننقت
9moo2x,قمووأش
i53,يخع
75w,حخو
f4r442,فغرغغأ
we952w2x,ويقخأوأش
ktd3z,كتدعز
4t92,غتقأ
4zxzbHh,غزشزبحه
3xn3du,عشنعدو
Hml9f,حملقف
o9y53ikm,وقيخعيكم
x5Hxk5as,شخحشكخاس
3ok5r4,عوكخرغ
93bbxxxH,قعببشششح
ratjy,راتجي
h3ar44e,هعارغغي
fx3y,فشعي
wx544bj,وشخغغبج
fhoal,فهوال
am5,امخ
9sx2nkf,قسشأنكف
9z3x,قزعش
4buth222,غبوثأأأ
sym3,سيمع
7h7,حهح
4wx,غوش
ty9x,تيقش
9l24d7x4,قلأغدحشغ
okj3,وكجع
zmtx5y4,زمتشخيغ
t9xf5,تقشفخ
lrd5x7m,لردخشحم
es9,يسق
d49i54,دغقيخغ
3jH5z7,عجحخزح
ueu9wim,ويوقويم
t2xr,تأشر
zthtt,زثتت
7eb5,حيبخ
aex535um,ايشخعخوم
32ns743,عأنسحغع
3j3x,عجعش
k4as5kzz,كغاسخكزز
eawk,ياوك
xd93,شدقع
rxf,رشف
zwaa9lf4,زوااقلفغ
elxn4,يلشنغ
z3f25xm,زعفأخشم
4w4yhh9,غوغيههق
th5thlx,ثخثلش
4e233klr,غيأععكلر
bwy,بوي
x23fth,شأعفث
9tj9,قتجق
52bb,خأبب
ulku,ولكو
sseny,سسيني
352thx,عخأثش
h93y53,هقعيخع
lnz295,لنزأقخ
le42i4,ليغأيغ
r247thwu,رأغحثوو
593h,خقعه
usth72,وسثحأ
f3r3,فعرع
9lml5,قلملخ
osr,وسر
u3zi3x,وعزيعش
ux3b,وشعب
uulm,وولم
e9349l,يقعغقل
e9ajz,يقاجز
5wth3,خوثع
btxt,بتشت
fr2,فرأ
o5a7ixu,وخاحيشو
499,غقق
5b2zw,خبأزو
e2oedkd,يأويدكد
2thxHfk2,أثشحفكأ
55mth4t,خخمثغت
5tth93,ختثقع
a53x33z3,اخعشععزع
3ths5f493,عثسخفغقع
zxm,زشم
444thb9,غغغثبق
jHu,جحو
3ij,عيج
lz3ry,لزعري
24h4y23,أغهغيأع
222wmx,أأأومش
hh2z4u3b,ههأزغوعب
nx5bu,نشخبو
r4thHhmx4,رغثحهمشغ
229fa3,أأقفاع
72a,حأا
x5wxH9,شخوشحق
th9j,ثقج
u543y,وخغعي
e3dr4hxu,يعدرغهشو
at3,اتع
4355t,غعخخت
kf24hx,كفأغهش
uihH7th,ويهححث
n43w5934,نغعوخقعغ
ze53uHd,زيخعوحد
7adthx,حادثش
dx92zh,دشقأزه
e5lij,يخليج
n425,نغأخ
k3a9uth,كعاقوث
9yw3th9,قيوعثق
th5H,ثخح
tezybmn,تيزيبمن
H7x,ححش
jHwxf5l,جحوشفخل
3i243,عيأغع
y4xal,يغشال
ot5x9,وتخشق
59ow,خقوو
2u4,أوغ
yi7athHx,ييحاثحش
9xf2,قشفأ
be923hj4,بيقأعهجغ
klo,كلو
nhxx,نهشش
l44a9,لغغاق
e44t97,يغغتقح
42th5m,غأثخم
w4z3d,وغزعد
k4544n,كغخغغن
r593uy,رخقعوي
mm2a,ممأا
nmy5,نميخ
e2s,يأس
w33x4x4,وععشغشغ
9z4th,قزغث
2axd4w,أاشدغو
fx5soy,فشخسوي
9xl4s5z2,قشلغسخزأ
4x97tyd,غشقحتيد
eoza5lyj,يوزاخليج
lwdsjmf,لودسجمف
x42,شغأ
hxfhkxx7,هشفهكششح
u94si7u,وقغسيحو
lH22d342,لحأأدعغأ
x3wux,شعووش
th5rhu3,ثخرهوع
whbwn9,وهبونق
zo5,زوخ
xxy9zw,ششيقزو
zwo,زوو
d92,دقأ
H49az,حغقاز
umx,ومش
2xjko234,أشجكوأعغ
2x327xH,أشعأحشح
4229y,غأأقي
x32s3obz,شعأسعوبز
jw327,جوعأح
n39,نعق
ks5,كسخ
2yh9,أيهق
f29,فأق
no5su,نوخسو
k5l,كخل
ij7Hx,يجححش
tmh4h2,تمهغهأ
94ao,قغاو
totx54,توتشخغ
943bds,قغعبدس
wh93n27l,وهقعنأحل
kfo,كفو
z4k,زغك
4lirz,غليرز
3u9zrth,عوقزرث
m3ayu54,معايوخغ
adz,ادز
wu4Hx2,ووغحشأ
o3x,وعش
thH42,ثحغأ
uitrfwh5,ويترفوهخ
fkk24,فككأغ
54k3,خغكع
bwx97d,بوشقحد
d93l3s,دقعلعس
2x92e9,أشقأيق
ksynfii,كسينفيي
x3334fj,شعععغفج
t37,تعح
re2,ريأ
4x9,غشق
r5n,رخن
9bxx9,قبششق
m2e,مأي
xn4mj,شنغمج
frzd45,فرزدغخ
2tx9x,أتشقش
995w4th,ققخوغث
i357e,يعخحي
o3nz,وعنز
49eo43,غقيوغع
unxb4,ونشبغ
3s3d52m3,عسعدخأمع
x4s53a,شغسخعا
4dy5H3,غديخحع
559n,خخقن
2xe5u5,أشيخوخ
w32h22,وعأهأأ
j4d,جغد
Hw9b29t,حوقبأقت
uwe3H25y,وويعحأخي
2sa7,أساح
tao,تاو
39wjx,عقوجش
t2th33t,تأثععت
5j4ef2i,خجغيفأي
2o7a9y4w,أوحاقيغو
yxme,يشمي
3953j,عقخعج
3xujhr5,عشوجهرخ
e9Hth,يقحث
2i9,أيق
5243mds,خأغعمدس
d2en9r,دأينقر
k59mH,كخقمح
4ono25,غونوأخ
ytb4,يتبغ
bx3i4yb9,بشعيغيبق
eez3,ييزع
25w22x,أخوأأش
a7b,احب
2zxHf295,أزشحفأقخ
3omr432,عومرغعأ
Hd54,حدخغ
hbe,هبي
j9kurathe,جقكوراثي
lnH,لنح
42fi472,غأفيغحأ
42mw,غأمو
ff4t,ففغت
ao5zt9m,اوخزتقم
2odb,أودب
j2t7ksmf,جأتحكسمف
th2xt974,ثأشتقحغ
a52744ax,اخأحغغاش
hd9iw594,هدقيوخقغ
3o4o3h,عوغوعه
s22t2,سأأتأ
m434,مغعغ
oemth9s5s,ويمثقسخس
wrf92thlx,ورفقأثلش
455thl4,غخخثلغ
htxw9xx,هتشوقشش
5u4,خوغ
27f5ra,أحفخرا
rd2t3,ردأتع
Hsd5ma9,حسدخماق
Hwwk,حووك
3a4h3m2,عاغهعمأ
th3f54,ثعفخغ
9a29,قاأق
i4nynx2,يغنينشأ
rwthi49,روثيغق
nm3,نمع
xsl2,شسلأ
em7r,يمحر
k5w5b3,كخوخبع
a353xHd,اعخعشحد
yo4,يوغ
rax9,راشق
ywf,يوف
4b2k45,غبأكغخ
thfH,ثفح
b47x,بغحش
z59tmidx,زخقتميدش
3l23,علأع
954,قخغ
5Hek2d45,خحيكأدغخ
t3d2,تعدأ
ii2,ييأ
s3H,سعح
kn4x,كنغش
49eu3,غقيوع
f5dx453x,فخدشغخعش
eb73,يبحع
x4H,شغح
9x7,قشح
exx,يشش
7bj,حبج
4ohx,غوهش
l2x3z,لأشعز
yidl33,ييدلعع
ylH,يلح
dy2n3H,ديأنعح
s9xetflo,سقشيتفلو
xxif5,ششيفخ
o773,وححع
ithf,يثف
tyh,تيه
m7yx4,محيشغ
hr4kz,هرغكز
md5hyj,مدخهيج
e7nthdrsi,يحنثدرسي
92ybt5,قأيبتخ
th9x,ثقش
hm4i,همغي
x5x,شخش
l4h,لغه
nw4d,نوغد
th5H,ثخح
355fzb,عخخفزب
4rkb,غركب
5249ee2,خأغقييأ
39smbk2,عقسمبكأ
ol9,ولق
xrylx7j,شريلشحج
wh95sdrj,وهقخسدرج
74u9is2x,حغوقيسأش
fnx3,فنشع
j2n3xt9,جأنعشتق
2H94423H,أحقغغأعح
5h3atx5,خهعاتشخ
onz54d3,ونزخغدع
xfw3xo,شفوعشو
lH2i5k9h,لحأيخكقه
4thbntd2,غثبنتدأ
l4d,لغد
uowHbro,وووحبرو
th43dxn,ثغعدشن
b939az,بقعقاز
2x5a,أشخا
3ds2jef,عدسأجيف
9oHe3id,قوحيعيد
iin,يين
4x39x,غشعقش
43byH,غعبيح
b4l,بغل
thxi39j,ثشيعقج
smza2,سمزاأ
H9tk9o3n,حقتكقوعن
lu9ywttt,لوقيوتتت
s52h54H,سخأهخغح
2zxyj3,أزشيجع
xbth5wf,شبثخوف
rd4x23,ردغشأع
x34nnath,شعغنناث
934bx3dx,قعغبشعدش
4459hm,غغخقهم
hmu,همو
yH9u3thh,يحقوعتهه
2rn7lw5,أرنحلوخ
nam9,نامق
5b9,خبق
5kr4l9oa,خكرغلقوا
sezoj,سيزوج
rwmxi5ww,رومشيخوو
b95x9a,بقخشقا
yx7,يشح
mo4f4,موغفغ
34exx4xo,عغيششغشو
iyh49x,ييهغقش
9bj995s,قبجققخس
n3iaz,نعياز
z2ih7,زأيهح
99h,ققه
f523n3t5,فخأعنعتخ
949rn92z,قغقرنقأز
9th433225,قثغععأأخ
4nf,غنف
wftfs7b,وفتفسحب
42zo5,غأزوخ
4xn2ikd,غشنأيكد
3H3,عحع
dkff9f,دكففقف
5mzx3x5e,خمزشعشخي
55wzs,خخوزس
3thw5,عثوخ
55H,خخح
y59,يخق
9urix,قوريش
7xw,حشو
949df9,قغقدفق
e5z,يخز
m2442ob,مأغغأوب
n52d,نخأد
9H7w,قححو
44b274u,غغبأحغو
5hzH22kz,خهزحأأكز
x5xu3xs,شخشوعشس
xzbz4k,شزبزغك
2ikbd,أيكبد
ih35ye4h,يهعخييغه
3bbd,عببد
w555f355,وخخخفعخخ
rHb,رحب
wxx599a2,وششخققاأ
zzk5,ززكخ
nHre,نحري
9jj4x,قججغش
4m45d3r,غمغخدعر
n474t2H,نغحغتأح
4n9H5t7,غنقحختح
5the45Hy,خثيغخحي
wdlk,ودلك
wxs,وشس
27x,أحش
2mrHth399,أمرحثعقق
2e93l,أيقعل
425mn,غأخمن
2bex,أبيش
5s33x,خسععش
r42a,رغأا
2kkuof2n,أككووفأن
xbhlo5ji,شبهلوخجي
5f2xf7n,خفأشفحن
s25r,سأخر
thx9uj4d,ثشقوجغد
d2ieH5s,دأييحخس
249t,أغقت
lm9n2,لمقنأ
4y2r5d,غيأرخد
592yHs5,خقأيحسخ
45442xh3,غخغغأشهع
2xblyxu,أشبليشو
9j54Hj5,قجخغحجخ
5ethzn,خيثزن
9hz,قهز
5nw,خنو
s3jx9ti,سعجشقتي
7td37,حتدعح
55ex3o,خخيشعو
i3z93h,يعزقعه
2lr9nm2y,ألرقنمأي
3k9txth,عكقتشث
bzf27hke,بزفأحهكي
b95h,بقخه
wmfif,ومفيف
939th,قعقث
i5ox,يخوش
s3yxk4,سعيشكغ
4ja3bm2,غجاعبمأ
ur5xfb3,ورخشفبع
d5233ab,دخأععاب
b2ini,بأيني
s9dt5x37,سقدتخشعح
l495523m,لغقخخأعم
as59,اسخق
73e,حعي
354,عخغ
yx9dxr,يشقدشر
n2r9,نأرق
l9th534d5,لقثخعغدخ
5kx9d,خكشقد
rs24th5nr,رسأغثخنر
au25,اوأخ
H3j49,حعجغق
if9353n5,يفقعخعنخ
t5dsmi,تخدسمي
2en993f7,أينققعفح
3i3tlb43,عيعتلبغع
7oon,حوون
ytj3,يتجع
429kno9,غأقكنوق
43i,غعي
w4Hxnh3u,وغحشنهعو
ujzn,وجزن
Hth2z,حثأز
dj5tnx4,دجختنشغ
2fyos5s,أفيوسخس
H9H5u92,حقحخوقأ
msHl,مسحل
xbxo,شبشو
57zj,خحزج
ud4s,ودغس
45xi5,غخشيخ
yld,يلد
hxrlH,هشرلح
5t94,ختقغ
rdz2ok9,ردزأوكق
or7,ورح
t995,تققخ
yobiwj,يوبيوج
dl9zn5,دلقزنخ
h9254x,هقأخغش
b9k,بقك
5n9,خنق
xr7n,شرحن
59yks,خقيكس
922z333,قأأزععع
x434,شغعغ
4f2292x,غفأأقأش
i2af,يأاف
iwH293,يوحأقع
az3xi,ازعشي
t45,تغخ
5ie,خيي
43thrh95l,غعثرهقخل
x33d,شععد
l53z5n5,لخعزخنخ
nxt95,نشتقخ
m79,محق
fH9tHs,فحقتحس
eikye3,ييكييع
x5y,شخي
kzh5493a,كزهخغقعا
m4x,مغش
i5zz3u,يخززعو
e5xrn5mm,يخشرنخمم
bw42n,بوغأن
4sn2rt4,غسنأرتغ
9mje5xr,قمجيخشر
x4k44r9z,شغكغغرقز
zyl34H,زيلعغح
fhja3fm,فهجاعفم
m7jfmb9,محجفمبق
25b,أخب
9x4hxt52,قشغهشتخأ
549s3,خغقسع
7b42o,حبغأو
3tmet,عتميت
559yrj43,خخقيرجغع
53x9taw4,خعشقتاوغ
k2hut2e,كأهوتأي
94w3bdy9,قغوعبديق
xd7ttm,شدحتتم
zx4oHHw,زشغوححو
l9z,لقز
rx9knum,رشقكنوم
k2w,كأو
2ja5429,أجاخغأق
x2hd,شأهد
oy5,ويخ
529,خأق
59sfrj,خقسفرج
52e5s,خأيخس
52zza,خأززا
9la,قلا
2h4k,أهغك
jdxr7r95,جدشرحرقخ
im9j4t,يمقجغت
554j,خخغج
3rs9,عرسق
tme4k2,تميغكأ
422,غأأ
zool2,زوولأ
h257dlry,هأخحدلري
xe9fh7w,شيقفهحو
7kkoa,حككوا
3thdui22e,عثدويأأي
325x,عأخش
uiedk,وييدك
tl53i2j,تلخعيأج
l3h2e2,لعهأيأ
2mb4,أمبغ
5yb35u,خيبعخو
39x,عقش
iz3r59,يزعرخق
ix5n,يشخن
fsththtthh4,فسثثتثهغ
r3r55,رعرخخ
2db9thmk,أدبقثمك
aHaz4ja,احازغجا
5xw2,خشوأ
d9t,دقت
tf9a,تفقا
9o9x2f,قوقشأف
f2z9ou,فأزقوو
sf34,سفعغ
zbwi,زبوي
H3d9w4yu,حعدقوغيو
zbtwibnb,زبتويبنب
yHzx,يحزش
oHn2u3,وحنأوع
4rakro,غراكرو
i5yr,يخير
7Hx99au,ححشققاو
7m5wt954,حمخوتقخغ
d9thb5u,دقثبخو
w4a,وغا
db4543hk,دبغخغعهك
tx4lx,تشغلش
zuxih2,زوشيهأ
x2e52bx,شأيخأبش
9xim7,قشيمح
htrl2nu3,هترلأنوع
t2xx,تأشش
sfs9,سفسق
hew,هيو
a5s,اخس
7b3zthfu,حبعزثفو
3wnhww,عونهوو
u4fi997,وغفيققح
stx2,ستشأ
497,غقح
254Hokm,أخغحوكم
uuwnf,ووونف
22e5ml2y,أأيخملأي
th5nxs9s,ثخنشسقس
thnsij5rw,ثنسيجخرو
jxl,جشل
snthoa,سنتهوا
2Hzfsbt4,أحزفسبتغ
rthu,رثو
2uaa4,أوااغ
bdxhr9,بدشهرق
5m3,خمع
hz24,هزأغ
7k3e,حكعي
449,غغق
brs45x3th,برسغخشعث
th395,ثعقخ
x3t53b,شعتخعب
2xaHzh,أشاحزه
9i54,قيخغ
oz7th5,وزحثخ
9j4sh,قجغسه
4laz,غلاز
r3lsx3,رعلسشع
7x94e5j5,حشقغيخجخ
ko4lath2,كوغلاثأ
l2d43ofx,لأدغعوفش
a34hz,اعغهز
2ndmutd9,أندموتدق
7wb2bld,حوبأبلد
z934244t,زقعغأغغت
ufxa5t,وفشاخت
us2x5,وسأشخ
2xlnth,أشلنث
mbwub9,مبووبق
dfH3,دفحع
taw,تاو
xlh54,شلهخغ
54u3323,خغوععأع
5nfxd523,خنفشدخأع
i444n,يغغغن
e3Hx,يعحش
xd52tH3,شدخأتحع
xef35,شيفعخ
z935Hk,زقعخحك
w2f3u,وأفعو
x422a,شغأأا
9b3ehz,قبعيهز
7w955rfw,حوقخخرفو
l3rnl3l2,لعرنلعلأ
s9i,سقي
5x42o4,خشغأوغ
l5x5e,لخشخي
xn5m,شنخم
fsxo9b,فسشوقب
r3jHx,رعجحش
9e35xH,قيعخشح
2e9t,أيقت
9k5s,قكخس
3hr,عهر
3xhth4y,عشهثغي
yur7424i,يورحغأغي
sxt,سشت
u47,وغح
ymHjjh,يمحججه
t2H,تأح
smss92h9,سمسسقأهق
fzxl9,فزشلق
H93wsy4s,حقعوسيغس
tx4xth,تشغشث
92dm93,قأدمقع
r4rHa,رغرحا
kzth,كزث
n5u,نخو
thx7,ثشح
ydwh,يدوه
4um5w3y,غومخوعي
ja5xaa,جاخشاا
mjfu,مجفو
H9Hbm,حقحبم
9bh4a2o9,قبهغاأوق
33s4i,ععسغي
xzols3,شزولسع
o3r3o,وعرعو
fzrt4ilt,فزرتغيلت
ot5h39,وتخهعق
ththsbxe,ثثسبشي
foooa4n,فووواغن
yey5uH5x,يييخوحخش
ixH,يشح
f37xi,فعحشي
uds5H,ودسخح
m5ub9ui3,مخوبقويع
xn2lk,شنألك
945o9n,قغخوقن
hrb9Ha,هربقحا
2H5ixaf5,أحخيشافخ
oad4335th,وادغععخث
2rbzn,أربزن
dnzaex,دنزايش
dd7ud5,ددحودخ
33no2,ععنوأ
bthHf2x79,بثحفأشحق
3ob9h,عوبقه
4is,غيس
y2xyod,يأشيود
o232ky9,وأعأكيق
dtHtho59r,دتحثوخقر
b99l5wuf,بققلخووف
9b2d5o9,قبأدخوق
axx553,اششخخع
u4nu,وغنو
4w7,غوح
nx3,نشع
nu5H3no,نوخحعنو
n4kbjh24,نغكبجهأغ
hh2,ههأ
xt49ztl,شتغقزتل
bts4e45,بتسغيغخ
zHz,زحز
th2k,ثأك
r3lb,رعلب
2ijj4,أيججغ
hw93,هوقع
o4d2uk,وغدأوك
wn2se35b,ونأسيعخب
99t939a,ققتقعقا
wrx9rm,ورشقرم
7zxr75d,حزشرحخد
w9H293ax,وقحأقعاش
592jln,خقأجلن
x3xH9th2,شعشحقثأ
5sbmHo5x,خسبمحوخش
3by95r,عبيقخر
e5jrthy4k,يخجرثيغك
ted,تيد
49f5l9i4,غقفخلقيغ
4e5xtha,غيخشثا
fw5H,فوخح
e43x5x2,يغعشخشأ
27x724,أحشحأغ
oxmt499,وشمتغقق
f5m9xm,فخمقشم
99bt2,ققبتأ
n532st4,نخعأستغ
3xb,عشب
3jodax2t,عجوداشأت
9fm,قفم
knkun33s,كنكونععس
t57mh5a4,تخحمهخاغ
d5H3,دخحع
nxr2wu9,نشرأووق
5ts,ختس
5xsj92tn,خشسجقأتن
9djo,قدجو
jzdr2,جزدرأ
wthn247h,وثنأغحه
tol,تول
dn239n,دنأعقن
3ff39934,عففعققعغ
92a2od94,قأاأودقغ
s5kkx3h,سخككشعه
za755nf,زاحخخنف
w93fxk7x,وقعفشكحش
z9k5x993,زقكخشققع
nrt2i3,نرتأيع
59b3x,خقبعش
w2x,وأش
th2tx,ثأتش
5a2je4fx,خاأجيغفش
3o32Hyn4,عوعأحينغ
535n4ye9,خعخنغييق
nd932,ندقعأ
ooal,ووال
j75dy,جحخدي
e4o,يغو
huz2bj,هوزأبج
z3th27,زعثأح
3xl4,عشلغ
i9zs7,يقزسح
5sj7444j,خسجحغغغج
f2l,فأل
43jx,غعجش
4wha59x,غوهاخقش
th5aszj,ثخاسزج
22flHa,أأفلحا
ymj,يمج
dm4fu,دمغفو
yb45,يبغخ
hu5nkjsr,هوخنكجسر
dth9e5,دثقيخ
b9tr,بقتر
2imxn9,أيمشنق
Hx53dx,حشخعدش
i2oo35,يأووعخ
bse2,بسيأ
4xsz7u,غشسزحو
2xth5,أشثخ
223l9f5,أأعلقفخ
th4Hrx9ee,ثغحرشقيي
ayd4,ايدغ
2Htjbxth5,أحتجبشثخ
zfar,زفار
r5k4b5,رخكغبخ
5zkb2,خزكبأ
5od9fo2e,خودقفوأي
49rz9x,غقرزقش
n2259mh,نأأخقمه
4ja42,غجاغأ
5fr,خفر
ddejunke,دديجونكي
Hnin5,حنينخ
x74Ha,شحغحا
2y2H,أيأح
4s2rk543,غسأركخغع
ti55x,تيخخش
532xz5,خعأشزخ
Hx42H,حشغأح
rid9wf,ريدقوف
H99x4y33,حققشغيعع
fkk23in,فككأعين
d3thi73,دعثيحع
dthy7j22H,دثيحجأأح
k79xel3,كحقشيلع
95459w,قخغخقو
32ssxyo,عأسسشيو
bxths,بشثس
5r2a,خرأا
lm94592j,لمقغخقأج
5ml524,خملخأغ
3x2H,عشأح
3hrxsf9,عهرشسفق
i5thr99sr,يخثرققسر
h4r243y,هغرأغعي
o3usi52,وعوسيخأ
sythwm,سيثوم
4524l4y2,غخأغلغيأ
dx92x4,دشقأشغ
9Hth,قحث
r45H3m,رغخحعم
bnf3obm,بنفعوبم
5yb9j,خيبقج
45f5xu53,غخفخشوخع
tsbw5z3,تسبوخزع
wrf,ورف
9zx,قزش
2Hj939,أحجقعق
el99,يلقق
43493,غعغقع
dh2i,دهأي
xdd43494,شددغعغقغ
aehhbH3H,ايههبحعح
2ii54,أييخغ
49lx4,غقلشغ
doe99H,دويققح
uz9l,وزقل
f7zax33a,فحزاشععا
dfox,دفوش
k3l,كعل
7kx9,حكشق
urw,ورو
emt9,يمتق
u57273t4,وخحأحعتغ
nbeez53,نبييزخع
97o,قحو
zf3j3zrx,زفعجعزرش
yy2enk,ييأينك
54fk2th3,خغفكأثع
5y3,خيع
xth3b5b,شثعبخب
3l5f2o23,علخفأوأع
jzh5z,جزهخز
rf9msj,رفقمسج
xa7r4595,شاحرغخقخ
soebh9,سويبهق
k3thl,كعثل
k3hj7eob,كعهجحيوب
3affjtfk,عاففجتفك
3b79mHy,عبحقمحي
44my3,غغميع
49az9,غقازق
5e3lk9r,خيعلكقر
5s4a,خسغا
345an3fo,عغخانعفو
th49o9,ثغقوق
2th59,أثخق
35mrt,عخمرت
mH2yl,محأيل
529ef9,خأقيفق
2y3fj75,أيعفجحخ
tx752r,تشحخأر
9xu,قشو
b3k9oxbr,بعكقوشبر
k4m,كغم
oed22ue,ويدأأوي
xrow3,شرووع
j4n3x,جغنعش
9lo3,قلوع
9i3i,قيعي
3H2bkd9,عحأبكدق
k29,كأق
3dx9e,عدشقي
feeth,فييث
54d32,خغدعأ
9nb,قنب
5x444o,خشغغغو
xwh7lde,شوهحلدي
riz52i,ريزخأي
uthj9t,وثجقت
ik7axo,يكحاشو
bahu2e,باهوأي
2w943h,أوقغعه
fx5,فشخ
x3byxxl,شعبيششل
xmk4lux,شمكغلوش
oim,ويم
wsyxHxmu,وسيشحشمو
ryx494,ريشغقغ
3xh33kj,عشهععكج
xd92s,شدقأس
lf555r,لفخخخر
nxtmytu4,نشتميتوغ
d3b4xnz,دعبغشنز
x2995i,شأققخي
a5hm945f,اخهمقغخف
wkjr944,وكجرقغغ
5m22fmz,خمأأفمز
o3jm79,وعجمحق
4bd,غبد
zsh5j4xl,زسهخجغشل
25x2f5on,أخشأفخون
siym3tx,سييمعتش
i23,يأع
3x4,عشغ
24b49249,أغبغقأغق
44oyuuj,غغويووج
tlwth3,تلوثع
3324djij,ععأغدجيج
u29tx7,وأقتشح
elbHbHnw,يلبحبحنو
5ez,خيز
xxey,ششيي
ss2uw,سسأوو
5ii,خيي
f4m4,فغمغ
44z,غغز
5rhjh,خرهجه
Hex,حيش
thno9md,ثنوقمد
ytiu9b,يتيوقب
a5xHe2,اخشحيأ
mxnljlz,مشنلجلز
otnw,وتنو
25oht,أخوهت
xth224H,شثأأغح
H3554,حعخخغ
ii93e,ييقعي
fto2,فتوأ
hxo,هشو
abxf,ابشف
m52j,مخأج
i9esnk7,يقيسنكح
l9r,لقر
uf55thth5,وفخخثثخ
kf9,كفق
w44jz,وغغجز
xf4fd,شفغفد
do5,دوخ
349o4j9,عغقوغجق
thir95a42,ثيرقخاغأ
tyz5dt,تيزخدت
9xi5dt,قشيخدت
a5xa9,اخشاق
wx4l,وشغل
fjawm,فجاوم
x4be,شغبي
xknth5,شكنثخ
3254e,عأخغي
iidj,ييدج
2zmb4n,أزمبغن
d39549i,دعقخغقي
2bthx,أبثش
hu4i,هوغي
n3o4,نعوغ
2xld,أشلد
39bi,عقبي
4m7,غمح
9iH22,قيحأأ
4ain9sxj,غاينقسشج
m4a5u5sx,مغاخوخسش
2kbxthj,أكبشثج
2ath3x2th,أاثعشأث
th92u,ثقأو
i3eoj9jx,يعيوجقجش
2thr5n935,أثرخنقعخ
thh4,ثهغ
Hi4xyde,حيغشيدي
34ax7,عغاشح
omxdh3,ومشدهع
4zx9lk,غزشقلك
ithwm4f,يثومغف
rjlak4,رجلاكغ
79fsx4,حقفسشغ
bs5553,بسخخخع
9me4,قميغ
xwr555f5,شورخخخفخ
3mxi2,عمشيأ
9l272yf,قلأحأيف
hrnk52ny,هرنكخأني
xs22ao,شسأأاو
h95n,هقخن
4mt92th,غمتقأث
2n3t57,أنعتخح
3zex,عزيش
rkw4a3,ركوغاع
oh7,وهح
ax3923,اشعقأع
2f4y,أفغي
hH52n,هحخأن
9733iy,قحععيي
j2nx2yw,جأنشأيو
h2deik9x,هأدييكقش
mythu,ميثو
rll,رلل
9nd3,قندع
jxeby2ye,جشيبيأيي
thd9oa,ثدقوا
x5x,شخش
5t933,ختقعع
233,أعع
h72xra,هحأشرا
w2w2ilix,وأوأيليش
bm2th,بمأث
9th5w,قثخو
loz,لوز
5xx4,خششغ
bxwm,بشوم
kx3y5n4th,كشعيخنغث
Hxn99skm,حشنققسكم
z22,زأأ
jsabxa,جسابشا
j7x44,جحشغغ
x2ou2,شأووأ
ow92Hw,ووقأحو
22b3rb25,أأبعربأخ
xh4,شهغ
4uy,غوي
z2e2rate,زأيأراتي
2u75,أوحخ
39a9th24,عقاقثأغ
f42th,فغأث
x99xl,شققشل
5t2i,ختأي
2H9,أحق
hxx2txt,هششأتشت
Hl34393,حلعغعقع
3mthne75,عمثنيحخ
9yxn44,قيشنغغ
xx4,ششغ
9x259r3,قشأخقرع
dzy53z3,دزيخعزع
sn2,سنأ
22e5rn55,أأيخرنخخ
39f23,عقفأع
w25w,وأخو
x4unj9,شغونجق
flm4,فلمغ
fth2wfet,فثأوفيت
i3ythw44o,يعيثوغغو
bxzdrizn,بشزدريزن
H9he7,حقهيح
3i425,عيغأخ
nk29,نكأق
w5k2h4,وخكأهغ
5wth,خوث
29x,أقش
9k39,قكعق
lxz9,لشزق
43xi,غعشي
2mH4e5,أمحغيخ
bd5ez92a,بدخيزقأا
k7a,كحا
5i24x9u,خيأغشقو
u32i9l,وعأيقل
7sdxoolu,حسدشوولو
kz4e2e3,كزغيأيع
abf739b,ابفحعقب
d275,دأحخ
b34oxhn9,بعغوشهنق
3422o5ff,عغأأوخفف
bt72h,بتحأه
now945,نووقغخ
2n9jjsf,أنقججسف
f3eul,فعيول
y35w23x4,يعخوأعشغ
sz9,سزق
f2294x,فأأقغش
ryHi55kx,ريحيخخكش
75H5thz4z,حخحخثزغز
d44f5d,دغغفخد
xiax3hi9,شياشعهيق
2l3,ألع
29h59,أقهخق
ha343sth,هاعغعسث
tx5,تشخ
k2x,كأش
f5lw7H,فخلوحح
txw,تشو
att35yfz,اتتعخيفز
ww9i3z,ووقيعز
wybe,ويبي
5w2eu,خوأيو
i2x2wb2,يأشأوبأ
3xh9,عشهق
55oiz3w3,خخويزعوع
35ml,عخمل
29w,أقو
9734,قحعغ
3yx9f4s,عيشقفغس
yw4xfH24,يوغشفحأغ
9uj544h,قوجخغغه
h2h4,هأهغ
437j222,غعحجأأأ
H2xi39,حأشيعق
t27zb2,تأحزبأ
ruaf,رواف
o9hw3sj,وقهوعسج
uy9,ويق
3th4x,عثغش
h2mxth,هأمشث
3xdxzzh,عشدشززه
wy9Ht9ss,ويقحتقسس
54rxl,خغرشل
h3rjxyj,هعرجشيج
9e9,قيق
ythx3,يثشع
4thuo,غثوو
j72,جحأ
iw3ldl4,يوعلدلغ
9b33zz4,قبععززغ
tH4h55,تحغهخخ
4unk3ewx,غونكعيوش
5jxH4a,خجشحغا
hn7924s,هنحقأغس
nxlf24j,نشلفأغج
tx9795,تشقحقخ
uj4,وجغ
y4aj9xx9,يغاجقششق
3lrhxHa7,علرهشحاح
x3k9,شعكق
k43k5x,كغعكخش
zxa5h3wl,زشاخهعول
4ba,غبا
3t439z27,عتغعقزأح
t42axexx,تغأاشيشش
9ray44,قرايغغ
nfx5HH2,نفشخححأ
y5o92th4,يخوقأثغ
33Hx,ععحش
5242l,خأغأل
24yf,أغيف
w59454h,وخقغخغه
m42,مغأ
44xth,غغشث
5jtz94,خجتزقغ
394a22,عقغاأأ
h7s9ax9u,هحسقاشقو
39w,عقو
wtthryy,وتثريي
d74iux,دحغيوش
54u5x,خغوخش
7ur,حور
5x3e5th,خشعيخث
x75z5,شحخزخ
duix5s9o,دويشخسقو
5923x9r2,خقأعشقرأ
wme2s,وميأس
l5i59n4h,لخيخقنغه
e3z,يعز
Hs99d5am,حسققدخام
b434,بغعغ
H2hb,حأهب
sx4y,سشغي
r7o9m4n,رحوقمغن
a53l2H,اخعلأح
j2e54t5,جأيخغتخ
xwkk9u9,شوككقوق
sl3,سلع
55mjbz3,خخمجبزع
ezm9ai92,يزمقايقأ
wzy,وزي
wi22,ويأأ
444u3,غغغوع
bfH,بفح
u9f3k4f5,وقفعكغفخ
h54suk4,هخغسوكغ
3jjdwh,عججدوه
rhfj,رهفج
dmlhzo9,دملهزوق
x99k29y3,شققكأقيع
549w2,خغقوأ
nnw2r4b2,ننوأرغبأ
ro3,روع
xw9,شوق
o2th3e,وأثعي
Hi9t3ds,حيقتعدس
2rh5mH,أرهخمح
t33ya39h,تععياعقه
xk372w,شكعحأو
j2a,جأا
jmd,جمد
s2z5,سأزخ
lik,ليك
7xy9tk4a,حشيقتكغا
x2et,شأيت
x435h,شغعخه
suz9z3l4,سوزقزعلغ
9kx5,قكشخ
xkth,شكث
2ro,أرو
jfk,جفك
44th94,غغثقغ
3i9z3zw,عيقزعزو
5x43u445,خشغعوغغخ
33x432fth,ععشغعأفث
s2ziozjn,سأزيوزجن
jj5th,ججخث
dx7,دشح
23b27yde,أعبأحيدي
24m35kak,أغمعخكاك
32xx4ud,عأششغود
z52j23u,زخأجأعو
t4u9jui,تغوقجوي
5a9343w,خاقعغعو
3y5x9nd,عيخشقند
j2o,جأو
sx43,سشغع
x32,شعأ
kx7h42,كشحهغأ
r93sa5xx,رقعساخشش
2x4x44,أشغشغغ
Hl2fk4,حلأفكغ
9x25b44,قشأخبغغ
24jbbue,أغجببوي
mthd7e9,متهدحيق
nnxH4dhs,ننشحغدهس
999yf,قققيف
2z53z,أزخعز
x344w,شعغغو
x52ya5nx,شخأياخنش
u3xbn45,وعشبنغخ
trl3dt3,ترلعدتع
b7xte5,بحشتيخ
th9d29n3,ثقدأقنع
3hhm49h2,عههمغقهأ
5H4uxy,خحغوشي
i4ux9x,يغوشقش
jmi,جمي
Hk4a,حكغا
syjxthu,سيجشثو
9Himw3,قحيموع
4e93,غيقع
ixoim2,يشويمأ
x3ko,شعكو
u53tx44,وخعتشغغ
2y2r,أيأر
5d2u,خدأو
5k2x,خكأش
b4zwz9,بغزوزق
n4t,نغت
54rx5tt7,خغرشختتح
Hr5t,حرخت
lbh5oxr3,لبهخوشرع
2l9w4j9,ألقوغجق
x5j2o,شخجأو
239tl,أعقتل
oj22,وجأأ
sf53ki,سفخعكي
ja24f,جاأغف
t3k,تعك
omjx,ومجش
o4iys,وغييس
9w3H,قوعح
thxu4j,ثشوغج
4m2ix,غمأيش
wh4nfm5,وهغنفمخ
4rHena,غرحينا
ua27h45,واأحهغخ
H35th,حعخث
sx4,سشغ
ul5ddk,ولخددك
fa9,فاق
7jy,حجي
5ku2j,خكوأج
thilf3xa,ثيلفعشا
tr34w,ترعغو
5wx,خوش
2x5tthi9,أشختثيق
r54xea39,رخغشياعق
j9sfw2,جقسفوأ
n4xthb,نغشثب
25r4,أخرغ
3bkn5,عبكنخ
3xth,عشث
lxibs,لشيبس
ix2f959,يشأفقخق
39h44hjy,عقهغغهجي
H429n42i,حغأقنغأي
z2H4dx9,زأحغدشق
4zxx,غزشش
xsmth3H,شسمثعح
x32oue,شعأووي
592,خقأ
o3r3nd,وعرعند
oaie3j44,واييعجغغ
th499mzs,ثغققمزس
dwn2zdl,دونأزدل
yrmHdnth,يرمحدنث
952x42o,قخأشغأو
ey349,ييعغق
a33ih,اععيه
4rr9d4,غررقدغ
bx44,بشغغ
459yt,غخقيت
zddh,زدده
9HfH,قحفح
3th9d,عثقد
f45,فغخ
29awadu,أقاوادو
33x,ععش
9fk,قفك
3l525,علخأخ
7e5,حيخ
i5232Hr4,يخأعأحرغ
ix5,يشخ
7329fj,حعأقفج
sthot4,سثوتغ
txd,تشد
sHt49othw,سحتغقوثو
2td49,أتدغق
Hux,حوش
z3ozr5i5,زعوزرخيخ
n4du,نغدو
4n4,غنغ
th5ue4az,ثخويغاز
h55th9bh,هخخثقبه
ee79uk,ييحقوك
fzff,فزفف
flhr4d,فلهرغد
7n3a3H,حنعاعح
wkte2xo,وكتيأشو
3y22e5hm,عيأأيخهم
xkx42h,شكشغأه
eherw,يهيرو
s5r3xyo,سخرعشيو
2hjx,أهجش
H9994,حقققغ
m3f,معف
jjwuyib,ججووييب
4xi24,غشيأغ
y49ns,يغقنس
y24zzi,يأغززي
9hx,قهش
oy43,ويغع
thx2,ثشأ
oji,وجي
sxa3ok,سشاعوك
hs2ysoz3,هسأيسوزع
b2f7lf4,بأفحلفغ
etm,يتم
t2tj9x,تأتجقش
2rt3,أرتع
xthx,شثش
r33olx,رععولش
2wyfozb,أويفوزب
uf5,وفخ
mhuaf,مهواف
x97th,شقحث
kljbz2b,كلجبزأب
t525574m,تخأخخحغم
nib4,نيبغ
54f,خغف
xhHlthdx5,شهحلثدشخ
kfyHf,كفيحف
en4,ينغ
en3xz,ينعشز
5399,خعقق
a5H39,اخحعق
yolx2yjr,يولشأيجر
5exlk3,خيشلكع
mti,متي
xuish,شويسه
oa3d4,واعدغ
s7mo9tho,سحموقثو
42ts492,غأتسغقأ
z5f5a3,زخفخاع
H52,حخأ
m24l9H,مأغلقح
2hwHxmf,أهوحشمف
iyxrh7e,ييشرهحي
kf4,كفغ
Hxfd2,حشفدأ
5f35z3n,خفعخزعن
nh435y,نهغعخي
37d,عحد
3km,عكم
dl5bxoy4,دلخبشويغ
tjr9,تجرق
l32r239th,لعأرأعقث
93eue9,قعيويق
429,غأق
nhmth,نهمث
xx55nx,ششخخنش
lHrsntxx,لحرسنتشش
f22th,فأأث
43o,غعو
y2392j42,يأعقأجغأ
wy39ze4w,ويعقزيغو
n429,نغأق
447,غغح
99jisjh,ققجيسجه
jx7,جشح
oke2sdyl,وكيأسديل
a5y29h,اخيأقه
3o2xx,عوأشش
x9d3,شقدع
th9xet,ثقشيت
5y7z5,خيحزخ
79f2l4l,حقفألغل
l5i,لخي
m333,مععع
9eth795,قيثحقخ
ndt,ندت
th2555,ثأخخخ
3w44,عوغغ
45x4,غخشغ
k9ds,كقدس
x4uo435,شغووغعخ
3tx2,عتشأ
jmn92,جمنقأ
9Hxh4x2d,قحشهغشأد
yorf2ad,يورفأاد
4k2o,غكأو
thaouxy,ثاووشي
dth5,دثخ
ljmib2,لجميبأ
yo2jmzos,يوأجمزوس
wxy9th2m,وشيقثأم
352nly7m,عخأنليحم
2xh,أشه
mx3,مشع
ddo2tu,ددوأتو
5Ht3,خحتع
4f2s9th,غفأسقث
3jm7yb5,عجمحيبخ
sthmj,سثمج
z75ry,زحخري
3xu,عشو
n72f,نحأف
3yh25,عيهأخ
jaj5,جاجخ
2xo,أشو
9b4ls7dH,قبغلسحدح
whoxb5l,وهوشبخل
u53,وخع
ie3mfh,ييعمفه
to992thr,توققأثر
xw35u,شوعخو
2b3zbm,أبعزبم
44542,غغخغأ
yu3x3f,يوعشعف
ja5u24s4,جاخوأغسغ
l5y,لخي
5ej34tb9,خيجعغتبق
it2l,يتأل
lalx9,لالشق
53s,خعس
z3s3,زعسع
wx52wx5,وشخأوشخ
395,عقخ
e94xH3,يقغشحع
xbhn,شبهن
xth9r,شثقر
i4ij2,يغيجأ
He3z9n79,حيعزقنحق
49i4bh,غقيغبه
jlk4j,جلكغج
9z3s4,قزعسغ
2mxH75,أمشححخ
5bo3ibxs,خبوعيبشس
252ok23k,أخأوكأعك
z9b2,زقبأ
34x9bkdH,عغشقبكدح
z54i,زخغي
539a9,خعقاق
ooe4z,وويغز
fm7b,فمحب
Hxwz,حشوز
53t,خعت
hka24344,هكاأغعغغ
kw5,كوخ
w47ith,وغحيث
hka4wol,هكاغوول
795ixn4th,حقخيشنغث
o9oh,وقوه
2d2xtwx,أدأشتوش
em5wxj,يمخوشج
2z3ln,أزعلن
ojs,وجس
4HH,غحح
au3,اوع
yxxujefu,يششوجيفو
3wsmn5,عوسمنخ
thuf,ثوف
nsa33k,نساععك
99rt,ققرت
rm5f925n,رمخفقأخن
izn,يزن
2th9,أثق
o2mrr,وأمرر
2rmj5,أرمجخ
955,قخخ
5lt,خلت
99n,ققن
eh4axr5,يهغاشرخ
whix4r,وهيشغر
42oi,غأوي
929y2bm,قأقيأبم
em2n7zx,يمأنحزش
l39lk,لعقلك
enexb,ينيشب
Hy9a2r,حيقاأر
4xi2zthkd,غشيأزثكد
7z39r,حزعقر
2sud33f,أسودععف
ed2,يدأ
4anm,غانم
5thh3y75,خثهعيحخ
sk32l99,سكعألقق
9d2i,قدأي
zsx4Heh,زسشغحيه
24ja3z,أغجاعز
thmx3,ثمشع
He9,حيق
u9xifmtt,وقشيفمتت
234,أعغ
5ri4,خريغ
w4z,وغز
59zdthw,خقزدثو
h95b,هقخب
ed9f,يدقف
fzdww4t,فزدووغت
zm2,زمأ
w3j,وعج
9n9,قنق
ss9llk,سسقللك
hx4x9,هشغشق
92s35z,قأسعخز
4ja5r,غجاخر
xmf,شمف
xu5yjh3,شوخيجهع
d4n,دغن
xbxii,شبشيي
l9wk,لقوك
h5rfhs,هخرفهس
ksnsxw2,كسنسشوأ
jdjw7z7,جدجوحزح
H5f,حخف
HH22,ححأأ
4xdhd42,غشدهدغأ
9krr5rxH,قكررخرشح
fdszbthx5,فدسزبثشخ
xthh,شثه
3k9bl,عكقبل
3m5Hykal,عمخحيكال
ukxrrx,وكشررش
955th,قخخث
xyxl9,شيشلق
xr2,شرأ
45b33,غخبعع
dlxm7lr7,دلشمحلرح
wuthan,ووثان
393dy,عقعدي
w42t,وغأت
4yd,غيد
u22,وأأ
fthl4,فثلغ
ryj2,ريجأ
2o2,أوأ
5eil39h9,خييلعقهق
254332,أخغععأ
3nxe23hu,عنشيأعهو
449t,غغقت
9f4wxw,قفغوشو
3eth3j,عيثعج
52kt5i39,خأكتخيعق
95dm,قخدم
b34,بعغ
x2a2z,شأاأز
45nt,غخنت
oay45eux,وايغخيوش
7mmx,حممش
i3sxhddu,يعسشهددو
al2nrdeth,الأنرديث
2h4bu,أهغبو
ao92,اوقأ
5xsf4nH,خشسفغنح
x4lfjuhd,شغلفجوهد
ltd4,لتدغ
53z99,خعزقق
xz5uwb,شزخووب
9ai4l5a,قايغلخا
i24z,يأغز
th4mth59d,ثغمثخقد
eu3b,يوعب
kx53zdf3,كشخعزدفع
3juzu,عجوزو
3h2wrs4,عهأورسغ
3rl2a,عرلأا
k4r2,كغرأ
9n2f,قنأف
ii7je2,ييحجيأ
2y3h5,أيعهخ
l5l49434,لخلغقغعغ
huai,هواي
92wi4,قأويغ
3tbmw,عتبمو
dtamo,دتامو
oH5htth,وحخهتث
2kel34u,أكيلعغو
9Hab2hi,قحابأهي
me2l4bi9,ميألغبيق
4x2j9z,غشأجقز
532uj9t7,خعأوجقتح
hz9dwbyb,هزقدوبيب
Huljl,حولجل
kzx7wd,كزشحود
3Ho,عحو
H2t9xl,حأتقشل
y79t99m,يحقتققم
3w3uxb4,عوعوشبغ
k2r3a2w,كأرعاأو
r4thx4ta5,رغثشغتاخ
39n,عقن
x5y,شخي
x99bfw,شققبفو
737a39hr,حعحاعقهر
zfx34oy3,زفشعغويع
hkwd,هكود
sH2,سحأ
h5th,هخث
9oyhth39r,قويهثعقر
sx5t4,سشختغ
95itho5H,قخيثوخح
k5wxx,كخوشش
an9m,انقم
2nHdwxHk,أنحدوشحك
xz5224,شزخأأغ
iH25,يحأخ
w423,وغأع
wmjk734,ومجكحعغ
jxdzwy,جشدزوي
779k5ujo,ححقكخوجو
55dxstt,خخدشستت
tuz532,توزخعأ
ienx,يينش
bsth43,بسثغع
3t99,عتقق
o99y5xd,وققيخشد
i42f93t3,يغأفقعتع
a9x3,اقشع
29oo4fj4,أقووغفجغ
3is4a,عيسغا
l2i,لأي
99hlxy,ققهلشي
h437s9,هغعحسق
2jbxixnb,أجبشيشنب
b94,بقغ
r43azx5,رغعازشخ
92dij4,قأديجغ
4i5i3,غيخيع
92z,قأز
4x79kso4,غشحقكسوغ
uthxn,وثشن
m2e,مأي
l5zh7,لخزهح
l79xd,لحقشد
4y74,غيحغ
jj5k,ججخك
se2xo9a9,سيأشوقاق
fmko3,فمكوع
532sbr,خعأسبر
x54b,شخغب
lozx4l,لوزشغل
lnkokfH4,لنكوكفحغ
4t9sth,غتقسث
5ae,خاي
r5ub5,رخوبخ
u9y,وقي
t7243u35,تحأغعوعخ
43795m,غعحقخم
d9ha,دقها
x9a,شقا
392zm,عقأزم
ozz,وزز
Hm7,حمح
74fxxtx,حغفششتش
4xn4lr99,غشنغلرقق
tam,تام
4tonb959,غتونبقخق
kjh9iwfn,كجهقيوفن
x3ty5,شعتيخ
x53j54uo,شخعجخغوو
4j5o4xw9,غجخوغشوق
29y349,أقيعغق
j5bxkbxi,جخبشكبشي
4ebj35,غيبجعخ
44l9wy,غغلقوي
a9o9,اقوق
4x3,غشع
9f9f3th,قفقفعث
ixthhht,يشثههت
ur5,ورخ
i4xay9,يغشايق
d5wHem,دخوحيم
w55w,وخخو
29Hx42,أقحشغأ
2xi2,أشيأ
7u9,حوق
49xth,غقشث
bk5k3lnw,بكخكعلنو
b59,بخق
bu459ky5,بوغخقكيخ
32f3,عأفع
l3r4,لعرغ
2melds23,أميلدسأع
y3Hx2i4,يعحشأيغ
thaxth,ثاشث
ks7k,كسحك
b3fm,بعفم
lx5kz2,لشخكزأ
3thb,عثب
m4bthb,مغبثب
h4t9,هغتق
9ws,قوس
24mo34l2,أغموعغلأ
wxh,وشه
f339444,فععقغغغ
3d329k4,عدعأقكغ
xx5,ششخ
x9753,شقحخع
tre,تري
sH3kx2sh,سحعكشأسه
m9dao232,مقداوأعأ
t2j5l9,تأجخلق
4uzmsxlm,غوزمسشلم
4rfi,غرفي
4z3bwfxh,غزعبوفشه
H3332fx,حعععأفش
d4aymtyk,دغايمتيك
thx2z2,ثشأزأ
i92e9a,يقأيقا
tthwifx,تثويفش
d5n4,دخنغ
239ko,أعقكو
5bw223o,خبوأأعو
mh4lu,مهغلو
s3tth4,سعتثغ
3a9s2,عاقسأ
sbw,سبو
3wd33a4,عودععاغ
5rH42m9,خرحغأمق
3h9,عهق
9wxnH3xf,قوشنحعشف
k2y4x,كأيغش
kluw,كلوو
2i92ths,أيقأثس
mw3,موع
23xfre5,أعشفريخ
ydl,يدل
3u4e59k9,عوغيخقكق
m94iu5,مقغيوخ
4mytj,غميتج
xx2,ششأ
u47,وغح
mnt9,منتق
9axmb,قاشمب
y529l5a,يخأقلخا
xr9xn,شرقشن
b29xak,بأقشاك
37i253,عحيأخع
4za,غزا
x9a33j,شقاععج
dy3l392,ديعلعقأ
474klthw9,غحغكلثوق
jxda,جشدا
yHeuk,يحيوك
329,عأق
ezH737o,يزححعحو
n2k4bk49,نأكغبكغق
x3thHah,شعثحاه
5wu9it,خووقيت
th9m,ثقم
z4mioa5i,زغميواخي
4xx,غشش
4ie253,غييأخع
l2x339,لأشععق
a4m4,اغمغ
4mz233,غمزأعع
bo942w,بوقغأو
a59xH,اخقشح
th2j2539z,ثأجأخعقز
4dl4,غدلغ
7o3tk,حوعتك
th33,تهعع
32wa,عأوا
2j5z3,أجخزع
5j5,خجخ
22d9thn,أأدقثن
4jz,غجز
zdr,زدر
5s22rHH9,خسأأرححق
so99euk3,سوققيوكع
z92,زقأ
dxo2nh,دشوأنه
uuhnxth2,ووهنشثأ
al9935h,الققعخه
5uyk23e,خويكأعي
4f3fmk,غفعفمك
z3rk,زعرك
xx44an,ششغغان
hxu4x,هشوغش
fab2eo,فابأيو
3d7z,عدحز
2th7j3525,أثحجعخأخ
wjz25s,وجزأخس
4xw4xth5x,غشوغشثخش
39yae9,عقيايق
tni5e,تنيخي
xjx59,شجشخق
juxex9x,جوشيشقش
523,خأع
bx3sh,بشعسه
44i3dh,غغيعده
s32ja2,سعأجاأ
xtzfy4x,شتزفيغش
bth4xe,بثغشي
5kl,خكل
y49,يغق
43293i,غعأقعي
mbl93,مبلقع
ex4h2,يشغهأ
2d2znrx,أدأزنرش
otojix79,وتوجيشحق
9eh,قيه
55b,خخب
x3xllx2,شعشللشأ
yyfzxH,ييفزشح
925x,قأخش
x43ox32,شغعوشعأ
33H9599l,ععحقخققل
th35,ثعخ
4277kl5,غأححكلخ
m2kn,مأكن
2f49xd,أفغقشد
uth9x,وثقش
f4r32,فغرعأ
axirthina,اشيرثينا
th4th3u,ثغثعو
z92y,زقأي
hj2m522x,هجأمخأأش
z593939,زخقعقعق
ndoz4933,ندوزغقعع
thbx,ثبش
522,خأأ
x7f,شحف
479th,غحقث
jxt7ix4x,جشتحيشغش
29xxe3,أقششيع
353,عخع
mjx9x3,مجشقشع
r955tax2,رقخختاشأ
xn92ebn4,شنقأيبنغ
5999,خققق
459f45i,غخقفغخي
wi3jm4lth,ويعجمغلث
5yoi,خيوي
f7f45o,فحفغخو
xln,شلن
dth9,دثق
e3nnys,يعننيس
il5i,يلخي
t9x,تقش
dxbdxth4e,دشبدشثغي
3nnthb,عننثب
x3wnuu,شعونوو
4zi2,غزيأ
4uH5,غوحخ
393,عقع
5woex,خوويش
5x93r,خشقعر
a25r5Hx,اأخرخحش
97u4i2d5,قحوغيأدخ
xbthzy9,شبثزيق
xn942,شنقغأ
9H22th,قحأأث
wth,وته
nfxx95,نفششقخ
xjxb,شجشب
92lb5e5,قألبخيخ
xul9u9w2,شولقوقوأ
umex2x,وميشأش
f4a,فغا
a3r,اعر
e3lmtH3,يعلمتحع
3h2,عهأ
b4m,بغم
5xem5,خشيمخ
b42h,بغأه
xj4hth,شجغهث
h3m5e,هعمخي
nwtn2,نوتنأ
x2339th25,شأععقثأخ
od5357fz,ودخعخحفز
n5a4x3,نخاغشع
x9r2h4r,شقرأهغر
s7z,سحز
4rx,غرش
lb92e74i,لبقأيحغي
4n39,غنعق
i5lf2,يخلفأ
ax9,اشق
k499oH,كغققوح
74th,حغث
5t35mxH,ختعخمشح
tx9fiz27,تشقفيزأح
3xf4,عشفغ
3k4oz32,عكغوزعأ
92o5xk,قأوخشك
xokt24Hy,شوكتأغحي
xHdx5,شحدشخ
x5d4x2,شخدغشأ
n39th9f,نعقثقف
5Hul9jw5,خحولقجوخ
i2z5xox,يأزخشوش
9nwa,قنوا
d3f4ty4,دعفغتيغ
3b5z425i,عبخزغأخي
lu5,لوخ
eudxH9yn,يودشحقين
j3w3rshz,جعوعرسهز
ts4z5sxx,تسغزخسشش
472lk,غحألك
9wt,قوت
a43zte29,اغعزتيأق
3H3u,عحعو
aism2o,ايسمأو
fdb,فدب
dthdd5d,دثددخد
kdthek,كدثيك
2d92rf35,أدقأرفعخ
moro2ek,موروأيك
3344l53,ععغغلخع
u92xiee,وقأشييي
7thbilub,حثبيلوب
lxt,لشت
tnu99,تنوقق
99w7ef,ققوحيف
yxw3o9,يشوعوق
mxHsthur2,مشحسثورأ
Ha9ui,حاقوي
hjhxt,هجهشت
ik5,يكخ
x47j,شغحج
o7f9,وحفق
322suw2,عأأسووأ
ay3ez595,ايعيزخقخ
3xu94uw5,عشوقغووخ
kb3ds,كبعدس
xthx,شثش
429,غأق
x923m59,شقأعمخق
neth4r,نيثغر
y2w3t,يأوعت
9ua,قوا
4nx,غنش
xthH53xx,شثحخعشش
32452i5,عأغخأيخ
94x4i2,قغشغيأ
5xub9ud,خشوبقود
27k,أحك
24x,أغش
i9wmel3,يقوميلع
4t922b2,غتقأأبأ
424o324,غأغوعأغ
959,قخق
ny5xn,نيخشن
2xa,أشا
532yr2,خعأيرأ
jab,جاب
4b552,غبخخأ
zH3Hf5th,زحعحفخث
22nj5ta2,أأنجختاأ
jwx4,جوشغ
34dHi44,عغدحيغغ
5efk,خيفك
thzth,تهزث
wuy,ووي
5km94iei,خكمقغييي
x52394,شخأعقغ
kbz,كبز
4mx,غمش
32be2u4H,عأبيأوغح
24r3,أغرع
r55,رخخ
4zhybh,غزهيبه
n72sdrb,نحأسدرب
m7o,محو
hHfu,هحفو
3uy7y,عويحي
d4rx,دغرش
4549hyl,غخغقهيل
wt5x52kx,وتخشخأكش
b5k5kd24,بخكخكدأغ
34z3,عغزع
9rk9,قركق
9j4,قجغ
txesu,تشيسو
34th4,عغثغ
bytHxz,بيتحشز
2thx23H4a,أثشأعحغا
d4u7jia,دغوحجيا
kbo5,كبوخ
59j5z292,خقجخزأقأ
9jljdk7t,قجلجدكحت
b24k4x,بأغكغش
44s5,غغسخ
274,أحغ
ei3d,ييعد
m9xxu,مقششو
3mw,عمو
4u5fiuthx,غوخفيوثش
5w35,خوعخ
br3th,برعث
z4u9job,زغوقجوب
52j,خأج
9x955s32,قشقخخسعأ
hwud2z9,هوودأزق
5eysf3,خييسفع
f5z3y2,فخزعيأ
d3j5fx5H,دعجخفشخح
suit,سويت
99jttt53,ققجتتتخع
athzlhl,اثزلهل
x595may5,شخقخمايخ
lthe3r,لثيعر
9dyu,قديو
3nu53l4,عنوخعلغ
jxjb9,جشجبق
drzth92,درزثقأ
thxz5,ثشزخ
2samx93,أسامشقع
l4z,لغز
3i7nzx,عيحنزش
h3frt,هعفرت
2ju3sx,أجوعسش
s9xyxx5,سقشيششخ
iwrrh,يورره
5dj,خدج
Hy5ithl,حيخيثل
2hbu,أهبو
9mk4,قمكغ
49w5,غقوخ
iH5,يحخ
nfx33,نفشعع
254exthy,أخغيشثي
44umw,غغومو
mouz,مووز
jze52e,جزيخأي
s245,سأغخ
ii4,ييغ
5thfn,خثفن
ff5t9i,ففختقي
2th25uth,أثأخوث
ykt4rm,يكتغرم
44the7j4,غغثيحجغ
ufts9,وفتسق
32j,عأج
H54i9o,حخغيقو
b9t4oo,بقتغوو
rfto4k,رفتوغك
rxd,رشد
l25,لأخ
z3ah4,زعاهغ
9739,قحعق
dumHth,دومحث
99u,ققو
o337e3,وععحيع
u52io,وخأيو
37r799,عحرحقق
9hw3ezh,قهوعيزه
3537,عخعح
mh75so9i,مهحخسوقي
9nx9,قنشق
at9t34th,اتقتعغث
y7n992,يحنققأ
2ey4w,أييغو
5sshz,خسسهز
49r4tzd,غقرغتزد
2tha5,أثاخ
kwxy,كوشي
f4o2k,فغوأك
x39l,شعقل
bffdm,بففدم
mzyzn92,مزيزنقأ
2r9443tl,أرقغغعتل
4sH3i,غسحعي
4x357,غشعخح
22w4f9bh,أأوغفقبه
24f,أغف
do5x2s54,دوخشأسخغ
Hij73fdz,حيجحعفدز
479oau,غحقواو
nx9de,نشقدي
if9He9h,يفقحيقه
Hr9zn,حرقزن
xHj4xy,شحجغشي
4mxHs,غمشحس
92m,قأم
euel2y,يويلأي
2uf2e,أوفأي
tm2Hw,تمأحو
f2byn9,فأبينق
3i9d,عيقد
ul9xf,ولقشف
4k55mth,غكخخمث
2x2th595d,أشأثخقخد
thedlol,ثيدلول
th2z,ثأز
th3ux4,ثعوشغ
omf3,ومفع
9zy97lt5,قزيقحلتخ
e92l5n,يقألخن
ufxth9,وفشثق
xlt2,شلتأ
32rd9,عأردق
t9kz59H,تقكزخقح
7h4m,حهغم
3k4th7d9,عكغثحدق
h3mk,هعمك
o34oy9m,وعغويقم
2f43ie,أفغعيي
b35,بعخ
92oaxxzd,قأواششزد
5343d5,خعغعدخ
44x4dh5t,غغشغدهخت
xawl9,شاولق
795nHr4z,حقخنحرغز
uaH,واح
7s2zb,حسأزب
szmt2,سزمتأ
5k54emj,خكخغيمج
a22th,اأأث
z2l5ythk4,زألخيثكغ
xbidx3,شبيدشع
s4be2,سغبيأ
423j9d3,غأعجقدع
dx24wthd9,دشأغوثدق
29th497rz,أقثغقحرز
2id,أيد
x5h,شخه
9n4x,قنغش
4xH,غشح
ah24,اهأغ
zx4x4,زشغشغ
27o3e4u9,أحوعيغوق
2zy5th,أزيخث
a59abl,اخقابل
xth45,شثغخ
2lH3,ألحع
ea5m,ياخم
b9a,بقا
3izth2,عيزثأ
uuos9x22,وووسقشأأ
9myf,قميف
4H32,غحعأ
9wb4w,قوبغو
bje,بجي
zy5hbbd,زيخهببد
x97f44bx,شقحفغغبش
thxowf2,ثشووفأ
5bx9a,خبشقا
m7kfthy3,محكفثيع
sw23xf,سوأعشف
4nmzr29a,غنمزرأقا
mix3z4,ميشعزغ
xk427,شكغأح
3r592z,عرخقأز
9bxx2,قبششأ
o35l4y,وعخلغي
m9j,مقج
44th5f43,غغثخفغع
xy5b29w,شيخبأقو
94nh,قغنه
5a44,خاغغ
x42rthdxy,شغأرثدشي
jh54534a,جهخغخعغا
ebh5th4,يبهخثغ
2ffja9l,أففجاقل
4H5x,غحخش
b3j45k5,بعجغخكخ
3wjH2,عوجحأ
xrdhwjthe,شردهوجثي
4k95h2x9,غكقخهأشق
33nde,ععندي
39n,عقن
h5x3,هخشع
zattthH,زاتتثح
d7j223k,دحجأأعك
3x4x43nz,عشغشغعنز
5k9HHn3o,خكقححنعو
5t7zx5,ختحزشخ
ki9ur,كيقور
5xzu9l3,خشزوقلع
4dx,غدش
Hit2je9,حيتأجيق
l3n4,لعنغ
7kth922,حكثقأأ
xj3ja,شجعجا
o5y73a,وخيحعا
xo5xk7,شوخشكح
4x3d,غشعد
f9u5on,فقوخون
e72aaas,يحأاااس
z4emxd4,زغيمشدغ
52e,خأي
734a7,حعغاح
Hmmth9,حممثق
tdlsk,تدلسك
9xxl5iz,قششلخيز
a2u,اأو
x5xx5ot,شخششخوت
n4i5,نغيخ
l5x94342,لخشقغعغأ
x5sizh,شخسيزه
einH22th3,يينحأأثع
9sa4,قساغ
252,أخأ
j9b,جقب
95twt,قختوت
3H3f,عحعف
k52l,كخأل
7ml9a,حملقا
r5o,رخو
mr4597,مرغخقح
hsm32b,هسمعأب
od39f5wy,ودعقفخوي
2ew2,أيوأ
dai3,دايع
3th3wzr,عثعوزر
7u5,حوخ
x3o9x4,شعوقشغ
4tdzzy,غتدززي
x559347b,شخخقعغحب
x5mh35,شخمهعخ
72thhh294,حأثههأقغ
h2tm5h4,هأتمخهغ
xx4b,ششغب
lhxs9ith2,لهشسقيثأ
zkxx,زكشش
4r99t,غرققت
95u,قخو
H4f4,حغفغ
dh4xi9,دهغشيق
Hx99,حشقق
43H9uth4i,غعحقوثغي
wxjbhro,وشجبهرو
w45x59,وغخشخق
hx22i,هشأأي
bzwm53lb,بزومخعلب
xh5az,شهخاز
y2m9H23,يأمقحأع
ttofw,تتوفو
ay3w52,ايعوخأ
xiw4m9,شيوغمق
x4lr9ui,شغلرقوي
b7s,بحس
bx3lmmi,بشعلممي
34iu23,عغيوأع
2yo,أيو
l4hzn2,لغهزنأ
49x2,غقشأ
b74,بحغ
955r,قخخر
x954,شقخغ
sl9r2,سلقرأ
24wx,أغوش
559x2ioH,خخقشأيوح
532n4,خعأنغ
2y73ik5,أيحعيكخ
ma9b,ماقب
749e59d,حغقيخقد
abn2rz3t,ابنأرزعت
xt3e,شتعي
3bazHx4d,عبازحشغد
9l2,قلأ
39yrjt9,عقيرجتق
2452aw,أغخأاو
l5x27hf,لخشأحهف
amw44niu,اموغغنيو
syy,سيي
9399krbx,قعققكربش
b3l52ml,بعلخأمل
2x4,أشغ
axiu2,اشيوأ
z4tl,زغتل
txmx2,تشمشأ
27f,أحف
wxoo79kl,وشووحقكل
th2ubo24,ثأوبوأغ
749kmwH,حغقكموح
9xn353H,قشنعخعح
3eauw9xd,عياووقشد
r94Hs24,رقغحسأغ
xz9994,شزقققغ
ia3,ياع
2thr,أثر
rb9f,ربقف
th3x,ثعش
4xd,غشد
hkz,هكز
la7r4w,لاحرغو
i592,يخقأ
9x3m34n3,قشعمعغنع
abn4k9sa,ابنغكقسا
y2k9hwhth,يأكقهوهث
exzztho9,يشززثوق
545o3,خغخوع
j9whb,جقوهب
4nxw4f4H,غنشوغفغح
xH2wyk,شحأويك
4rys5,غريسخ
HH9d,ححقد
b5dzd254,بخدزدأخغ
2jn99H5,أجنققحخ
x9fi,شقفي
2432s,أغعأس
tll3wax,تللعواش
5H3dd9,خحعددق
9345,قعغخ
thfr2,ثفرأ
zd93,زدقع
uH954mh,وحقخغمه
izzy9fx,يززيقفش
th4j,ثغج
2uk3xi4,أوكعشيغ
athhth,اثهث
x55Ho9,شخخحوق
ojx5992,وجشخققأ
5zaxm2,خزاشمأ
3w5o,عوخو
5t93423o,ختقعغأعو
97theh5,قحثيهخ
9Hhz,قحهز
e4tth29,يغتثأق
4jth,غجث
jxl57n2,جشلخحنأ
n5xyi,نخشيي
92sthj,قأسثج
jekz4,جيكزغ
illx,يللش
thxrj,ثشرج
9th55mlxb,قثخخملشب
xlxh9,شلشهق
x2o,شأو
dHr22,دحرأأ
73r,حعر
x9y7l,شقيحل
e2f3,يأفع
2539,أخعق
ym55,يمخخ
a5k349,اخكعغق
3d7kth,عدحكث
95yj3,قخيجع
2zelyt,أزيليت
zn2,زنأ
4lxthHz,غلشثحز
7ra9i,حراقي
3x7xHmnb,عشحشحمنب
zf3aams,زفعاامس
9uh,قوه
z92i3d5,زقأيعدخ
299oHw4,أققوحوغ
32thi3,عأثيع
ufyx,وفيش
275,أحخ
4e4x,غيغش
hko5r32,هكوخرعأ
ww3i5,ووعيخ
xk9r,شكقر
ff3,ففع
dmyjsr,دميجسر
3re,عري
u4i,وغي
ykxx2,يكششأ
5dxz5thw,خدشزخثو
dtk29fao,دتكأقفاو
9yi3th9,قييعثق
di45,ديغخ
t3447ehz,تعغغحيهز
on7yHn,ونحيحن
5s7uj,خسحوج
em4ekmt4,يمغيكمتغ
addh7w,اددهحو
m53,مخع
33zry,ععزري
2ims7H9h,أيمسححقه
dHu,دحو
9iH9xax,قيحقشاش
H24bth2,حأغبثأ
en523x25,ينخأعشأخ
k9rfk75,كقرفكحخ
5xxno,خششنو
mmul,ممول
w3th49,وعثغق
yx322lk2,يشعأألكأ
thjkx3kd,ثجكشعكد
xnxj33,شنشجعع
HxH59,حشحخق
2u5,أوخ
yn45th2x,ينغخثأش
424a95,غأغاقخ
wzek2l5,وزيكألخ
3y22h,عيأأه
ewjw9,يوجوق
wxx34,وششعغ
bfe,بفي
zxrrz,زشررز
wHik,وحيك
4j9H,غجقح
ewh2,يوهأ
lw5x3,لوخشع
zri3b32,زريعبعأ
zz3,ززع
l7a24x,لحاأغش
ad5m5k2,ادخمخكأ
3rab7,عرابح
5zzrb22d,خززربأأد
44x3dxj3,غغشعدشجع
4xtht,غشثت
n2yj5,نأيجخ
h5423d,هخغأعد
2fray,أفراي
35oek3,عخويكع
3wx9Hth,عوشقحث
kwmlj393,كوملجعقع
33H9x,ععحقش
23sfdie,أعسفديي
H7759,حححخق
th2fx,ثأفش
zo9ew,زوقيو
zd573,زدخحع
2x94n,أشقغن
a5f,اخف
z27th,زأحث
3Hs,عحس
22b,أأب
3xmx,عشمش
5no3s5,خنوعسخ
455r5,غخخرخ
thftns,ثفتنس
42o,غأو
uthy3,وثيع
ioH,يوح
o3f55j3,وعفخخجع
x5f2r5,شخفأرخ
32h2,عأهأ
blwuxm5,بلووشمخ
s5tsb,سختسب
hfl2szyH,هفلأسزيح
5jx3x3t3,خجشعشعتع
eHy,يحي
5sox3,خسوشع
529n,خأقن
49n23,غقنأع
rfHf,رفحف
yHx9ob9j,يحشقوبقج
kx79,كشحق
k2z,كأز
dhm97hxi,دهمقحهشي
5th92b,خثقأب
3thi,عثي
xw4kb,شوغكب
fj4,فجغ
9xfu5m4k,قشفوخمغك
x2jlxx,شأجلشش
79t9ntho5,حقتقنثوخ
ax9H,اشقح
ma259w,ماأخقو
n4o44y9i,نغوغغيقي
d5in5xet,دخينخشيت
hz5xm2,هزخشمأ
fb2eHj2,فبأيحجأ
5xttz7,خشتتزح
5re25,خريأخ
thunui27,ثونويأح
xf29,شفأق
95oxh23e,قخوشهأعي
9sw33,قسوعع
2dd7,أددح
ha3i,هاعي
yeb,ييب
xt32kla,شتعأكلا
rjdth2h2,رجدثأهأ
nsxhthwww,نسشهثووو
95no3H,قخنوعح
xl5b5,شلخبخ
th3ro3h,ثعروعه
32oH,عأوح
29xs2ow,أقشسأوو
x3i4z,شعيغز
hzoh34,هزوهعغ
s7ryba3,سحريباع
9kur,قكور
wy9,ويق
4thnxb,غثنشب
43yx5233,غعيشخأعع
4u2dy25n,غوأديأخن
5ohx,خوهش
f5z,فخز
yaor72r,ياورحأر
3z9trx2,عزقترشأ
524u459,خأغوغخق
w79th39k,وحقثعقك
b52x,بخأش
s2mh,سأمه
Hx2H,حشأح
thotkdH,ثوتكدح
2a2zox2x,أاأزوشأش
zx9thy,زشقثي
ndj,ندج
om532,ومخعأ
xwex523u,شويشخأعو
2w4ex,أوغيش
5ix943,خيشقغع
aw3ky2t5,اوعكيأتخ
t524x,تخأغش
jx3au3sth,جشعاوعسث
29o,أقو
3o5tl,عوختل
unwu559,ونووخخق
3dd,عدد
w2ee2e2a,وأييأيأا
252,أخأ
5993a5,خققعاخ
434dHb,غعغدحب
b24lw2,بأغلوأ
4f39h,غفعقه
7jx442e,حجشغغأي
5Hx75n,خحشحخن
hhoj2,ههوجأ
5kw,خكو
zhn,زهن
kj42,كجغأ
9en,قين
54blmw,خغبلمو
u5z9r5th,وخزقرخث
m9i93jx,مقيقعجش
snHk,سنحك
bth3fe74,بثعفيحغ
d54x5r39,دخغشخرعق
hbxj,هبشج
zoo,زوو
inlwmz9,ينلومزق
fue52,فويخأ
e5r,يخر
dwrh,دوره
l4s95i9,لغسقخيق
wi5,ويخ
333,ععع
jsa,جسا
H2i49l,حأيغقل
e4x2,يغشأ
k4kxnrr,كغكشنرر
2d5a394,أدخاعقغ
4o5jex,غوخجيش
4da5,غداخ
f55lf,فخخلف
wk5,وكخ
mts44ix,متسغغيش
9y9m,قيقم
2mx9394,أمشقعقغ
l3533,لعخعع
ksdr4d,كسدرغد
k4j,كغج
m2393er4,مأعقعيرغ
32n3f,عأنعف
5obli,خوبلي
t4lw4H25,تغلوغحأخ
az4jw,ازغجو
49295,غقأقخ
a3ssfw72,اعسسفوحأ
seu4,سيوغ
ut5x3,وتخشع
3x9o9f5,عشقوقفخ
7m9m,حمقم
5z5,خزخ
wtj3ujH,وتجعوجح
b3r,بعر
tx3ysx,تشعيسش
t7z2y9,تحزأيق
93tuo2f,قعتووأف
t3xo4,تعشوغ
94m3,قغمع
n9m,نقم
lex93,ليشقع
jxr79x5s,جشرحقشخس
xo924,شوقأغ
kr253h,كرأخعه
yxx,يشش
35t2t5x,عختأتخش
322,عأأ
9l3x5,قلعشخ
n4zt,نغزت
m4zlx9e,مغزلشقي
2xj2sttk,أشجأستتك
yHryo32,يحريوعأ
ksf,كسف
t73,تحع
2i4f3,أيغفع
u7x35u,وحشعخو
bym3h,بيمعه
mbxtn,مبشتن
fx2kx,فشأكش
hy29dhe,هيأقدهي
m4o,مغو
xthnoy4f,شثنويغف
3x3ew5,عشعيوخ
9535st3,قخعخستع
dj43jth,دجغعجث
2e9xi5,أيقشيخ
9ju,قجو
xxw4xH9,ششوغشحق
y3dxy5,يعدشيخ
2rb9h,أربقه
45x44,غخشغغ
s2jthns9x,سأجثنسقش
koe9,كويق
ukxzb,وكشزب
9d5b5ox,قدخبخوش
x5H3th5,شخحعثخ
39433b,عقغععب
m5H2xhux,مخحأشهوش
59txxwh,خقتششوه
i2u9,يأوق
y323nly,يعأعنلي
3sHb,عسحب
yd5oba5,يدخوباخ
29ybth,أقيبث
nthl,نتهل
z2rx5h2,زأرشخهأ
xz59xo,شزخقشو
4eny,غيني
y5yix32t,يخييشعأت
439,غعق
l29Huxth9,لأقحوشثق
lod3x5e,لودعشخي
xt52h33s,شتخأهععس
99422,ققغأأ
x4h5rt,شغهخرت
332i4d5k,ععأيغدخك
oot243,ووتأغع
m4293,مغأقع
dbe,دبي
3x9tn,عشقتن
f2wyk4o,فأويكغو
2hst954,أهستقخغ
o34tzx,وعغتزش
5ufhmj9,خوفهمجق
e4h2xal5,يغهأشالخ
tthxn,تثشن
2x93am39,أشقعامعق
93544x,قعخغغش
9lynw,قلينو
43z,غعز
2xi,أشي
u5n5th5w2,وخنخثخوأ
3x4,عشغ
rmx9,رمشق
2235932,أأعخقعأ
r3tra,رعترا
35thox,عخثوش
xtm99,شتمقق
a92,اقأ
oHl4,وحلغ
zzzj2,زززجأ
4si,غسي
jx9bdm54,جشقبدمخغ
mx375s3j,مشعحخسعج
54maw5n,خغماوخن
lo5nsr3,لوخنسرع
k9297H3,كقأقححع
92ux,قأوش
oijzHko,ويجزحكو
u3mfl,وعمفل
22z99b3,أأزققبع
335e7,ععخيح
ml3w,ملعو
95n5ux,قخنخوش
9eo,قيو
3z3e9,عزعيق
9wxlH,قوشلح
z2s59s,زأسخقس
tb32295,تبعأأقخ
itm,يتم
klu543x,كلوخغعش
52s,خأس
jthu,جثو
aae4o,اايغو
2ty35,أتيعخ
7x32x,حشعأش
d3wl95,دعولقخ
4os2zt,غوسأزت
4x5im,غشخيم
njthfzu5i,نجثفزوخي
H9z3x,حقزعش
xkth,شكث
x2zz3x,شأززعش
37yj7233,عحيجحأعع
xu4x,شوغش
24th,أغث
x242fxd,شأغأفشد
sfx239,سفشأعق
xk9,شكق
9y3,قيع
b9b94xr3,بقبقغشرع
2xlt55,أشلتخخ
idHh,يدحه
Hz27395u,حزأحعقخو
x5f,شخف
59h7,خقهح
l2H,لأح
35uf,عخوف
zo33x4kk,زوععشغكك
en7bth,ينحبث
n5b,نخب
b49,بغق
7ob,حوب
5H7mz,خححمز
zjdx,زجدش
xwyex79,شوييشحق
x93,شقع
2ef,أيف
9hfwuy2,قهفوويأ
z5e5dethH,زخيخديثح
9zxw5r,قزشوخر
Hth3ixl7o,حثعيشلحو
92yx5,قأيشخ
35blH2n,عخبلحأن
fth4x5,فثغشخ
x4m9f,شغمقف
ufm45s5m,وفمغخسخم
fbnb5y,فبنبخي