reel_comment,La première fois que l'honnêteté voyage avec Ghadi à Marrakech,,
reel_comment,Viva khwa lah i3awonik o tari9 salma,,
reel_comment,Lah m3ak 7awl akhouya,,
reel_comment,Hhhh drari matqlqoch rah ghi talqinha kain likai3air om3asb fhala habsino ikhorj rah hadchi likatsm3o mamnoch,,
reel_comment,"Nariiiii wach kayn bo3o hhhhhhh",,
reel_comment,Hhh h1 wa7ed benj,,
reel_comment,Li mafhmch z3ma rah hlef w thnet w kaysom 3j het hlef blah w machi 1000 whda tmnah hhhhh,,
reel_comment,Khoya l3ziz dima kayn,,
reel_comment,Wax ntoma khot ola,,
reel_comment,Ch7al had l piscine !?,,
reel_comment,"La li kaygolk gs we tenere t9al chof bnadm ka tchof m3ahom ro3b hhh",,
reel_comment,Ou cfmoto 450 mt 800 dyal voge,,
reel_comment,Si normal mli kat3ammar motor ou katgrati vitesse kaydir dak sout,,
reel_comment,Had sot kay3ach9oh ghir hrayfia,,
reel_comment,Ana ra eandi gha cimatti mt05 makin gha tfargi3,,
reel_comment,Tagiw madam elbakkali tchof hadi hia w mha,,
reel_comment,Kon mChiTo so9 bansoda,,
reel_comment,9alt lih 3ndak tchod diya lor,,
reel_comment,Slm khouya walid 0656608916 allahe ikbre bik bekhit nehdre me3k,,
reel_comment,Fobya dyal bne nseer dart khdemtha,,
reel_comment,nadi akhoya rir lblya b3d mnha lah ishl 3lik,,
reel_comment,Hna mn 2003 lhih kyjini bhl ila m3xnax g3,,
reel_comment,Hiya ana cherft hhhhhhhh ana 1992,,
reel_comment,3lach kathwa,,
reel_comment,Dalta ma hum da akhtar munz kare deer zyat halak we,,
reel_comment,3lax a5oya mili katkon m3a s7abk katd7ak ou m3a 5ok m3asb,,
reel_comment,Jaybin mklkh b7al lmoutchou okaysnaw l7l9a tnjh,,
reel_comment,Rmook 3aref tri9o om3alem .professionel.mochkil f les voiture des particuliers.,,
reel_comment,Wch katfra9 bin niveau ou temperature,,
reel_comment,zite a khouya ma aytle3ch l aspirateur ?,,
reel_comment,Makanmchich lmrjan y3ni nhar nchofk an9m3k,,
reel_comment,Hiya ah wlk bch lkaki takhdo b 9dh 10dh o tbi3o b 28dh 30dh c pas logique,,
reel_comment,Amin ana f lalaman,,
reel_comment,"3lach kayd7k bzez wach hadak gal chu haja kad7k wla ana mrid",,
reel_comment,hwa li dar chi sbla Bach hya dart haka,,
reel_comment,Ahsen meroki fl l3alam tahya,,
feed_post_or_comment,Ah ana kan3rf oujda,,
feed_post_or_comment,9an3ihom akhti ana ma3endiiich jehd,,
feed_post_or_comment,"khliw koora lwste ou ayrj3ou bjouj yn3sou loure",,
feed_post_or_comment,Imta lmatch be3da,,
feed_post_or_comment,"nika7 lbassari",,
feed_post_or_comment,M3rfatchi regragi fra3 luis enrique,,
feed_post_or_comment,5as mn daba nl9aw hl ldifa3 Hit ila mchi basis yamik farah s3ib Hit chrfo wradi yzido ychrfo had 7 chhour hhh,,
feed_post_or_comment,"kora ghdi tb9a f centre mghdich tl3eb hhhhh",,
reel_comment,3rafti 3lach radi tabda tasma3 chi r9am khayaliya 1000 hp rada twali bhal 200hp daba,,
reel_comment,La passion Klma mayfhmha ghir li 3aychha,,
reel_comment,La passion kAlma ma mayfhmha ghyr li 3aychha ultras per la vita,,
reel_comment,dakchi 3lach l3aba d barca makaytsaboch f ligament,,
reel_comment,Awdi lah inajik man wahad no3 taikon kabar m3a la3yalate walh ima ihayad Lik taikon masmom okanin wld lablad taidrab 3lik gir FAL mraya tai3tik tri9,,
reel_comment,3ajbtni hulix,,
reel_comment,"RE DA hna",,
reel_comment,3awtani ghadi yjiw 3andk nta mdouble man liman w kda hhhhhh bnadam gha sama3 b tri9 w sfi,,
reel_comment,Doz l3ndna,,
reel_comment,ba9in wa7lin f 2006,,
reel_comment,Hhhhhhhh machatich toit panoramique tilas9ouh,,
reel_comment,Onta so9k,,
reel_comment,Lhayaaat ghyer 3adiila,,
reel_comment,"Bnadm mchal9mo lhsad, lah isahl 3la kol wahd",,
reel_comment,Wayli ma ti tmazakche lagnawi?,,
reel_comment,kant kantsnah y9ol lferda sa3a khaf ydikala,,
reel_comment,Mike dean li gadd lbeat machi Pharrell,,
reel_comment,3adie ana okandirha,,
reel_comment,Ka yriskiw wla nta rah z800 wla 1000 rah ila jrit 90 wla 100 rah b7ala 40 hhh homa yjiboha f rashom,,
reel_comment,Hadak machi dada ?,,
reel_comment,Awdi gal lk f l 2M f l aoula hhhh,,
reel_comment,"Borojola hada classement des films d'actions machi braquage. Rak zgalti the town, Headhunters (2011), Mesrin (vincent cassel ) , Now you see me (2013), Tripple Frontier, Inside Man ( denzel W) . L'idee hia anaho l'evaluation du film en se basant sur le… En voir plus",,
reel_comment,"No inside man , man on a ledge , the town , the bank job khuya ra2yok yo7taram mais khas bzf dyal les modif",,
reel_comment,"Tu as totalement réson mon frère, ça m'a déjà arrivé,",,
reel_comment,Maybe the Best M5 ever exit the E39,,
reel_comment,All I see is CR7 REBORN,,
reel_comment,"la akhuya, hada l7ulm dial hergawa",,
reel_comment,Mais 3lach meskin,,
reel_comment,Ghadi tkoun ahesan lahda f hyato … En voir plus,,
reel_comment,Ga3 dakchi lighydir m3ah mcha dewzo wja,,
reel_comment,"Said Lasmar hyad fik had lkhdaym",,
reel_comment,Khoya Seraha fhad lwa9t bnadem idkhal so9 raso 7san lih,,
reel_comment,Slm Khoya ana kahirafi flamikanic essence normal ahsan,,
reel_comment,"Khoya Ayman Jbari fkkr mzyaaan f chi 9iissa li tji mea had lkhir likadir bravo elik mais rah ila makant hta qiisa w makanoch l missions ra bhala makadir walo w alah iwwf9ek a brother rak nadi",,
reel_comment,4 drari 250dh l wa7d villa mkriya l nhar b 1000dh,,
reel_comment,M3a galtha Lik m3a mchiti kriti Villa m3a chi 15 lwahd,,
reel_comment,3ziz 3li wkh mkn3rfkchi,,
reel_comment,Katl9ah umi ma9arich edayro tema,,
reel_comment,Radi n9alab 3la war9a,,
reel_comment,Saraha wa3ere dirohe blile,,
reel_comment,Fg3 videos tadwi abch dwi,,
reel_comment,"Chef ali tbarklah o machallah 3lik , ki 3jebni kifesh ka tpartager lma3louma m3a nass ,",,
reel_comment,Ma dirhach mni 9elet swab had la mousse li kathder 3liha Smitha mousse bavaroise li katkoune a base de la crème anglaise + la crème montée+ parfum ola arome au cho… En voir plus,,
reel_comment,Chnu smit sebardila li labs chaos,,
reel_comment,"Ayman Ouali hak had Mahmoud 3alam",,
reel_comment,Wa hia lm3lm,,
reel_comment,"Oussama Abbou Mohlika officiel rajal alik akhali khasak trayah meah Bach tbadla rayyaa dyalk nta Aslan rtitab alkaekae bhalak nta Rak 3arf blamat ngolk hchamt nsabak tn9az ala rajal alka3ka3",,
reel_comment,Bsa7tk,,
reel_comment,He's being doing great since joining CR7 the GOAT...SUIIIII,,
reel_comment,Sir ya wld 9h galik mhamcha,,
reel_comment,Machaellah 3la lhayat tabi3ya otahyati okhti lghzala lmouhtarama thouraya,,
reel_comment,Khoya birojola ila makintiw kadir loton ohada howa sawtk rah bzffff akhoya siiiir lrap makrahnax kon lahti lina xi track akhoya xkon mtaf9 m3aya,,
reel_comment,Tbrklah 3lik,,
reel_comment,Mabghithach lik koun b9iti fzn9a sohil hram 3lik,,
reel_comment,M3rftch mnin kyti7o 3lik had l afkar hhhhhh bravo lik,,
reel_comment,Abdelaziz El Makoudi hada tena wlh,,
reel_comment,Hhhhhh gha blati ghadi tkhlees mazal,,
reel_comment,layn3ltbonmkmo,,
reel_comment,Meb huas aw maiv mob li cas naj thov teb o,,
reel_comment,Hhhh 3alm dak khona,,
reel_comment,"Rida Touil howa wla maxi howa",,
reel_comment,"Khalid Orao lakhor li kihssab lih ra kigol chi haja fiha sdae hhhhh",,
reel_comment,Tara b9alk gha tnikoo,,
reel_comment,Hhh ana wahd khona f mkenas chadin 9hwa kantssnaw constator hhh,,
reel_comment,nari ach gal,,
reel_comment,"Oussama Amiri hhhhhhhhhhhh nta",,
reel_comment,kolba hadey tiri ilmaha hakaa seexdaano ma foga,,
reel_comment,O9sim billah wahed nhar kont mor wahed Sh labes casque dyalo we9afna fdaw hmar kanchof fih fhal hayda hbet ftah topcase d motor jbed mno chapeux d gucci olebso orja3 casque khxah f baliza dmotor hhhhhhhhh khesara kan khso itsewar hhhhhhhhhh,,
reel_comment,Hada howa ljadid,,
reel_comment,Katsd9 ghir mra,,
reel_comment,tbarkllah 3lik,,
reel_comment,dirlna yrhmlk lwalid 3la z1000 z800,,
reel_comment,Lmraya dial l7ala9 : vu,,
reel_comment,Lwlidd 3andk bki kyfwj,,
reel_comment,Rijal Bissoumat Youssef kolchi 3lih lah yhafdo likom,,
reel_comment,"But Star Haaland 5mins",,
reel_comment,Walh akheya ktechafni m3raftche 3lache 3inke daimne fiheme lhezene wlhame lhe yefawjha 3like akheya,,
reel_comment,Lach za3ma mhayd cabli dyal kontour Bach troch fin tbri tbi3ha tgoli Kant ra wa9fa hhhh hawl maroc mazal macharyan mochkil fina hna tanrocho ra ba3diyatna,,
reel_comment,"Hhhh ishb lik ga3 nass kaykloo tban yak wa5a ta7d lih ta lmkina gha rata7 awdi ajami",,
reel_comment,Subhna lah hasit bik bhal li khalast a3lih ana llah isahal a3lik,,
reel_comment,hchouma 3lik a Sahbi mwalaf ta3ti l Dari li péage 9ar3a o choklata hhh,,
reel_comment,5aiinin hh,,
reel_comment,Momkin na3rafe fin kin fmarakch lah ihafedak,,
reel_comment,Khona ma kay 3arfch yrwed w7ech,,
reel_comment,"Mostafa Él nta hhhhh",,
reel_comment,Lmorphine ay9ona,,
reel_comment,lbkya li dart moura lbac hhh,,
reel_comment,Hadik casa f anfa 3rafta ghir b dik Hôtel D Barcelo Hit Kont kanmchi Tma Bzaaaf,,
reel_comment,"Yassine El m7arech b khooh",,
reel_comment,"Abdeladim Taté bhala nta dawi m3a mohamed",,
reel_comment,bach 3raftih kisra9 wifi hhhhh,,
reel_comment,Bin o bin Rap Ghir lkhair o i7san,,
reel_comment,Mliii7,,
reel_comment,"3ndo mouchkil f compressor, li kaykhdlo khso yriglo Teclab BA 2A",,
reel_comment,Kane la3ib ta wla himar wahchi hhhh maystahlch il3ab had la coupe,,
reel_comment,"Amine MA tra lia had lblan m3a sezar dial ichahrar Lah irahmo",,
reel_comment,Mero bichar ma xori ko photo dekhaudai xin Rekha thapa le,,
reel_comment,Kifach bloc 2 dima tatgolha,,
reel_comment,"Hâķïm Bøúohoya galeeh ja3raan rah machi howa",,
reel_comment,7na nchodo wsafi asi hsan nmchw nt3lim sia9a mchiti ntresian chmali,,
reel_comment,Awdi dak vis kayn f ay wahd 3ziz 3lih motor ta7iyati khoya med,,
reel_comment,Ghi M2 hsen men had chi hhhh,,
reel_comment,Kon khriti fdak studio wmatghnich had lhmoda tzzzzzz a izlan okhna,,
reel_comment,1000Dh rah thyd lmaja3a mn soudan aw9,,
reel_comment,Ara 3liha chi 2 ans l Mahamawda,,
reel_comment,Mahmoud howa next fda7aya,,
reel_comment,Kyn fr9 bin krwazma mt9ada obin droba rah lknti ghdi fTri9 kbira owhd khrj mn drb rah mkhskx t3Tih asb9ia,,
reel_comment,dir lina chi video rla lmontage dyal les fares secours o 4 Signal. lah ihfdek,,
reel_comment,Mn3 hsn lik,,
reel_comment,Drari fin nl9a album dialo ? Wach spotify ?,,
reel_comment,Matgolch haka rah aykherj ybda ybki 3awtani kif l3ada hhhhhhhhhhhhh,,
reel_comment,Hhhhhh nadi derti dak demo oghnia deyal laaras kayn a 3chyri video ghanpartajih nadi nadi kokchi aala moulat sefar,,
reel_comment,Hafifak allah et bonne courage et bonne continuation.dir lina almarra jaya alhadra dyal oujda et taourirt.et berkane,,
reel_comment,Khoya zide 3liha za3tare otouma otfakarni bhalaha kansayboha fcasa Ana wahade mnhome otahiyati,,
reel_comment,"Wadie Gr 9bel maybanlk lvid ra wlhta 3mrni drtlk chi l3ba bhal hadi hhhhhhhhhh",,
reel_comment,DFK hiya,,
reel_comment,K tkhadat hit jaya mn kaliémie hit potassium hwa lkythkaam fiha,,
reel_comment,Flawl bda kid7k 3lih hhh,,
reel_comment,Chi nhar adbr 3la lmontif 7di rask,,
reel_comment,Li bgha marhba bih f lhay mohamadi,,
reel_comment,Ma3rfox tafo9ax magtlox maw9fin 3la 7d,,
reel_comment,Sega3e hhhhhh,,
reel_comment,Nta tyara asi esama,,
reel_comment,Hrb mn lma lytrch fih,,
reel_comment,walah HTA ana kanchfom kayd5ol 3liya law9at,,
reel_comment,Yalah wliti kat gol 3arf rassi fotif hta 9ayadto o galha lik constater hargawa katro,,
reel_comment,Ma c’è la puntata di quando fermano Fassino?,,
reel_comment,Han yiniharu le ke gareko dinbharima Ek pawa maxa Pani paindaina lek dui wata gangsta gadela bahek teti sanu khula ma ke paunla ?,,
reel_comment,Hada sads,,
reel_comment,Yak kan gal feh 1.80 fe stream ?,,
reel_comment,Hadi Hadi,,
reel_comment,7ta daba lmra 7sn mn rrajl,,
reel_comment,Sbhan lh nta ou shabk baslin t9al ela l9lb,,
reel_comment,Mliha Ila Kant n9a khososan rabbit o pacific,,
reel_comment,HTA match wakha 9lila chwia.,,
reel_comment,Golf 4 d origin o n9a design hareb kanet 3andi pacific bnadem rakeb fhdid haute gamme. Ntkrwaza m3ah maymkench matirch intibah,,
reel_comment,Ah akhoya. Matkhaf ma walo nadi,,
reel_comment,Had jrad chhal basllin,,
reel_comment,nta bark o katlss9 fena chii kaliimat,,
reel_comment,dik samsung dayra meak lmzyaan hhhh,,
reel_comment,"Ban nta 3endna ndiro lik tahiya okhawiya 3la had lhedra likatgol merhba bik oweld l,,,,",,
reel_comment,6 ceylander kola ciylander 3.6L max speed 234km/h mochkil li kan howa seystem d'injection classic kon kant la novell jeneratoin d'anjection kon chdat 360km/h bhal la3b,,
reel_comment,"Youssef ana wyak fkola mra knglso bjoj hhh",,
reel_comment,7mar mol tomobil lokn 7bass ychof klab wachta sralo onsniya m3ndouch,,
reel_comment,mazot wla haz lisans khfti ytfrg3 wla tch3l 3fya,,
reel_comment,hrab fiha jonon l3adama ol wswas dakchi bach galt liik darori nhdar,,
reel_comment,mero: chda9 rzal,,
reel_comment,Knt dak nhar m3rfto Mnin tl3 hhhhhh,,
reel_comment,"Moaad Zahr ha nta mo",,
reel_comment,Waliti kat3atal khay dalali,,
reel_comment,Salm li3andha machakil fdar m3a l3aila ola m3a zawj tji lkhas marhba atrhmliya lwalidinLibrat nkhdam liha hadi da9a batla iji kayjri 9assmn.bila 3andi wahd lkhdma wa3ra fhadchi librat tjini lkhas,,
reel_comment,Nta li mchmoot,,
reel_comment,Wlah a hbibi ta kent hass bik 9aysek lma,,
reel_comment,Bsshtkom 3aychin l7ob,,
reel_comment,Dk kricha 3adak dima hadra hhh,,
reel_comment,3anmot hhhhh,,
reel_comment,Sir t9awd,,
reel_comment,Khoya rak nta li mklakhe machi indriv,,
reel_comment,Rafi999 dima wac m3ak hamid ctm station kech...hhhhh 3alam,,
reel_comment,Tkharbi9,,
reel_comment,Li fih dam kaytakhdam taksa o nsa o hdi trimtak had khatra,,
reel_comment,Hadak dayer green screen ou l7mar dayer FIH 39lou,,
reel_comment,O 9bal 5 ans,,
reel_comment,Hada rah dilyas kho ilyass,,
reel_comment,"Ilyas elmaliki yaaaaaa had rajel talach 7assnti le7ya yahad rajel",,
reel_comment,Ya rrabi tassma7 lina wlik,,
reel_comment,Ma3raft 3lach makadkhol lkhatar,,
reel_comment,Hosam 3chiri slm 3lih bzaf,,
reel_comment,Is this for the 24th or 25th,,
reel_comment,Khouya hamza al3atifa la khafifi mn nytk..?,,
reel_comment,Ana kanbghi raja walakine hadi a kha Hamza hi khriti fiha . 3la smiyate kidairine Khafifi maysstahlch ta dak tenue Banoon li 7ssen menno ou mal3bch kan doublure machi assassi,,
reel_comment,Hadi nhar lawal ta3tik,,
reel_comment,"Mehdi Khalouf welah ta nsa7bo tizek hahahhahahahahhahaha",,
reel_comment,Hhhh tahowa Kan Mikhali bhalna hhh loudaya,,
reel_comment,Wa ls9aaaa,,
reel_comment,makayn li sifat pause gadak nta,,
reel_comment,"Had zbi dL'morphine m'inspiri mn dexter rule number 1 ftmerphine hiya ""never go to prison""",,
reel_comment,dal3lo raso,,
reel_comment,"Abdouelali Harkouzi der nefs à sa7bi",,
reel_comment,Ismail Lmesfioui hh hadchi li Ghadi ngol lik,,
reel_comment,"Zindin Se MOANING LI KIDIRO 97AB AFRIBABA AZBI HHHHHHHHHHHHHHHHHHHHHHHHHHHHH",,
reel_comment,Ach dayr fi wadno wach salib osamho liya wach hata ntoma chatoh ola ghir ana hhh,,
reel_comment,Wa 3la excuse ghabra hhhhhhh,,
reel_comment,"Nkwaseafo) paa ni,no wonder DL predicted the true character of 3ko)na abusua",,
reel_comment,Hmmmm....As3mooooo,,
reel_comment,Diro les signalé bach yb9a endo mod Wahd hhhh,,
reel_comment,"Nta 3andek babak, 3tak l7ayat",,
reel_comment,lah ykhlaf 3ala papa,,
reel_comment,Mdina dyal kula ydber lkro,,
reel_comment,ghi sir t9awd chibani l7atek,,
reel_comment,Tafaha hadchi adrari khsk t3ti lbnadm istafd ula stop,,
reel_comment,Farou9 dawz 3andk chi tark,,
reel_comment,Rah m3a shayabha n3al lik walidin,,
reel_comment,Wa sir t9awd,,
reel_comment,Wa lah i3tik lkhdma fzekk,,
reel_comment,Ach darti gaaaa3 sda3 ras fl mawa9i3 haw haw haw yalatif kolchi msad3o,,
reel_comment,Khdam ra nta w3mal flos rir nta alflos ali tji blhal9at nmxo n3amloham fjma3 alfna fdik mrakax,,
reel_comment,Sir tmot 10k dsargala 9lss syd o hyd mn lmizan o lbiro dyalo wa sir tmot,,
reel_comment,sir lah in3al tabon mok,,
reel_comment,Sir ghi t9wad lah yn3al tbon mok,,
reel_comment,Ktbi3 lhot fhl nas oktgol knt3awn m3a lmaskin,,
reel_comment,S7ab kerro fel 9obba dyl berlamane,,
reel_comment,Bsaliti bditi tratab dkhol so9 karak khir,,
reel_comment,Kichti nta tafartih,,
reel_comment,Hadak li wa9f f janb tl9a 3ando master,,
reel_comment,Wach fik tab3a ola kifach dima chkawi,,
reel_comment,Nta 3andk tarma kbira hhhh,,
reel_comment,Nadi akhoya oktr lina mn vidyohat dyal trinag lmostawa motawasit chwiya bla Montag rah vvidyohat nadyin brojol,,
reel_comment,Les accessoires dyal la motos très très importantes Ana andi cool @la,,
reel_comment,Hheihhrih3uggeiehi3hdhv3fj4ibcdjfhivfu dhchf,,
reel_comment,"Maybe Mouad z3em",,
reel_comment,Allahu akbar. Ma shaa Allah. May Allah accept it from him,,
reel_comment,"Ma qualle' il problema ,anch'io bacio mia figlia così, è il mio sangue è quindi, state sempre ha sentenziare, ma fatevi una vita .....",,
reel_comment,Ax had lkhra mal fmk bhala tatfrani bih,,
reel_comment,Awdi ana chari kask nadi dah lina chi wa7d fo9 motor wlha ta 7a9dni 1200dh mechat hiya li kanksb daba 3adi ta3 120dh,,
reel_comment,ana dima wlah la n3as fkhatro,,
reel_comment,Sir tahwa 9ad afomak,,
reel_comment,Ma9siyin man ch7al hadi,,
reel_comment,Kitelecharger gha mn Utorrent makinf3 b walo,,
reel_comment,Ma ki suporter 7ta chi série ga3,,
reel_comment,Oki3ti ra2yo hhhhhh game of thrones khassro 2 seasons lkhrin,,
reel_comment,Hhh chkon 3rf bli glso mora lvidyo,,
reel_comment,Lah ihfdkom mn l3in achbab,,
reel_comment,7mida setar ach kay3ti lhad nou3 selya,,
reel_comment,Khasha li yhakha mzn Bach tabrad,,
reel_comment,Khoyti 3ezaz,,
reel_comment,Dando pro max radjla ta3 doka,,
reel_comment,Kon drto porno hsnlikom men had chouha,,
reel_comment,3gouba likom 3okacha,,
reel_comment,Dkhl 3ndi l9ana akhoya dir motaba3a layhfdk,,
reel_comment,Wax yialh waslok had diask,,
reel_comment,Hta kano gor sar9o likom dak téléphone,,
reel_comment,Tafaha khashome lhabse tfouuuu forma dyal lakhra,,
reel_comment,Mo3awa9a meskina,,
reel_comment,Bdito sa3aya bravo l7acharat,,
reel_comment,3alae ma3nda walo taba3 fiha kytkom t9ylo tnfkhoo,,
reel_comment,Fra3ti lina krna akhtii nti o had rajlaak,,
reel_comment,ana ghir nhawik mn do9mk,,
reel_comment,Daba hada jwaj,,
reel_comment,Ach had rojola t 9lawi,,
reel_comment,Hada lmghreb??,,
reel_comment,"El Mehdi Gastoune jrya li kay dir rudiguer fach katkoun la3b ela lhbot",,
reel_comment,3andak l9alwa tmout,,
reel_comment,Ras 1 tjbed3lih,,
reel_comment,Ya bent 9ahba had lonika rajlk NTI ka dhri hssen Meno tanian Ra chwahtona ra F l'Europe ma kainach hadchi ya wlad lkhab o ta ila daroh Ra machi selmin,,
reel_comment,Howa beyedo khesoo li yjerii morah,,
reel_comment,Mskina m9daha farha Iwa chno ngol likom ntmna rabi yhrmna mn had chi,,
reel_comment,Hada rajil haxa Ikon rajil mafehxe nesma de rojolaa tfoo,,
reel_comment,Fin 5liti bzazlk,,
reel_comment,Nari ma3andhach bzazal Winston safi,,
reel_comment,Ha l9hiba oha swimil,,
reel_comment,Hadchi ra ki diroh gha 9lal trabi ana,,
reel_comment,Kayjri fhal chi khba fiha les règles,,
reel_comment,LA SDAR LA KARR F7AL TAYRA BGARR,,
reel_comment,Awil 3la chwha,,
reel_comment,Bghina ghir c50 malginaha 3ad super Car,,
reel_comment,https://youtube.com/shorts/kyS2yd5X880?si=Zd428bhya8U30Xvo,,
reel_comment,Dini m3ak,,
reel_comment,Sma3t had disQ fi 2018 oriskit fi 2022,,
reel_comment,Machi khayb dyotiiii,,
reel_comment,Chkoun 7assen?,,
reel_comment,Chkon rayatzawaz bwas3a tfo 3lik alkhanza,,
reel_comment,https://youtu.be/H3RN9Fz6pPo,,
reel_comment,Ba3alla wakha jalda kahla rah l9alb byad,,
reel_comment,Ahesan 3acheran lay khalikom ba3ediytkom,,
reel_comment,Sari lh sahli 3lik,,
reel_comment,1 dh la3b gta hhh,,
reel_comment,"The Yazeed's army had the head of Husain R A, but couldn't get get his allegiance.",,
reel_comment,3xirk :wax 5tk dima haka hnina,,
reel_comment,Nta :whd mistara m3rt fin htitha,,
reel_comment,Ba3alla 7agrinak aeshiriii bayan Liya,,
reel_comment,Kayn brojola apar lhmoda fhadi fhadi nadi khoya ba3la,,
reel_comment,La hadi bzaf,,
reel_comment,Ta ser thhwa ma tl3ti lya f facebook mn 2024 ylh thnina mn l7moda dylk,,
reel_comment,Ou malk asahbi a3la had alhala,,
reel_comment,Il faut ke tu fasse le deuil .te detacher .ta besoin d therapie c est tres dificile de se remettre.lah er7am hom,,
reel_comment,rebi yr7amhaaa,,
reel_comment,Fine kayna Had bali,,
reel_comment,Siri tkhdmo raskom l7lal 7diw Liya lkhwa lkhawi nas katmout bjo3 toma diro Lina lkdoub dyalkom Kayn LAH,,
reel_comment,Dake safae rire se3ay,,
reel_comment,3afak tala3ni ntoma rojola u mahdi bzff golih i thala fi khalti 3ira u gito lkahwa li keyna hda darna u machi frassi thiyati ra ket 3agbuni,,
reel_comment,Slm 3andk dyal dimx,,
reel_comment,Salam koya kasni kromi dyal rizifwar toyota 2015,,
reel_comment,"wili 7chamtoh mskin omakhlito hch ikaml n3aso",,
reel_comment,Hhhh faytli wa93tli lwalid dakhl 3lya zlajlya lbit o ana na3s hchamt nfi9 wakha kont fay9 dart rasi na3s,,
reel_comment,Hit nta kathdar ala ssah hadchi alach,,
reel_comment,"recette machi exacte tari9a dyal lkhadma machi pro mais tbarkalah 3lik zid khdam w9alab wrak radi twafa9 nchalah , gratoire hsan men lmos khoya .. bon chance",,
reel_comment,Tadkhol sari3,,
reel_comment,allah isihl 3lik,,
reel_comment,wana mnity kantsnah igol wali labsa srwal thydo sa3a,,
reel_comment,Hadi ghir ana okhoya,,
reel_comment,Gol ldak za9of dyal sahbk itkays 3la tomobil nhar tnin tkon 3ndi f l'agence,,
reel_comment,Ba7rta,,
reel_comment,Hmd lah kychg3,,
reel_comment,Sbah dar dyemak raha F7al sakna fel3era9,,
reel_comment,wach hadi la la l khnona tea7achnak,,
reel_comment,"Ayman Tazarhine had le9ta bhala fayt chayfha w ma39alt fin saraha",,
reel_comment,Amin m9wad,,
reel_comment,Ta ana nefs mochkil,,
reel_comment,chno l7al nafs mochkil,,
reel_comment,Fin kayn had bhar pirmoda,,
reel_comment,Khoya Wax mazal kaybi3 hout,,
reel_comment,The last kingdom Howa lm9awad,,
reel_comment,Rome na9sa bzaf,,
reel_comment,Mondeyal hewa li naqesna,,
reel_comment,Tri9 salama akhoya l3ziz,,
reel_comment,Salam kan mina l2ahsan dak sardine thiydi lihe sansul hawli t9adihe fdar alah ishal 3lik akhti,,
reel_comment,Concept nadi ma kayench khoh hhhhhh,,
reel_comment,Chno smiyet track li tel9ohe,,
reel_comment,dir balk 3liha,,
reel_comment,Db ghir Wahed so2al osmahliya wach t9bal bkhtek dir fhal hakak m3a chi had. ob9a i9isha o3iiiid somohat,,
reel_comment,"Askm Oud Hamza nta",,
reel_comment,Ahsan okla 3andi ana,,
reel_comment,Diha fi rasak tkon haza lbida3a idar lik b9a trakab tay rakbo 3lik chi prof,,
reel_comment,Dok la9atag dyal six jhhhhh,,
reel_comment,"Ilyàs Kidây Nta",,
reel_comment,Ba3ella bejbejha,,
reel_comment,Ma manouche?,,
reel_comment,A khoy achkdir 3ndk kniya dyli,,
reel_comment,Chno bgha warina tramto was3a z3ma,,
reel_comment,Restaurant dial hout fih ghir roz o djaj o bouzroug b 200dh wach nta labas,,
reel_comment,J'ai payé 149dh dans un hôtel 4 étoiles. Leur buffet fait 5 fois le votre.,,
reel_comment,Khouya rak rakeb 3la motor bmw rah kay7chem may3tikch tri9 machi rakeb 3la sanya,,
reel_comment,Wnta aslan tatsog sogan 3achwaii wmachi 9anoni,,
reel_comment,Over dose wla,,
reel_comment,Ana 3rafak a5ti mhtaja,,
reel_comment,Sadi9i 3aliya rajlk nahwihe,,
reel_comment,Had page mohdha li mzl kadahkni hhhhhhh,,
reel_comment,yb9a y9lb hta ytih 3la chwhd 15/15 san chb3ana 9sim dik sa3a ychof jtni ghlya xwya,,
reel_comment,Li darb hajbo Z.. 3ajbo,,
reel_comment,Allah ihfdhom lik ou allah iba3d 3lihom Cher khl9 a khoya,,
reel_comment,A7la wa7la taha I,,
reel_comment,tahiyatii lik a ba Mouad El Bouânani l9lb lbyad,,
reel_comment,Hât lfa5r ojbd dylo ogliha chaychi,,
reel_comment,Tbark lah machaa Allah charf liya nchof wld nas b7alk kikhalw whd basma zwina nas okhrin alhmdoulilah,,
reel_comment,bsaliti bazaf machi chwiya,,
reel_comment,Ga3 li 3ndo snap maxi Rajl Aslan,,
reel_comment,La grinta dyal Gen z,,
reel_comment,Ma3merni tfrejt the sopranos rir nz3em 3lih ?,,
reel_comment,Chwiiya 3la lwahed,,
reel_comment,Awadi ana Howa la3jal hhhh,,
reel_comment,"Nti li 7chouma 3lik m3edya 3la dak lwliyed, Bach m'n 79 katsouweri 9asser bidoun idn m'n 7e9ou i3ich toufoula 3adiya ou fach ikber mayl9ach video dialou f internet . Houa rah da7iya dialk",,
reel_comment,"Lah irza9naa bxi tmax wta7iyati lik",,
reel_comment,Ga3 li kadir vidéo kayl9a telefon hhhh,,
reel_comment,tiya9tk chof lokhrine wach tay9ok,,
reel_comment,Kifash o kolchi sad lhadjih,,
reel_comment,3chirek sicliss khela fiha lfilter darrori y tvérifa,,
reel_comment,Daba chni 9altilo,,
reel_comment,https://whatsapp.com/channel/0029VbBWK2dKWEKiA7YMhy3w,,
reel_comment,https://www.facebook.com/share/p/17j1DbKF4J/,,
reel_comment,Kolchi man tarbia wache fanadarek daba maa khasak hadi tarbia wache tarbia dial téléphone tarbia kadahki ala khasak siri guabli waldak obaadih man hade chi likadirih rah radi tjharji alihhhhhh,,
reel_comment,Golo 3nd mok lkbda bach dir had l3ibat bnadm mo3wa9 ana b3da makantrink ma walo nchd mok lwi lik 3n9k,,
reel_comment,Wa9ila kay3ti trmto,,
reel_comment,Hadi micro-hybrid al 7mar alors tonobil 98% essence sewel 3ad dir video al kidar o fiha ghir motor essence wahed o batterie 40 kw,,
reel_comment,"Had houa MHEV dial peugeot, ka tmchi fabor gha bach tstationne",,
reel_comment,Akhuya ila kant micro hybride rah hiya hadik l’électrique kikhdem fach kthsl fchi embouteillage w stationnement hit consommation ktkon tal3a bzaf ila b9yti dir 1er w tzid 2 khtwat,,
reel_comment,Makin la hybrid la Walo kin gha v8 twin turbo essence we tnagham lia m3a rasek ama tonobil fiha moteur dyal Moulinex gha lah yrebah biha bsahtkom we rahtkom.,,
reel_comment,Ki goul hadra li kan Qader yktbha msali karo,,
reel_comment,Khoya whd lmara kont sayg ona ntfk vidyo daylk bryt ntb9o dart ksida,,
reel_comment,Ta wach hada motore,,
reel_comment,Yaaa rbi tssme7 lia ch7al mn mra drtha ta ana,,
reel_comment,Haka rah nta kaderlo ichhar ila konhar katloho temk drari limafhmîch ra ydkhlo ando,,
reel_comment,ana a sahbi,,
reel_comment,RS7 L7a9i9a lmorra,,
reel_comment,chof ki kaytrigl 3la dri,,
reel_comment,had no3 din mo kaychof lbnat kaydsr,,
reel_comment,Wa rba3t l3ahirat o sadate lah in3alkom,,
reel_comment,Kayhsab lihom tam3in rir flflos la Ila kan rir m39ol okaybrini nmot m3ah ana,,
reel_comment,Bsah kina wlh mktbti ana w93 liya ms hmdlah bzrb tjnbt wka drb fih fjnb me hmdlah,,
reel_comment,Nta b3da rak h99tih kyti ana li dima na3sa kanhlm,,
reel_comment,Kathama9,,
reel_comment,"Parcage n9i, billet a l'extérieur wesh ghi l sehab l cup oula 9te3ti mn site dial Bilbao ?",,
reel_comment,Rbi yhfadhom mn kol char lah ykon m3ahom,,
reel_comment,Hhhhh 3ndi 6 DH,,
reel_comment,Kolchi 3la yalah khditha hhh,,
reel_comment,hada 3adi ykon weldo li hasbinah mat,,
reel_comment,Ma hdrtich 3la l Giallo wakha fiha aflam Wa3rine surtout dyal Dario Argento,,
reel_comment,Wach dak rajl makhdawch lih 7a9o man had nas,,
reel_comment,"Le7yt sa3ida berojla lahe ysree",,
reel_comment,Tahyati t5rbicha darori,,
reel_comment,"Mh MehDi lhdra litaygoliya 39li w9 had lyamat",,
reel_comment,3lach ghaber 7akimi nti asir t9awdi fin ma nhzo tilifon tl3olina,,
reel_comment,Hhh 12 lsa3a,,
reel_comment,mhamd say9,,
reel_comment,tfoo chni dk lbaas htaraam'gha dak malaeika bntk mskinaa,,
reel_comment,3lach ghaber 7akimi nti asir t9awdi fin ma nhzo tilifon tl3olina,,
reel_comment,"Bravo khay Choaaib Gamssi Men a7san nas chuftom fhad social media. Ta7yati al khawa",,
reel_comment,Wald nass kima katfar7 nass gadi ifrahak lah hadchi zwine kamal khoya chouaib,,
reel_comment,Oulaaaah ta bhali fima n9ra shi haja kanhbss,,
reel_comment,Imad badel l’far9a,,
reel_comment,Chi maw9i3 ntilichqrgiw mno aflam,,
reel_comment,Lah yjib li ykhaf elina hta hna,,
reel_comment,wta 3adna f fes hay 45 hta how khattar,,
reel_comment,Imad badel l’far9a,,
reel_comment,Bnat khashom ya3tiw tissa3 lhad domin dyal mwatar hit makay3afoch f mécanique dyal motor,,
reel_comment,Madawich 3la dz dawi 3la 9ard,,
reel_comment,Chtayha m9awda,,
reel_comment,iwa rh knt3jb wx rtkhrj bin dok rmokat kifx rdir liha allah a3lem,,
reel_comment,Rakom 7amdin,,
reel_comment,R ah hadchi li dar machi rojla kibayn fmarto godam Kolchi ou mkhalta m3a rojala wax hadi Hiya rojla ou laghani hram,,
reel_comment,"YoUu Nnsee 7lawto tal wahd 10 yam",,
reel_comment,Rakom 7amdin,,
reel_comment,Ykhwilak drase nari 3la madloula w las9a howa kay3taraf bli mabaghi walo w hya ladir harakat morahi9ine w las9a wa nari,,
reel_comment,Benni Mellal li hakma Milano A Banti,,
reel_comment,Zlaal howa li dayr 3lih lfelm,,
reel_comment,Lah isahal 3liik lkhawa dyali,,
reel_comment,"Yash Ess ablati 3lik",,
reel_comment,Ch7al dyal l3ya9a f ras l7mar wold adil lmloudi,,
reel_comment,Azabi machi Red Boll rah RedBull,,
reel_comment,hh labidyo zzwine walkine t9dre djkr bmwdme bla dake t5sswre lhdra,,
reel_comment,Wa wlad 9hab rah cha3b azbi fay9 o 3ay9 baraka men tzomil o lkdoub o ljahl o tamtil dial l9lawi diro video bsh o tajriba tkon bsh machi katmchiw chi khela o kikon dayz menha ghir hadak li atsawloh sbhana lah hhhhhh 9wawid wlh,,
reel_comment,Hadik Ila konti radi fi tri9 m7afra kharig mdina cha3alha,,
reel_comment,Wa dacia machi dasya,,
reel_comment,Lah yrz9k sa3ada khti,,
reel_comment,Wa naariii 3la kdab,,
reel_comment,Ghir lyouma kant ghadirha lia w7da ya Sahbi,,
reel_comment,Chala fach 3adi natfarjo omak katfarj fik db o3jabha elhal wasir man 9akat trabi,,
reel_comment,3 songs wa7d ynisk flakhor,,
reel_comment,Kamel broo m9awed,,
reel_comment,Kima l3ada,,
reel_comment,Cho khtna ki kt3wj fi trmtha hhhh,,
reel_comment,Knt knsena kolchi ila had l3eyba li derti,,
reel_comment,Rotary houa li s3ib z3ma ?,,
reel_comment,Ktban kilimini mn wjhQ g3ma m3wnaQ ela tcharmil a sat,,
reel_comment,9daam had lvidyohat,,
reel_comment,had disk f yamato kifach kan kaytle3,,
reel_comment,Tstmeeeee fach chfto howa kay3rfni wana makan3rfch kbhal Ila saybtiha Blige DRI morba3 lhaya ktaf morba3In howa morba3 kbhal ila kharja mn rblx,,
reel_comment,Ydal nhar kaml howa ytnmar 3la nas fi lkhar khdaha wjha m9am9am,,
reel_comment,Bghit gha n3rf had 143 fin kidi wach tacharok l'walfa yak ?,,
reel_comment,Hadik Ila konti radi fi tri9 m7afra kharig mdina cha3alha,,
reel_comment,Wa dacia machi dasya,,
reel_comment,"Yassine Oubahssise vinicus nhar ih9d mbapee",,
reel_comment,Waaaa3ibad llah,,
reel_comment,"Wa sad 9addoussak ta nta a si Steward effectivement tu trouveras pas un savant ouvrant une chaîne pour sois disant cause « lutter contre les contenus médiatiques inappropriés “ par quoi ? Par des insultes des intimidations et la diffamation, quelle en… En voir plus",,
reel_comment,Ihna lhal awdy aba yousef l3am jay aychark jalo9,,
reel_comment,Imta rayl3bo akhouya?,,
reel_comment,Ana jabtha las9a f vidéo li7titi dik lmra o 9alti li3ta ijiba s7i7a 3ndo cadeau yalah bain liya,,
reel_comment,Adak is5arbi lmsayl,,
reel_comment,Ana manharr lawal makanhmlouch,,
reel_comment,Hhh kan d3if bazaff fhad botola,,
reel_comment,Akfas la3ib falbotola la3ala9a Hada hchouma yal3ab odak lidkhal blasto iglas Bach t3arfo kora falmgharib Chi Marat wlah ila dolm,,
reel_comment,Dri lay3mr hadar d5lo 3ndo adrari diro Lh chi aboni,,
reel_comment,Kankoun f3eers wkan3ya b7ala laa3b maatsh,,
reel_comment,Lkhiir akhoya li mglb lahoma barik,,
reel_comment,At3tina chique la a khoya mabghich nachri sbitar hhhhh,,
reel_comment,Bbas n taljalou9t ilsa bda Tabliya n Total,,
reel_comment,"Abaghogh 3alam",,
reel_comment,Ah 3ad fhmna lach makynach bota 3amra flhwant hhhh wayni mosiba ntom,,
reel_comment,Hhh gha kanchofo dar lih dik chada na3rfo.ghadi ihzo bachi nas hh,,
reel_comment,Fin howa tajalo9t,,
reel_comment,Hhhhhhh khouna Dak haraka d noussair ta hed mared lih lbal,,
reel_comment,3bsi 3alam,,
reel_comment,3andkom lakhta asi yosaf sl7o lakhta daba lkar dyal lfaracha drto lih lichhar kayban zwin flakh inayk ochkighd ghyalkar n 20 dh i3amr siraran lfarach rkbna fiha lkiran dyalha mnaw3 lmomtaz,,
reel_comment,Ylh sir f7alatk,,
reel_comment,A7ssan anime dyal si7r howa magi ou. Ma3andooch cha3biya 3and l3raab ma3raftch 3laach,,
reel_comment,dak shangari la frontier wa naaaadi ta mn openings nadyin,,
reel_comment,Siiiiir 3la lah zyr kbli,,
reel_comment,Lafhmetche. An. 3elache. Makherjoche,,
reel_comment,Est ce que c vrai ça ? Naaaari ana mafrassi walo,,
reel_comment,"Siiiiiiiir à lqlw diiir chii 9alwaa f hyateeek , nTa dayer fhal wliiiiya , 7aadiii li yyt7daa w lii mayt7daaach a zb",,
reel_comment,Kayna nhar interview kat3raf rask Wach khditiha wla la all,,
reel_comment,7na dfèl 3lina f wjèhna 3lach,,
reel_comment,Khy sardli m3ak dik l9amiss,,
reel_comment,"Klamak ma39ol madaym rir",,
reel_comment,Lalo salamanca wakha chirir howa aktar wahd mahboub,,
reel_comment,rejal chi sit web ntfrju meaqom liki3ref chi site free,,
reel_comment,Jalo9 mah za isen ben bâtoTa hhh kha kran slinader pistoûn hhh,,
reel_comment,"Tatinist irkan hhhh igas lmika l9as7a Bach ATF sawet hhhh Ayoub Sskouri",,
reel_comment,"Nta m3a abonner w les vues,pas plus aji glas hna f lmghreb w tkalam w dafa3,,,34 wnta f lmghreb,,ach 3titi lhad lmghreb",,
reel_comment,"Active Mode zackester lah i3tik saha bndm rah zad fih",,
reel_comment,John wick martaba 7 hh katfrj mghamd 3inik yamkn ou fin mkhali (The bourne),,
reel_comment,Chi site dyal aflam,,
reel_comment,Khassk tfarj f polar mazal khassk tzid tfarj f l aflam ba9i amateur,,
reel_comment,chokran bzzaf nta rajl,,
reel_comment,hdar 3la hd lbant,,
reel_comment,Khoya rah wlaw gha chafra bghawha barda mkaybghiwch ykhadmo bdra3hom layshal 3lik akhoya,,
reel_comment,Mlak m3a dik lhya,,
reel_comment,Lhadaf man hadchi hir bach bnadam it3arba 7it chaf Kolchi taybghi lkora gal m3a raso Kolchi ghaybghi il3ab m3a sa7aba,,
reel_comment,T9dar der vedous howa kayhdar onta riyakti rir bwjhk hit sawtk moz3ij 3la sawto brojola,,
reel_comment,Wlah akhue wael kat3ejbnii fhado mhachmin bina fhad tanger,,
reel_comment,Wahd lhaja machi mefhouma 3lach w9a3 hadchi f 3 delmodon o bnefs mandar o flila wehda hadchi kayrowen hit hadchi li kano baghyin yweslolo bach ybiyeno beli kan 3andom l7a9 kat7es beli tema chi haja machi hia hadik,,
reel_comment,Kat7am9iii,,
reel_comment,Hhhh 3ndi 20 smiti jmi3a,,
reel_comment,"100 kg f sqwat, drari o tayjihom had l poids S3ib.... Sara7a mata9tch fik",,
reel_comment,3afak wach ta9der tsalafni mertek ?,,
reel_comment,Nadi akhoya lah yshl 3lik,,
reel_comment,Yetsweeel f omeek ee weeld l9hba,,
reel_comment,3afak wach ta9der tsalafni mertek ?,,
reel_comment,"Naaaaari ta nti nti katchethi maymkench hhhhhhh تونا روز",,
reel_comment,Malkom.3la.had.sam.ou.lahsad,,
reel_comment,3a dobis ya3dik lakh bar,,
reel_comment,Hada howa li kaymchiw teranat fabor makla fabor hakimi ballon d'or w Hatim 3mor tl3 kwayri adrari,,
reel_comment,W nhar lmodahara dar raso machi influencer hhhh w tfa cnx simana ela mahbsat d3wa w bda galk moraha 3awd awdi,,
reel_comment,Gol ghi allah wsselena ala khir .,,
reel_comment,Mghribiyat zwinin wakh tgol liglti llah I khlihom lina,,
reel_comment,Htarm Adan dak haywan,,
reel_comment,Y3awdo f tarodage malo 3la had l7ala,,
reel_comment,Malk al9lawi khayfe dawi gha mane da4kome ta khe4aj b7alle 4ejalle ama neta gha ne3iwa,,
reel_comment,Imta la3bin m3a sa3adiya,,
reel_comment,Nta li kat3raf lbhal had no3,,
reel_comment,3tih yhwik hgada tjih lkharja zwina,,
reel_comment,Fin akhouya had lablasa,,
reel_comment,Hadchi ma3ndnach sara7a,,
reel_comment,Sir tkhra nta ha lhas lkapa machi rajal,,
reel_comment,"Afkaaar lhreebaa khoya re3jnaa chwi anime",,
reel_comment,"katsra3 had videowat akhay kadahkna nadi",,
reel_comment,Rihana deyal jumia hhhh wlh lwjah li 7achmi 3lih myksabohch,,
reel_comment,Rajl Dima kib9a rajl wkha itho Lik kamlin layshl 3lkikom yarb w iwf9kom,,
reel_comment,Youssef Dousti A3AZ khoya wald bladi l3ziz marhba khoya andi fi agadir rak wald bladi l3ziz,,
reel_comment,La3wiziya wchta,,
reel_comment,Hhhh allh yetik sha awda ljalo9,,
reel_comment,"Ab3mrann a9wasss ou9r flak tiznit taltaa tabdaaa",,
reel_comment,Sir t7awa madayrlkch follow wdima tal3 3andi dzab,,
reel_comment,had derii rojola lah ysahel 3lik akhuya,,
reel_comment,Hadi septembre fight machi août fight hhhh wa outfit a bro,,
reel_comment,Hhhhh l9a9 ax kadir tama,,
reel_comment,Lbas 7wayjak,,
reel_comment,"Zakaria Chioua 7alak db",,
reel_comment,Lhama9 safi,,
reel_comment,3alah ayg lpissri,,
reel_comment,Min tagal3ih maysalkak ghi l m9as hhh,,
reel_comment,Bayna fih maskhot bah,,
reel_comment,Gue yang 5 liter sehari dan udah dilakuin selama 3tahun. Buang air cuma 3kali sehari. Pertanyaan nya kemana keluarnya? Lewat kringet. Jadi tergantung aktivitas.,,
reel_comment,Sba33,,
reel_comment,Admin dzzb mlk ela had disk,,
reel_comment,"Page dyal lmatab.",,
reel_comment,Ba9i sril o hawa 3ando daliyad,,
reel_comment,Ragoba akhai as3ad hhhh,,
reel_comment,Cv cv owa khlsi nti,,
reel_comment,Ghir bayda9 karo bdik nokta kon 3a skt w3ta 9ima raso,,
reel_comment,Tla3touna f karna arba3a d me9toulin,,
reel_comment,Wiiiii Daz 3andi l album dyalo f 1998,,
reel_comment,Wach blan hada,,
reel_comment,Hakda dar cristiano fach 9aliw fwahed interview ma3mri l3ab d Saudi Arabia flkher mcha liha,,
reel_comment,3ziz 3lina jalo9,,
reel_comment,Fhadiii khalitha BghiT dir fiha z3ma mnęrf wchta,,
reel_comment,"Walid Khalid hhhh 5asna nx9awe 3la xi we7da",,
reel_comment,lbarça o benfica bssa7 x f 1 hhhhhhhh kon gha le3bo biha,,
reel_comment,Batnod m9awed,,
reel_comment,Eu li que era o Edmundo. Que o filho de Edmundo confirmou.,,
reel_comment,Saha drari 7sn mn lglos fdrb o lbalya dahk nachat ol3ibada,,
reel_comment,Khsk achrif bli lhsnya mchi ghir dyal Agadir owalidin dyl had tifla tlqhom ga3 mkyntamiw alagadir,,
reel_comment,3layn andaark ika 3azrayn kra was radiik ifdo mardoukh na,,
reel_comment,Ktarti 3la krak,,
reel_comment,Hhhh za3ma nta 3alam,,
reel_comment,"Hhh Ghadi tsta alqlawi dawi m3a l7ayt",,
reel_comment,Sir t9awd,,
reel_comment,B9a tma,,
reel_comment,Jo3 wno3 bghrit nkhod motor nqass liya 50 dh,,
reel_comment,Nta 3andak chi 9alwa tmak,,
reel_comment,Had l9lawi kaychwah bwlad khimesset,,
reel_comment,Wh9rab ila lhrba,,
reel_comment,Wasir t9wad kmisat wala zbi,,
reel_comment,Elle est comme ma petite fille de 1 ans et 3 mois,,
reel_comment,Ch7al mam9boulch had khona Walah,,
reel_comment,Hadi mt 07 ou zr9a mt 09,,
reel_comment,4ir kykdb xof ftal dyal fidya ntom tfhom blan,,
reel_comment,@super fans tagi dak sahbk li bhal haka,,
reel_comment,Reduced playback speed to 0.5secs... and voila,,
reel_comment,Hh9ejyhfjf,,
reel_comment,Rir sam3 akhoya tanta,,
reel_comment,Ax kat3rf ya w9 snti7a zaml bok 3la walo,,
reel_comment,Ana rbit waldih khlito ybda ytlb wyzawg hhhhh,,
reel_comment,3la nasiha,,
reel_comment,Rah fiha bo3nazz a sahbi hhhhhhhh,,
reel_comment,Waldna dima mcharafna allah ikhalilih wlidato dar m3aya mazal howa odrari kamlin likano khadamin tama allah isahal 3lihoum ni3ma rijal,,
reel_comment,Bghiti dir fiha bhal lbrazilyin,,
reel_comment,Likhas ktr mn bzaaaf riyada fswira mafihach lmost9bal khas chi hl rah tm7na ou t7tmna olah,,
reel_comment,Zwin orak khdam 3ajbna hhh hada klamk ola la,,
reel_comment,Afdal sani3 mohtawa bi nisba liya,,
reel_comment,Khouya rak kat3awd tlo7 videowat,,
reel_comment,Khouya makal9awch page dyalk letterboxd,,
reel_comment,Drbo Liya 3la t9axr dyal a3yalat labs lmo t9axrha hhh,,
reel_comment,D3moh mskin mkyn 3a rrrrrrrr,,
reel_comment,Asmit hadkhouna li taychri had lmatar ou 3oud dir hir bhal had lvidyouwat zwinin oumatay khaliwkch tmal,,
reel_comment,abonne m3ak adrari,,
reel_comment,3la slamtk bgina lik gir l5ir,,
reel_comment,Hhh 7watkom jawhara,,
reel_comment,Ta n9oss shpi mne lkdope Martina shpi,,
reel_comment,Ana li hass bi hadak li rakb lawr msskin fach gadi ychd bih tri9 twila hhhh,,
reel_comment,Rbi ch7al tman dyl had moto,,
reel_comment,Jil moura jil nb9aw les origines,,
reel_comment,Génération cheb3ana inspiration,,
reel_comment,Ina motor hada,,
reel_comment,"Omar Amensague 39alti 3la match mas ou chouha li w93at fuh",,
reel_comment,La hna yamat ula ma3ndkeesh lcart o ticket maghdkhlesh l tiraan,,
reel_comment,Ay3awnrbi awdi alm3lm baghad,,
reel_comment,Bayna 3lik chafar a khouya o smah liya,,
reel_comment,Lah ighalbkom 3lihoum yarbi,,
reel_comment,Bon courage la3ziz mais,,
reel_comment,Chef bghina dur vidéo Kifach nsawbo sous tomat pro,,
reel_comment,Thlaw assahbi 4tamaka han aritban 3layn aymt,,
reel_comment,Wach kheditii be3da l2deen mlii sewartiihoom,,
reel_comment,Ach khask al3cha sansoul amoulay hh,,
reel_comment,A9al taman ftanga bla hadra bzf hama9tona bhad a9al taman kolxi kigol a9al taman ohoma kamlin nefs taman hhh,,
reel_comment,Ollah ila 3ndi,,
reel_comment,Le Burkina dans 5ans risque de surprendre tout le monde plein de ressources je suis fiers,,
reel_comment,Mafik matched Dipanage asat m3deb m3ak omma,,
reel_comment,souira machi dyal tsayad fiha blfusi hitache lbher mkhawad bbzzff ou btejrib,,
reel_comment,Yahya wach dyalkk had ssffha,,
reel_comment,L3z lighiws ota7iyti lmsimir,,
reel_comment,Orak ichb3a modritch agourn,,
reel_comment,Maxu 4ir Ain dyab Hta wad marzag yalah mxa liya Hta ana,,
reel_comment,Hta ana mcha lai motore mn tema,,
reel_comment,Tabkah 3la si Fouad jiti 3ndna ltata,,
reel_comment,Franchement une série formidable hier j'ai regardé de 23 jusqu'à 5h matin j'ai trop kiffé,,
reel_comment,walakin fin kayn had l bal fih maydar hhhhh,,
reel_comment,Hhhh kolchi 3la chtiha,,
reel_comment,Mabrooook 3lik tsahl wlah,,
reel_comment,Af9ir na tiznit ahila isn nfsl idarn atn irigli ih faghn,,
reel_comment,Hdxi xrtih ml 3nd zoldyk,,
reel_comment,"Wllah bsa7 jit mn Rabat,3at9ouni chi rjal ta7iya lihoum mn hna",,
reel_comment,Bach kat3raf cours rah kain,,
reel_comment,Wallah o tkoun une bonne structure htta n3awnook avec l'art et la manière,,
reel_comment,Lah ighaleb lkher 3la char,,
reel_comment,Kif dayra 3amti labass 3liha wla ri kat9olbo 3la nasse,,
reel_comment,Ma3ndkom mayadar,,
reel_comment,Sava 3amti,,
reel_comment,odak sa7b 3amayn ohowa kaytsnak tkhraj,,
reel_comment,Mbrik 3lik khoya,,
reel_comment,53 jbha man jib bl7sab 3alam 3liha,,
reel_comment,Dariri ta3a tarka lay3aarh dar,,
reel_comment,Wee copenhagen goli Rah kyn endi whd khalit solala 7or tachri,,
reel_comment,Haaaallaw yasa3odi inta rabiy tat3rifo lmarariba jayidan,,
reel_comment,"lhjaouj vlogs khouya soufiane had rav4 dialk achmen model??",,
reel_comment,M9éwdin 3la 7'toun,,
reel_comment,"Cha9oor ma9awad",,
reel_comment,Kol hal 3ndo mochkil,,
reel_comment,Khoya baykar tbarklah 3lik,,
reel_comment,"الحاج بغاض dark yadli m3a lhsab",,
reel_comment,Mr7ba gheda nji 3ndk ndiro chi difi,,
reel_comment,Ana nthadak,,
reel_comment,"Largo nadi kanadi tbarkaklah 3lih m3alam lah isahal 3lih maskin, lah isahal 3likom jami3an inchallah",,
reel_comment,Khouya 3sabtini bdak sat sat sat asat sat pfffff tkhna9t,,
reel_comment,Ewa 3almi l8hom machi lina bach ydkhlo lfloosa,,
reel_comment,Lhwla.wla 9owta ila billh wlh b9at fiya mrato,,
reel_comment,"Oumaima Mouhdane sujet li 3chto cher",,
reel_comment,Wa ns 39l 9smoh bjoj,,
reel_comment,Lui l'ha cantato col cuore. Ma qui vorrei parlare di questo meraviglioso brano dei Pooh che ci hanno lasciato capolavori musicali patrimonio della musica italiana,,
reel_comment,Sbeee3,,
reel_comment,Hhhhhhhh 3alam,,
reel_comment,Ana ghbert chweya l9itek 7iyedti mask,,
reel_comment,mawadi3 mo9alwana,,
reel_comment,3lax mamchitich m3a anwar,,
reel_comment,Rojola a lkhwdri lah isahal 3lik ya rabi,,
reel_comment,Achawa dert lik ana hahahahahahhaaah khritoni bde7k llah imskhkoom,,
reel_comment,Copie coller dyal bra للاسف,,
reel_comment,The last time vini and rodrygo scored a goal Leo Messi had 46 trophies today he has 48,,
reel_comment,Not being able to find something I just had sends me into pure panic mode. Worst part? It was probably a singular dryer sheet that I have hundreds of.,,
reel_comment,Tl3at nadiya,,
reel_comment,Nta mafarj fa walking dead bayna,,
reel_comment,1408 dyal John kozak,,
reel_comment,Achmen khla3a wla zabi,,
reel_comment,"Lghazi Mehdi nta hada",,
reel_comment,Wach hada lbi3,,
reel_comment,Waa btneda artchtat sl9aysa awwww,,
reel_comment,Had lakhra krahto,,
reel_comment,Daak 9lawiii ghaa msdoom,,
reel_comment,Li pat bloke deja,,
reel_comment,Hala Madrid akha ba3la,,
reel_comment,Ma3rft 3lach lmchmam makay3rfch ihdr iwa nta katl3o,,
reel_comment,Halla madrid aba3la,,
reel_comment,3laaa slamaa akhouyaa,,
reel_comment,3la slama khoya simo,,
reel_comment,3Laa SLamTak KhOuYa Laah IJ3Lha MaGhFiiraT DonoB,,
reel_comment,Oui homa rah f 7a9i9a hakak bla videowat,,
reel_comment,t9awdt eliiik a picho bditi kadir pub,,
reel_comment,Ana tani wahd knchof rels,,
reel_comment,Ana awl wahd knchof rels,,
reel_comment,W9 7aaaamdin,,
reel_comment,Cameraman had 1 job,,
reel_comment,A77 3lik aghizlan,,
reel_comment,Awdi ha 3lach l9raya zinaa,,
reel_comment,"Chakour dik l3ayba ra charjit z3ma",,
reel_comment,Hhhh lma3joun,,
reel_comment,"Razzy Izi nhar sbt m3a 7 shabo atkon zahya",,
reel_comment,Zwiin fchkel ly3mrhaa daar,,
reel_comment,"Hhhh kol lfl9a ana brasi fhmt 4lat",,
reel_comment,Sir 3aya9to wahad rabi ghdab 3lih ntoma 3atiyin lih 9ima hadro 3la chihaja fih manfa3a,,
reel_comment,Ya retournement de vandam même est dedans c7 fort,,
reel_comment,Hadak rah dhaz kamal makmoul hhhh machi kadou atajalo9t,,
reel_comment,Some of us had this figured out from the get go.,,
reel_comment,Chef d restaurant...machi howa chef d cuisine....ok. o 3adi chef d cuisine ykhroj yahdar m3a les clients. Fhamti al fahim,,
reel_comment,Nta nadi wdak xi likadiir 3la hsab douk naana zwin walakin hadou ri bghiti dir 3lihm had lvid ri 5awartiha ma3tawkx,,
reel_comment,Dak lbido 3lach rmitihom fchari3 ya3ni nta mamrabich,,
reel_comment,finahoma wdnik a b3alla hhhhhhhhhhhhhhhhhhh,,
reel_comment,Dak la9ta ma darhax f dak lbit kant f bit akhor video m9ad,,
reel_comment,Tbark lah 3likom,,
reel_comment,Jadi kan enak gasih arahan biar bisa nahan emosi nya,,
reel_comment,"Aku pernah kerja Di FnB,jadi kasir tau kan hekticknya jdi kasir...q sering tu berantem ma customer,cuma kan jaman 2017/18an sosmed belum segacor skrg… En voir plus",,
reel_comment,Kch kch jm3 9lawik azbi 7wakom kamlin a7san rapour,,
reel_comment,sabiri ila baghi treacti khdm bohdk ilaknto 2 DNAs tayktr fikom sda3 fhmni asahbi,,
reel_comment,"On t'aime beaucoup ma star,mais fais attention avec notre poupée",,
reel_comment,"Yasser Vox sir f7alatk hhhhhh",,
reel_comment,Raja mktasnch likber biha 3erf ach ktgol abhejawit zabe,,
reel_comment,"I now offer videograms on my Storefront! Request a custom video for yourself, friends or family. https://www.facebook.com/RMMTV30/storefront/videograms...",,
reel_comment,Broker ki rbhti ki khserti kidi comission dyalo r maa3roufa hadi mwer9a,,
reel_comment,Mhadrtich lina akhay 3la amin rivar o zaiyd,,
reel_comment,Had lmossi9aa hiya li gydat jdddui,,
reel_comment,Wach kidirou 15 vidéos f nhar Oula kifach ? Ra fo9mach kan7el facebook katla3li vidéo jdida,,
reel_comment,Hdro 3la drari li dkhlo odaro ilfr9 ojabo rbh,,
reel_comment,Il est roi de quel royaume ? Si vous parlez du football je vais te dire l'unique Roi s'appelle Messi et il a Cr7 comme sa main!,,
reel_comment,Ma la coerenza ?,,
reel_comment,"Il problema sta in dirigenza c'era una volta Moggi Giraudo Bettega ,poi Marotta Paratici Nedved ,poi e' venuto il Giuntolo e non so chi con lui ,poi ora un francese che non parla italiano ma capisce di oroscopi e algoritmi se solo ci stesse Allegri a … En voir plus",,
reel_comment,Torna a fare il vocalist per cartonati va. Savona é un lampione i 2 brasiliani ormai erano a fine corsa per husien che comunque tra bonus e percentuale sulla vendita la Juve ha incassato 25 milioni circa magari poteva essere venduto meglio ma cosa sta … En voir plus,,
reel_comment,Ma perché non parli pure quando nei gli ultimi anni di allegri,,
reel_comment,Rabiot è andato al.marsiglia l'ultimo giorno di mercato perché non ha trovato Chi gli dava 10 milioni l'anno.....i giovani venduti per carità c'era qualcuno che valeva di più ma il problema della Juve era di monetizzare e nemmeno senza perdere troppo t… En voir plus,,
reel_comment,"Lugsongon man pud ni amoa dri, adlaw2 ko bathe, magic motor, pero di man Eng ana.",,
reel_comment,aflad dlkhra hado chno had lmostawa,,
reel_comment,Hhh fin hna lbad 3dna,,
reel_comment,Wah kia bt h mry allah ny jannat ma kia kia raka hoga allah ham sb ko naseeeb kry,,
reel_comment,M3a balamo hasanat rahom yatlamo,,
reel_comment,fin had lblasa,,
reel_comment,Ktret l3ya9a li bdit kanchof,,
reel_comment,O9sim blah ila gha tkhrbi9 o lfitna o safi khouya syid mkyfhmch chlha mghdich itfrd 3lih ifhmha bzez o kaynin nass cheloh f casa o fmghrib kamlo aamrhum chi wahd 3amlhum b 3onsorya o haja khora dri mghribi machi khaso ikon kaydwi gha b chlha o français… En voir plus,,
reel_comment,Hhhhhh t9der be3da heta thder me3a shab txiat,,
reel_comment,khoya rani 3yit ma ngolik dwi lina 3la extraction,,
reel_comment,Yak almerdi,,
reel_comment,Nfs 3a9liya 3ndi wa3ndk akhoYa,,
reel_comment,L9itiha wajda ahnini,,
reel_comment,A5i dwi m3aya f 5as,,
reel_comment,Fin kan a5oya b4ayt anji anakol 3andkom,,
reel_comment,Wawark a3li machina fiha yawldik,,
reel_comment,Mabin l3yen uabejder yak akhi,,
reel_comment,"When the van driver forgot the script and realized it had to slow down.""",,
reel_comment,Tbarklah 3lik akhti,,
reel_comment,Wakha malabs baina,,
reel_comment,"Nunca percebi os portugueses não terem orgulho no CR7. Só o facto de dar a conhecer o meu país, para mim é o maior.",,
reel_comment,Ntoma rah salina m3akom hhhhh mnimta,,
reel_comment,"2vs50 m9owdiiin 3likom",,
reel_comment,Namra 3afak,,
reel_comment,Wana it3omn lou9tad akouray atikhsan yarbi salama awdi,,
reel_comment,hada kay4sl 3lina ljanaba dyalo wald l3abd otab3ino flhma9 dyalo,,
reel_comment,Nari maymknch mdhkch lah ychafik db kyhsblih mskin kydir chi hja li m3mr chi hd 9dr ydirha dkchi elax ky3tbr raso btal hhh,,
reel_comment,3omro fchal bax ydahkni had batal dyal dnya o aham haja 3ando Hiya nadafa hhh,,
reel_comment,Fin had l blassa,,
reel_comment,Antoma Aslan ktkhdmo ghir am3a driat f indrive tolito kt3mlo b7lhom dirin na9aba ghir bintkom z3ma antoma rah b39lkom mi frchkom had khona,,
reel_comment,Rah man3om 3adad b7al had no3 msakan akhoya lah yastatna w yastar bniyatna ya rabi w matab9ach ti9 a khoya bazaf rah lwa9t khyabat lah ysahal 3lik,,
reel_comment,ali dri dik,,
reel_comment,Amal koulchi 3la druj lagzare,,
reel_comment,"I love the fact that people in the comments are so offended she had received a mild sedation for the procedure..",,
reel_comment,Ambot lang.nimo day ma sandwich jd ka nila day,,
reel_comment,Lah ifrajha 3lih akhoya simo,,
reel_comment,Lah itle9 sraho khouya simo,,
reel_comment,Mantaaaap ya seharus nya begitu turun ke lapangan jgn nerima laporan aja ini baru krja yg bagus.lanjut kan pak TNI,,
reel_comment,Salm lina 3la MeHdi,,
reel_comment,Salm 3chir 39lti 3liya traksyon silon,,
reel_comment,Nta mazal mtbanalik kot,,
reel_comment,Naaaah...... Kan kena tangkap,,
reel_comment,Kan khasik dirha meiaya jalok olah tji maeah,,
reel_comment,Gal 9bl 100 alf ans /yamat/ kant …),,
reel_comment,Ta fin 3mro kan chi jmhor dchyra lmkhiyer fihom kan m3ana,,
reel_comment,ha 7nnnnna nchoFo,,
reel_comment,Rah baha achrifa wkha dru Li drti,,
reel_comment,Khouya sawb nmra mzyn hit ra m9loba ymkn,,
reel_comment,Achraf tbarklah 3lik ya batal meknes,,
reel_comment,Kola tl3a kihdro blogha,,
reel_comment,"Yarbi tmoto f tomobil (9hrni l7sad)",,
reel_comment,Kohya whd lvidioat dilk htal zok lilal kolchi neass hhh ntf9as an db,,
reel_comment,Wkisf9o nari hhhhh,,
reel_comment,"Jamal BA kayn chi wahd kidir oplet nadi hna",,
reel_comment,Rjal.li.ray.3tamd.3lihom.lmarrib.mo.stakba.lan.hhh.la.hola,,
reel_comment,A z900 does 150 mph . About 241 km /h . So you were coming close but not enough to pass him . You need a 190-200 mph bike to mess around with that car,,
reel_comment,Izd lkhmis n aut 3mira ayna ahtguawrm,,
reel_comment,Zwin lah i3tik sha.,,
reel_comment,Nta lhs lgaba,,
reel_comment,Enamorado se transformó en Falcao con ese primer gol,,
reel_comment,hhhhh t5yl tdrb rask bsbab 7toun hhhhhhhhhhh,,
reel_comment,Koun gheer 3tazel,,
reel_comment,Malk 9asm lvideo wrina chlo7 herbanin,,
reel_comment,Kl0 4da y9 m4u ksih prtny44an bu4t sila,,
reel_comment,Request aj nti d jwab lew4t vidi0,,
reel_comment,"Kheya aboor nta myasar emardi walidik ekadkhel l9alb wakha makan3rfkch ma9bol wld lahlal bayn lah izidak khir 3la khir tastahal rabi m3ak, didikas man lamdina la9dima",,
reel_comment,Marhba bik 3andna f tanja a baa abour,,
reel_comment,5ouya mahdi dik nsaba mknhmlhach hchoma 3liha pitcho mabrax ijm3 karo,,
reel_comment,Bsaha ou Raha m3a lkhawa dima skhawa,,
reel_comment,Khaskom tjiw l3andi l riyahin taklo lkhbiza dyal lgalgola dyal bsah o tchof l idman dyal bsah,,
reel_comment,"KhadeJa SF ti hada emta kykon ??",,
reel_comment,"Hamada Bn lah ybark Wld 7midti",,
reel_comment,"Ana waik ila mchina labhr Houssine Diwan",,
reel_comment,Khoya 9alab 3la khadma lah i7fdak ta tnaf5tu man wjhak,,
reel_comment,dir vid 3la niyti,,
reel_comment,Ada kan Audisi khusus Seter.. Indonesia lemah di Seter,,
reel_comment,Ada kan Audisi khusus Seter.. Indonesia lemah di Seter,,
reel_comment,"Ana waik ila mchina labhr Houssine Diwan",,
reel_comment,Kayna fir9a likhsar ikhales,,
reel_comment,Marhba tlaa3bo dadna,,
reel_comment,"I met Doug after a gig at the Tron in Edinburgh about 2004, we’d had a few and I asked him if he had watched any other thing at the festival and he said ‘no, cos I’m just doing this shit and peel myself off the bed to come here to do my thing’",,
reel_comment,Awdi khasak chi haja nta kain,,
reel_comment,Lahoma barik klito 3andkom Dakchi bnin tbarkelah,,
reel_comment,yan rab3a lbgri sstmanar,,
reel_comment,La maxi hamd mis ana baghi n3rf hadok lax jaw kijriw l9dam lkamira,,
reel_comment,Hhh lafan awda hadak zba9 alhba9 awda batnod hh,,
reel_comment,Hhhh awdi layhdikom hanawa ly3mr hadar anga,,
reel_comment,Nta khssk chi hwya rbaniaa,,
reel_comment,L3az rap,,
reel_comment,"Hhh kaynin adbooo3,a",,
reel_comment,"I've said it before, I'll say it again... if I could've had Della Reese call me ""honey"" or ""child"" and hug me one time my life would have been different. There's just something magical about that woman. Just all heart.",,
reel_comment,Bla hsad dari 3ndo migoal liskhar,,
reel_comment,3amin ghir hadra,,
reel_comment,Kon darto ghir lhal9a dabro mzn,,
reel_comment,Chamkara kamlin siro khadmo 3la rassekom khrajto 3la chabab,,
reel_comment,"Kantferej fik depuis longtemps odima kanfer7lik et je suis fiere de toi courage",,
reel_comment,B9a fiya ghir dak saloun Sarah mol l3id milad aydawaz akfas sa3a fhyato m3a molat saloun,,
reel_comment,B9at fiya mamah mskina kifch atb9a liha Dar ms bsahtkom hhhhhh,,
reel_comment,"ahsen 2 dnas mcharfen souira, machi keba9i lhrgawa",,
reel_comment,O wagaf f túnel cat sawar 3adi fhala mchi trik cat di o tjib !?!? B rojola hadi bssala b tbarhiche ... M3arad rasak lkhatar o m3arad nass li saykine l khatar !?!?! Ache had lkalakh !!!!!!,,
reel_comment,b9it kntfrj fhad lvidyo ana sayg wna njib rbha thrdt hhh,,
reel_comment,Ahsan modil f s1000rr bnsba liya wax ba9a katkhrj jdida,,
reel_comment,Tabrk lah 3lik khoya med twa7xna dok vidyowat dyal dak mirikani li kaykhod lmatr mn sizi hhh,,
reel_comment,Chi motor bhala hada hayat sa3ida,,
reel_comment,Mt07 = l7yat sa3ida,,
reel_comment,Wach ntoma dima hkak hchamtona m3a jiran hhhh,,
reel_comment,Khoya baykar dwi 3la c50 lahafdk,,
reel_comment,Kolxi 3la lhaz9a,,
reel_comment,"Dissi rojola wlh o drayf ana konte khedam fi fi wahd restaurant o ja daryf o wald nase wlh o t3amal m3aya wakha ma braytch walo Half wlh hta tkhod o kabare biya wlh o 3jabni hale ana daba fi paris khedam hmd lilah mohime lah ishal 3la ayi wahad",,
reel_comment,"Tbarklah 3likum, chabiba 7araa w reportage de qualité",,
reel_comment,Mamtafa9ch m3ak fi no9ta dyal a7ssan achrar fi dragon ball bi nissba liya kan 3lik t7aat black guko fi blast kid bu prk black 3ando falssafa anaho baghi y9dii 3la lbachariiya machi b7al bu ma3andooch wa3y gha howa baghi ydamar ayi 7aja chafha,,
reel_comment,Mhm hadi … En voir plus,,
reel_comment,WTF 3la hook,,
reel_comment,Dar l pub l domaine gha mn had video hhhh,,
reel_comment,"Amal Ng nti hhhhh welah",,
reel_comment,Walkn tirant ba9i bhal lgs3a hwa hwa,,
reel_comment,La présentation ta3 fermin lopéz m3a lbarsa,,
